{"type":"FeatureCollection","features":[{"type":"Feature","properties":{"OBJECTID":1,"STATE":"DADRA & NAGAR HAVELI & DAMAN & DIU","Shape_Leng":321582.368237,"Shape_Area":579773068.388},"geometry":{"type":"MultiPolygon","coordinates":[[[[72.96296665956932,20.332475764290322],[72.98256017225614,20.320359750480524],[72.97083809191508,20.29685937304364],[72.9527718284187,20.31401363262139],[72.96296665956932,20.332475764290322]]],[[[73.09698615121518,20.359934798088396],[73.11125489564972,20.337772789019336],[73.10280663653641,20.301776493134508],[73.15078107373257,20.318339355440386],[73.16573037175024,20.310431765460766],[73.16630416542282,20.287874188083077],[73.1458476413512,20.28858106982555],[73.09774470716108,20.229297558543678],[73.06364650360258,20.227758802067253],[73.04880485323949,20.200859165320527],[73.06023621747984,20.16189431430628],[73.0735800393101,20.155621157292593],[73.07928216793886,20.173239099195033],[73.11565911668511,20.152173150667146],[73.14187075696448,20.17736352509003],[73.13753463601003,20.20758531826518],[73.21772181670417,20.185927399509684],[73.1853826043063,20.155836699242897],[73.18699106101992,20.12944952330022],[73.21389880571846,20.118991547278558],[73.20952362916037,20.084999534171686],[73.18852901253595,20.07810315484988],[73.19092213539386,20.049592527130134],[73.16512732873416,20.055241709319333],[73.13638508566457,20.08636710080325],[73.11198308521166,20.071174838128563],[73.10226259021304,20.091236962168356],[73.06369288800677,20.099586652864698],[73.05062324136628,20.063743640171673],[73.04020389126485,20.066433151236545],[73.0007380205226,20.112303459228315],[73.0132045254065,20.129560045245793],[72.99922155660495,20.14256610155294],[72.9918182689915,20.11769696241634],[72.97049909403873,20.11560890020372],[72.96595355901614,20.22487474332152],[72.91171493190154,20.27026068608263],[72.93570022963817,20.294623327393236],[72.97119254745706,20.269060524847347],[72.98117242489663,20.28926521554984],[73.01004604439328,20.291208895015938],[73.00615238396465,20.312797059298347],[73.01532095971281,20.294015670506415],[73.03429242012467,20.291630363241804],[73.04174094765958,20.325988146212904],[73.07717279089788,20.32348055045998],[73.09698615121518,20.359934798088396]],[[72.98986585554793,20.213328545655276],[73.00831689514871,20.228959595987806],[72.98951201680454,20.238799610168453],[72.97461686811069,20.225725231562365],[72.98986585554793,20.213328545655276]]],[[[72.8462685542316,20.47802997836435],[72.88654674070291,20.462333963682852],[72.89532239809905,20.444307912187096],[72.87484325924929,20.44557485842414],[72.85725456563961,20.418923975860643],[72.90404537369345,20.414977031853542],[72.88275834859274,20.39784983289743],[72.89615265049633,20.379068890361495],[72.80460292475549,20.37227195037626],[72.8462685542316,20.47802997836435]]],[[[70.92536261132797,20.737990343834863],[70.98100716098205,20.72268634458879],[70.99948596735847,20.742228687292968],[71.00738100693107,20.737522569436482],[70.9769567613232,20.70280361557394],[70.87092710975682,20.70761770889606],[70.88047504136222,20.730103751790576],[70.92536261132797,20.737990343834863]]],[[[71.15526196193953,20.76105209222606],[71.1499137785433,20.759425602062507],[71.15132050947749,20.76387504348898],[71.15526196193953,20.76105209222606]]],[[[71.14591883317412,20.760661884205167],[71.14976050592294,20.771436751260058],[71.14807546110094,20.758250353051473],[71.14591883317412,20.760661884205167]]]]}},{"type":"Feature","properties":{"OBJECTID":6,"STATE":"JAMMU AND KASHMIR","Shape_Leng":1460758.49611,"Shape_Area":54110904818.2},"geometry":{"type":"Polygon","coordinates":[[[74.5397973230899,35.074976735464226],[74.53073034801297,35.046176246920446],[74.58509349447884,35.01812156873584],[74.5705320847953,34.97563068140366],[74.5770112387755,34.91391907350994],[74.60422865623299,34.92479921239704],[74.66252747416145,34.90677110458488],[74.68415196480296,34.87880110198795],[74.71145207096826,34.880917715506364],[74.7501702154443,34.8449853692726],[74.79846098651376,34.85206808452152],[74.8721534266751,34.830187123997284],[74.91859934973907,34.78511064724025],[75.01634377351188,34.84825117413229],[75.06403469021507,34.84711096830378],[75.064117815232,34.90523744533278],[75.07164427708706,34.91920407269665],[75.1013017753924,34.91909822296337],[75.14197032591,34.87495099907701],[75.14423432810638,34.85028375994292],[75.22324459427988,34.81752367748506],[75.25625087559845,34.773886583521914],[75.25826644643715,34.697574238239675],[75.23206782608968,34.69081581172369],[75.20602526409675,34.64378461622502],[75.24150361470849,34.63777912657493],[75.2533673064317,34.60412523313463],[75.34416398086043,34.56303035090669],[75.36556772093836,34.53809961908448],[75.34291664724445,34.48943500295344],[75.35323747670515,34.468793716125376],[75.3275390878774,34.43976842593775],[75.37233551779377,34.412598004879555],[75.36697494636434,34.39103007824639],[75.38570816721743,34.36613997405112],[75.37601596945099,34.34195375637425],[75.4034977640245,34.28468778210552],[75.47485482571409,34.27759131475777],[75.49535850036156,34.23239955961935],[75.57993399883651,34.21397105992346],[75.59336339959849,34.19769410957058],[75.64811946379973,34.21200251984473],[75.68528726327908,34.1995579520504],[75.66794800183365,34.1442893876229],[75.71880323153684,34.10325084299915],[75.73703272376153,34.058907691599806],[75.76852379525191,34.054918834940395],[75.818265226425,34.00750870147217],[75.84306145090252,34.00477681995718],[75.81962521152647,33.9722086559157],[75.83823880595403,33.95495549500748],[75.89319509210704,33.969090933247266],[75.96654156788901,33.9545160423463],[75.97819849578453,33.97219044353951],[76.02435759037726,33.98212479495509],[76.04947451069377,33.93385618498501],[76.03256822160304,33.91965904131383],[76.12296411559286,33.88904955003602],[76.15997839054843,33.83692114442938],[76.1613785829007,33.80185008646471],[76.18473622676561,33.800154875267964],[76.21257956321737,33.76117696838634],[76.26547113068514,33.746378728942155],[76.26621319401096,33.67953212487483],[76.28465059391469,33.66184434382009],[76.22937182131068,33.62982521821488],[76.2403371608415,33.60484586705497],[76.20544221254984,33.569202175163525],[76.22502977235102,33.547594530528904],[76.30978030293124,33.571462240580395],[76.30651391827506,33.60955725668708],[76.35865113016469,33.60368742543212],[76.37992214583822,33.55292401984575],[76.41520304975563,33.53908234855954],[76.44879416792784,33.56368484843551],[76.45916309383284,33.53389383191736],[76.5020548462328,33.51597542706343],[76.54963716664132,33.46405323246895],[76.56948830462366,33.46617338212665],[76.58184676320421,33.425785852439006],[76.62896476010292,33.434894999386565],[76.6592909166339,33.35669694700061],[76.69595814865055,33.327955261593466],[76.71774625112249,33.328973192291],[76.73705094003842,33.26109562107343],[76.77941341407362,33.238115087564466],[76.74682014394784,33.178414477220535],[76.6444355498248,33.161869161282546],[76.61257356762535,33.173379815804395],[76.59589107041019,33.205908777294574],[76.5616471688338,33.20953890561025],[76.48064432768368,33.178874814028944],[76.4038967937421,33.185787332695725],[76.28594596388878,33.10238771643392],[76.29040544261188,33.05984561122248],[76.27291364322683,33.0370519776441],[76.24277153150578,33.02081977917317],[76.10720382629665,33.006055808278475],[76.0830157991522,32.95524612909628],[75.95010915701656,32.87283276972594],[75.91886057851993,32.90576421382877],[75.83708957687085,32.927772316972984],[75.79625281264866,32.88425588374585],[75.87908632592088,32.81121082290335],[75.88582031414248,32.78224759203789],[75.9217474996808,32.7471733973642],[75.88583346693407,32.65217604121667],[75.93322954169722,32.647105576038705],[75.93070716008447,32.631388381038015],[75.87894958620426,32.586975251249974],[75.87320741789235,32.54947136960895],[75.83346623282803,32.50346442436699],[75.77439222283637,32.463825204695965],[75.72925588059478,32.45267442327562],[75.74380395620949,32.431601004406325],[75.7277482327227,32.431682710052876],[75.72275976173684,32.4055988446728],[75.59531158010783,32.3770389548254],[75.55032591796224,32.34875000733989],[75.52618351158563,32.2760052648628],[75.50393065187467,32.29131629093569],[75.5132911844444,32.30710607765647],[75.481915324546,32.32029237910566],[75.48910497066584,32.34556277154691],[75.43074011093884,32.31506377036327],[75.34927676442217,32.34526079408095],[75.32777143752772,32.326116685253425],[75.32267035712293,32.34352776015121],[75.2883023604502,32.354481047626855],[75.28974831277569,32.369842267689684],[75.25812933852544,32.37141240338954],[75.25594392229786,32.38926534164301],[75.19395484778225,32.40046901174483],[75.1897656434701,32.42580586429477],[75.13142076565356,32.40886425505365],[75.10665698420668,32.474060239849045],[75.08553852762897,32.46876027293892],[75.02802275309213,32.4970858011732],[75.01930160159003,32.466162165255064],[74.95266150152806,32.447495751660064],[74.93793505448778,32.47129726207805],[74.87925160175668,32.476718232713615],[74.87728132046276,32.49296900367551],[74.81875336357054,32.49791361046971],[74.79477318057533,32.4764032187487],[74.68791721780177,32.48687437817563],[74.69060917597578,32.53296104174405],[74.66288244365893,32.54452164465973],[74.67383526673359,32.56797635902694],[74.65253985126071,32.56296428944784],[74.65877075264574,32.596845390461716],[74.63904570117718,32.61464222980695],[74.6952686915331,32.661313144804616],[74.65349777417471,32.696685252207686],[74.70477371094209,32.84194785926658],[74.64052170345738,32.81894448260018],[74.63462640767067,32.806623870221806],[74.65835744930916,32.78765434711072],[74.6322933652284,32.77639725935502],[74.63425835603184,32.74954060367168],[74.61919672774636,32.76068300962713],[74.57684232135078,32.74790142487809],[74.56289085168953,32.760119076693776],[74.51159108559021,32.74550111543167],[74.5116188567161,32.76453264665756],[74.48607576626652,32.764446332464814],[74.45940890506236,32.787742365363485],[74.41526113411655,32.78455879478227],[74.39100329858542,32.763163396253525],[74.35504814748043,32.76699844439769],[74.31447969772624,32.796837810744194],[74.30339774533218,32.82984050885726],[74.21964100399491,32.848817997254166],[74.21126446722894,32.87343373076848],[74.17880371934544,32.8894959389306],[74.06895239903635,32.90955574417259],[74.05816284784957,32.93453760557025],[73.99968100782759,32.93540005827548],[74.00618429031626,32.954906813827655],[73.97237063246853,32.96720658989618],[73.96464468930381,32.98712369487311],[73.82566292545629,33.004011442074074],[73.82597043622124,32.977239446735844],[73.79043084640416,32.96680925253764],[73.79451094844674,33.0035912071862],[73.74910670455421,33.03362002634757],[73.74283089151947,33.066153763513505],[73.63303618998451,33.091812396465315],[73.63120112342894,33.139516365306655],[73.64868765723003,33.13747236285208],[73.66448202074315,33.16134611634191],[73.6680089318829,33.20185730282454],[73.64762171374448,33.222823095922415],[73.63354983171772,33.2076360560682],[73.63756334361737,33.230409457657665],[73.60651435540264,33.27371327783272],[73.61417185387862,33.29289194485872],[73.58929589376933,33.32353706010794],[73.59802802007884,33.337518733962476],[73.5784198167939,33.32862378119835],[73.58376853191983,33.35567573667985],[73.56515453635176,33.366251322826855],[73.60316012508576,33.41908250913214],[73.58670810495838,33.422805304766065],[73.59606436715916,33.43898349894095],[73.63189207688973,33.447594472328916],[73.60206774370985,33.49668321688657],[73.61868329889249,33.49535041654688],[73.61144706050736,33.51305905635797],[73.641772703353,33.5285068592754],[73.62441448784257,33.54086823301303],[73.62870634121812,33.57105881376259],[73.60498348719479,33.58869479872114],[73.61190324544856,33.60377953866328],[73.56715499790064,33.617735818435555],[73.56745869998029,33.66848606781111],[73.60313598839915,33.71508701448182],[73.59464599355569,33.751232997663806],[73.55992250378652,33.781329071086375],[73.59284079574074,33.89379776865943],[73.54760974943385,33.93693385740304],[73.5164536267698,33.998826320336974],[73.49093341200103,34.13966813027794],[73.49853890292003,34.21121605418372],[73.47283366150823,34.25230219399366],[73.48083596851133,34.28942071500627],[73.4567092816511,34.27645405570935],[73.42994302877047,34.346297677414945],[73.40786069190493,34.350280583714806],[73.39609684516442,34.371607697994776],[73.42773753169202,34.42603761657887],[73.42194229025633,34.466051004667136],[73.44825170986763,34.5670926020793],[73.53217693297803,34.57098407948889],[73.55613150035963,34.58983646459264],[73.6111498437274,34.584821364372665],[73.65026361755305,34.56196425249197],[73.65375516460206,34.600528050296035],[73.6950002947596,34.65005273785323],[73.65905374734889,34.67309720539306],[73.72994218105814,34.77222199272998],[73.77230683471313,34.79610808559371],[73.82177601495012,34.792098792560964],[73.83771233968642,34.81315560185806],[73.91937364142436,34.81164782469595],[73.93046814228482,34.832389831836316],[73.96099754378676,34.838559281932945],[73.96743558823702,34.86382620647478],[74.0299156996265,34.87628112842555],[74.03720021091033,34.919227871430216],[74.07117044847145,34.935481569668205],[74.05932483511707,34.99267553202214],[74.10974695698538,35.01607467878737],[74.06673749066996,35.046269369970034],[74.10143039160391,35.09914150832098],[74.21514294042815,35.09371536661844],[74.26517309197514,35.04085719129165],[74.30523120408216,35.0676273588212],[74.38197634912392,35.06781974504228],[74.43873920779367,35.13006754905731],[74.49944147466223,35.11558625827344],[74.5397973230899,35.074976735464226]]]}},{"type":"Feature","properties":{"OBJECTID":7,"STATE":"LADAKH","Shape_Leng":3051609.24474,"Shape_Area":168011409829.0},"geometry":{"type":"Polygon","coordinates":[[[74.70739054437101,37.087288350881934],[74.7494240054903,37.01938689441238],[74.769054813293,37.0412219195212],[74.8389018196267,37.035843454223404],[74.8347858508493,37.00526426923557],[74.91557906681324,36.920259474439604],[75.01567141310832,36.99072294948749],[75.10915168266698,36.96189897864888],[75.2109562495656,37.050016805432946],[75.34131369736146,37.060763155030976],[75.35442738877958,36.98848285666375],[75.36888844418117,36.975157595031966],[75.41844787269477,36.97239589873506],[75.40692084163041,36.90803344751485],[75.44981846801072,36.88892910218557],[75.46326656331846,36.83031329438914],[75.61272425552026,36.77527024657631],[75.74442368631189,36.607697649871604],[75.80702153976438,36.56342369040055],[75.8524324315016,36.55834123511617],[75.94503801322207,36.51160577536842],[76.0711538630449,36.484242323070845],[76.16395310401366,36.40645164510091],[76.26650195845231,36.358842963425865],[76.35392723348227,36.36944723487807],[76.4374999092617,36.31035342354019],[76.44850030738405,36.272011678598425],[76.43678302976896,36.25782946787868],[76.48098103284536,36.21973462172426],[76.59409381825067,36.17832092520254],[76.65592379861029,36.19218419121971],[76.71111692784876,36.14012669836729],[76.72009158232956,36.09769526800676],[76.78375022649615,36.07192793634444],[76.81368762214146,36.040628777781244],[76.73213644814246,35.954636100863866],[76.78299468502509,35.90520033904928],[76.8074801427322,35.84974556642571],[76.86114806078125,35.835952568768725],[76.93561244441095,35.789022383513554],[77.00100395085254,35.77556010476613],[77.11565988152363,35.79810513035286],[77.1521902190962,35.76863520794942],[77.17635571773275,35.768134603891895],[77.17967968512366,35.73021848812137],[77.21301340371504,35.73325194867624],[77.25834485553423,35.70432018390436],[77.28743720385602,35.7225905361672],[77.32106790992941,35.70104809943719],[77.33554901345921,35.719753891196284],[77.36586677366746,35.715187188849534],[77.41155654082544,35.65625662236634],[77.43793594670825,35.656143670474414],[77.44012627078432,35.60213410675742],[77.47188083054749,35.58427018988375],[77.46522216970723,35.55004742067442],[77.48276395456145,35.529620723936134],[77.43052180173,35.51367047935135],[77.38865839346009,35.539437398060734],[77.33204428357897,35.530346073360015],[77.3852390728719,35.47386032711133],[77.44366367506596,35.45945584246848],[77.49613500821069,35.47777672690857],[77.62862370063733,35.46503854729373],[77.65309523187695,35.481180089622875],[77.68515861321985,35.46682393549716],[77.72877176653121,35.47733448188647],[77.73586585791692,35.5210982648362],[77.78631851474873,35.487980226015],[77.82924083215502,35.505095511333955],[77.86257128314229,35.47623104621967],[77.91207715534868,35.461090034647405],[77.92931592630775,35.49030750012094],[77.98525189910845,35.44830296336839],[77.93926583546325,35.50690904233673],[77.96793558629086,35.57176587968789],[77.95780845609472,35.60486753160106],[78.00139710208079,35.582369076329336],[78.05556140089794,35.58178741029454],[78.08435169877309,35.55201862644006],[78.13676575056142,35.53656839685656],[78.16491206701309,35.551736129859464],[78.1698250859828,35.624998211375],[78.19743751896742,35.62283850864355],[78.21204885930615,35.665999576357514],[78.26561150631584,35.647419330308324],[78.28450706408204,35.664490218304024],[78.27695029295123,35.71837413963103],[78.40386366145306,35.735849330071034],[78.44267157831341,35.783642770868376],[78.53416402004919,35.762512781396424],[78.64643064161201,35.821067133887624],[78.67331106271783,35.85420353692476],[78.78622026967768,35.86887834233578],[78.8390708557496,35.856116085241474],[78.92512110715968,35.86751021229245],[78.96920489747426,35.890168998473186],[79.03224771557694,35.84771722167681],[79.16467252908285,35.83818619934389],[79.21275983387457,35.87786556934349],[79.20449494995924,35.92770244577784],[79.23089883918774,35.97216418631756],[79.25170090672304,35.984752945720224],[79.35803111216833,35.99173278685313],[79.4103534555518,35.985977349983166],[79.4401998129321,35.894083357853916],[79.53622797068888,35.87963863128422],[79.7510905897153,35.79691898983378],[79.89895948179878,35.77510864093627],[79.96769554738376,35.825181181355504],[80.01569235268933,35.82616357856605],[80.12889651619597,35.65673282800038],[80.21308208520455,35.63865726659024],[80.31171197213942,35.58795612627232],[80.34508361147006,35.46117218167008],[80.29848467263422,35.41698831701614],[80.29747554933599,35.352868377646175],[80.24265702387112,35.20801550973247],[80.18503256934862,35.130628277778634],[80.18689509400906,35.00799859376606],[80.12723516230292,34.87254927333089],[80.07499516334299,34.80541788310841],[80.06531123639259,34.69285774577914],[79.9446624961576,34.6609008589829],[79.87825965397698,34.67485900528171],[79.77660426282954,34.610383780962074],[79.79437565329123,34.580540604193864],[79.76977587542392,34.5377778075013],[79.82104480432602,34.51445548009954],[79.81610383549828,34.483093383616385],[79.79143873084911,34.46675360330597],[79.74442467845533,34.462063881226946],[79.59839275456183,34.48675898357368],[79.52215475550531,34.46362185065823],[79.53162878906623,34.40875415916933],[79.56893697497497,34.400589779815434],[79.56851109545816,34.32019671505306],[79.59696180926277,34.27800393779766],[79.59213872620731,34.23582011669532],[79.54005834405308,34.19130732209025],[79.51314184673336,34.20093783565821],[79.49368608402794,34.18468074635768],[79.4959542414474,34.12444899576334],[79.42111312070251,34.075939795823196],[79.41452918077964,34.04171328039398],[79.43744996917576,34.01264765727697],[79.41550566006603,33.99900597145549],[79.37366769663073,34.02675412527791],[79.2829437555704,34.02760674296486],[79.17292876664257,34.05829151121149],[79.14800750876717,34.05506943487259],[79.13823049531199,34.017515962188064],[79.11265090497778,34.00894457181399],[79.00114894135554,34.03360822483649],[78.95320932565438,34.01313125013681],[78.9183170982964,33.963921795831475],[79.01318592646128,33.7829356257823],[79.06045450203011,33.77583472685512],[79.01610614175891,33.70226392408028],[79.04631867830881,33.67383453867118],[79.07799577200421,33.686081917301095],[79.10015061404052,33.61632402773249],[78.90286043522408,33.62201120145986],[78.906259813874,33.57370954615544],[78.94377379075837,33.526069091188184],[78.92707797246707,33.454288014513715],[78.97842196780265,33.3364096521721],[79.10769133123048,33.289112026880254],[79.22368286816462,33.29628463294264],[79.30012858897379,33.273266898302005],[79.35558101403964,33.2821105426006],[79.44611257180766,33.257734694979824],[79.44304461117254,33.200360784907645],[79.37321698760151,33.10637983855979],[79.38032263276045,33.02766984108653],[79.32490312238654,33.012241536767675],[79.44606441960494,32.91181075131907],[79.557076718536,32.767718214746814],[79.5881462317425,32.766059453112845],[79.61186084698113,32.735036056658224],[79.42929013029953,32.5235308211204],[79.38453337000831,32.52279768159949],[79.37299037205182,32.56048243667836],[79.30525553639548,32.58582329014049],[79.25975137682451,32.522654213375795],[79.18208627272833,32.473757321924744],[79.12504496894444,32.46502265410719],[79.13516531665722,32.432298560681296],[79.09367983195565,32.37713438011152],[79.04540841868354,32.387406392624776],[79.00354542119736,32.37488102116408],[78.97118501662315,32.33569358777011],[78.80670178532397,32.444248133982],[78.75915778442331,32.56778926108714],[78.78236340038445,32.59581052831272],[78.74333982023323,32.654977708317304],[78.75069655205878,32.692763033099226],[78.7087113607257,32.65613374108673],[78.64836957967607,32.64385770741254],[78.6052592071504,32.591090245086434],[78.56551380272859,32.614845958313666],[78.45128282411056,32.57759855285173],[78.31797020559824,32.44448353108119],[78.2846922179525,32.4688657649543],[78.3133582197778,32.56555626626555],[78.40966087932553,32.623133037073416],[78.38141561135875,32.65413028485332],[78.40073645700714,32.69420035386636],[78.3880026594452,32.756691331183674],[78.3128504496739,32.73977903610989],[78.30601498172445,32.70711971241842],[78.2605374606401,32.702898356900995],[78.24590090192824,32.6716028904276],[78.21895257004283,32.66462874803855],[78.14238227650705,32.68182742044523],[78.14719458328472,32.65396330696521],[78.11048847731934,32.66276998570171],[78.08752600830158,32.624653718558775],[78.06088025444046,32.62642401093987],[78.04701674338678,32.64530750909879],[78.0167786331776,32.619405639768615],[77.91913642488686,32.68991410944117],[77.93438786341764,32.72585929106063],[77.92571954541674,32.77199661048146],[77.88419095887551,32.7875480257136],[77.86919330630441,32.82702659472694],[77.78529033468078,32.86082240662448],[77.7839816371763,32.882850892392526],[77.81123859137917,32.90629562237439],[77.71314949539445,32.98246316812554],[77.68249187540664,32.98880204167476],[77.67413098253394,32.96118716211841],[77.60310938163491,32.94293164960544],[77.53847276530833,32.8860838689075],[77.50148632177677,32.88557967633505],[77.46920027711396,32.85867742831868],[77.44481045895027,32.87989697689659],[77.40610668496893,32.88351058542152],[77.37501397351457,32.855737796929496],[77.373411777052,32.82384463995985],[77.34955641296757,32.81550591433726],[77.32148809722975,32.85182232085119],[77.30086131540932,32.84985974600931],[77.27398915789996,32.87385325257829],[77.2542719050652,32.863939732889264],[77.2429925217668,32.89216298107613],[77.20291609567394,32.90654515295312],[77.18797242528971,32.92874435704993],[77.17044410873851,32.91066855961561],[77.15573528911115,32.91158382770084],[77.15051677572492,32.97817456832275],[77.11602086790062,32.98466909221623],[77.09430676140242,32.97140660719456],[77.04789543388215,32.99854095644717],[77.01029651641458,32.98851264259568],[76.97134878653857,33.00028234136886],[76.92868861037904,33.031654954122104],[76.88510057957652,33.121377790141295],[76.85506718541426,33.114384346976834],[76.81800030605798,33.15708925677922],[76.84317025525377,33.2467355430543],[76.8200634594457,33.23584026148858],[76.79915101509243,33.256242527312544],[76.75647608455756,33.24845531992097],[76.73705094003842,33.26109562107343],[76.71774625112249,33.328973192291],[76.67102083134581,33.34184772960103],[76.62638393102252,33.436878546473636],[76.58184676320421,33.425785852439006],[76.56948830462366,33.46617338212665],[76.54963716664132,33.46405323246895],[76.5020548462328,33.51597542706343],[76.45916309383284,33.53389383191736],[76.44994591619718,33.56299894734171],[76.42640458621203,33.53728393921088],[76.38028281492325,33.55252733148962],[76.35722874081475,33.60445365107811],[76.30651391827506,33.60955725668708],[76.30978030293124,33.571462240580395],[76.25964661407058,33.56502006436763],[76.24574367207673,33.54553835606087],[76.20549468772559,33.5677145591786],[76.2403371608415,33.60484586705497],[76.22990098596955,33.63067672909785],[76.2845218758482,33.661231250007326],[76.26621319401096,33.67953212487483],[76.26547113068514,33.746378728942155],[76.21257956321737,33.76117696838634],[76.18473622676561,33.800154875267964],[76.1613785829007,33.80185008646471],[76.15997839054843,33.83692114442938],[76.12296411559286,33.88904955003602],[76.03256822160304,33.91965904131383],[76.04947451069377,33.93385618498501],[76.02435759037726,33.98212479495509],[75.97819849578453,33.97219044353951],[75.96654156788901,33.9545160423463],[75.89319509210704,33.969090933247266],[75.83823880595403,33.95495549500748],[75.81962521152647,33.9722086559157],[75.84306145090252,34.00477681995718],[75.818265226425,34.00750870147217],[75.76852379525191,34.054918834940395],[75.73703272376153,34.058907691599806],[75.71880323153684,34.10325084299915],[75.66794800183365,34.1442893876229],[75.68528726327908,34.1995579520504],[75.64811946379973,34.21200251984473],[75.59336339959849,34.19769410957058],[75.57993399883651,34.21397105992346],[75.49535850036156,34.23239955961935],[75.47485482571409,34.27759131475777],[75.4034977640245,34.28468778210552],[75.37601596945099,34.34195375637425],[75.38570816721743,34.36613997405112],[75.36697494636434,34.39103007824639],[75.37233551779377,34.412598004879555],[75.3275390878774,34.43976842593775],[75.35323747670515,34.468793716125376],[75.34291664724445,34.48943500295344],[75.36556772093836,34.53809961908448],[75.34416398086043,34.56303035090669],[75.2533673064317,34.60412523313463],[75.24150361470849,34.63777912657493],[75.20602526409675,34.64378461622502],[75.23206782608968,34.69081581172369],[75.25826644643715,34.697574238239675],[75.25625087559845,34.773886583521914],[75.22324459427988,34.81752367748506],[75.14423432810638,34.85028375994292],[75.14197032591,34.87495099907701],[75.1013017753924,34.91909822296337],[75.07164427708706,34.91920407269665],[75.064117815232,34.90523744533278],[75.06403469021507,34.84711096830378],[75.01634377351188,34.84825117413229],[74.91859934973907,34.78511064724025],[74.8721534266751,34.830187123997284],[74.79846098651376,34.85206808452152],[74.7501702154443,34.8449853692726],[74.71145207096826,34.880917715506364],[74.68415196480296,34.87880110198795],[74.66252747416145,34.90677110458488],[74.60422865623299,34.92479921239704],[74.5770112387755,34.91391907350994],[74.5705320847953,34.97563068140366],[74.58509349447884,35.01812156873584],[74.53073034801297,35.046176246920446],[74.5397973230899,35.074976735464226],[74.49944147466223,35.11558625827344],[74.43873920779367,35.13006754905731],[74.38197634912392,35.06781974504228],[74.30523120408216,35.0676273588212],[74.26517309197514,35.04085719129165],[74.21514294042815,35.09371536661844],[74.15610562352698,35.090877320169064],[74.1058609500979,35.125722497762645],[74.11227211696612,35.14852713349626],[74.03381399014182,35.146862275394454],[74.00282805906392,35.183647823768446],[73.95684471119613,35.16804498404292],[73.92454905511723,35.20389702490758],[73.86118917004228,35.20714414481629],[73.80832785427826,35.2394964058775],[73.77050842114097,35.23600194441338],[73.72939348644374,35.20969851735524],[73.70798409678127,35.222483589441914],[73.72497501591351,35.27304851337682],[73.69484255499296,35.318405774279306],[73.69390413403198,35.35939424483439],[73.7270230948012,35.41898866923236],[73.79203858092826,35.45421966514864],[73.77850494301595,35.52289425863063],[73.72961415398022,35.52949253412727],[73.72125591060943,35.549219523759454],[73.65883845469243,35.54762856384659],[73.628388404515,35.56904523310604],[73.56159722271661,35.54638867064633],[73.52792425038066,35.56730188305628],[73.50150525180514,35.557569449499155],[73.47736080568374,35.57190167324873],[73.39812355026359,35.55708280294217],[73.36348210006435,35.59722367077875],[73.26867792421196,35.62438607466383],[73.13291516498806,35.71077731410987],[73.12650045357906,35.776226829399874],[73.14866407224991,35.831183366663545],[73.08388280952666,35.87746264552785],[73.0288243808268,35.84705807372832],[72.98707777434002,35.859810612648786],[72.91844227966982,35.83905731457337],[72.89244750217222,35.844540859679924],[72.89112688130388,35.873737395156645],[72.83931703257373,35.867128353482464],[72.8191576727771,35.88172031555716],[72.78428867157484,35.84145437026221],[72.76143859711048,35.83230394788597],[72.726579143447,35.85305195243332],[72.68438379242463,35.82252516019245],[72.6281396482155,35.857857931957206],[72.58510091898123,35.85937260895073],[72.55823539249411,35.89766474268418],[72.51847361744167,35.90548266954138],[72.51307732713133,35.93867301567696],[72.5348863493741,35.950638524039896],[72.53867268135834,35.985120108134616],[72.55996380227799,35.986957113301976],[72.58459509351789,36.025079644549535],[72.51668047148195,36.06733485634095],[72.52761512305742,36.11022323459882],[72.56170494997335,36.139890004078204],[72.53592130611604,36.17330498038023],[72.54731437031107,36.20540649704994],[72.57394614350457,36.22380359331461],[72.5846574594175,36.25689112069164],[72.6116826533414,36.26948686070132],[72.68483394089195,36.24388259667907],[72.68056050110906,36.27103386370021],[72.75917766219794,36.298578631073006],[72.81608189899251,36.35643561530073],[72.85366629353219,36.36634879521649],[72.87554436013929,36.394560737511334],[72.85966942977755,36.435560495250186],[72.90814949500567,36.46092210989989],[72.97935897967538,36.457319995203],[72.97791320784377,36.51152501221884],[73.0519453482977,36.532966367092335],[73.09716682702546,36.605994291307766],[73.07410571151848,36.628783866829316],[73.06764565325672,36.70062256271171],[73.1164408200539,36.68419542782839],[73.1706714129415,36.724030819212125],[73.20139620751112,36.69552922333642],[73.2380143108076,36.71152065496099],[73.29411981942599,36.70422666297939],[73.34783175615837,36.716399609165336],[73.3515758469503,36.73500408432186],[73.39442085664784,36.730065593519804],[73.4214422122896,36.74298328717417],[73.49763291916159,36.71313559602536],[73.50983830980421,36.72193011796724],[73.55433492954072,36.70956244979663],[73.57930167434068,36.72238069841331],[73.59271366120323,36.69284382906756],[73.68311052586117,36.68656780960117],[73.70985361271534,36.71233334749391],[73.77478392803617,36.702089623188435],[73.7955511701838,36.71884169616823],[73.87177612299577,36.70140052871765],[73.88529327529233,36.72989687581353],[73.86798889062075,36.76631694209064],[73.83698687316486,36.79513383734181],[73.80151307063001,36.794215121427484],[73.79757326802644,36.81819791785148],[73.75883597567703,36.816154865315966],[73.705509598582,36.83781156122834],[73.70618722410374,36.85795328479593],[73.66700745523815,36.88088069587854],[73.67109330528261,36.91169833616329],[73.7287250897271,36.897990252252015],[73.7513224944502,36.90968651369516],[73.80071991632359,36.887495871335766],[73.820442789677,36.90309102773681],[73.85926115450113,36.89731861029616],[73.89302041328614,36.87546052638496],[73.91490226436608,36.882982623223924],[73.96149925408768,36.83926671939754],[74.00837677791678,36.833773855202445],[74.04652144827178,36.81082176010727],[74.08551677989847,36.84150731913885],[74.11631455854715,36.83572792757983],[74.13345904913861,36.847903451058045],[74.15575025862489,36.91050768035201],[74.24897082292057,36.89360566410873],[74.42642432229633,36.99569289070922],[74.52295745889886,36.995128726995034],[74.5403338336095,36.963316323821054],[74.56410133942393,36.95789724941937],[74.58041834827743,37.021011851594935],[74.56812173497066,37.0517600087055],[74.690122957736,37.088140591545155],[74.70739054437101,37.087288350881934]]]}},{"type":"Feature","properties":{"OBJECTID":8,"STATE":"HIMACHAL PRADESH","Shape_Leng":1690412.82015,"Shape_Area":54774750619.8},"geometry":{"type":"MultiPolygon","coordinates":[[[[76.91769199045604,30.88645538105047],[76.9242442147527,30.87645451093046],[76.92351212752293,30.876287953643853],[76.91769199045604,30.88645538105047]]],[[[76.80257882245972,33.253851752572906],[76.8200634594457,33.23584026148858],[76.83071087366892,33.24918877509641],[76.84460963019276,33.24227276006744],[76.81739195923467,33.19413787717078],[76.81800030605798,33.15708925677922],[76.85506718541426,33.114384346976834],[76.88891989327338,33.117220703059544],[76.92868861037904,33.031654954122104],[77.00948854718149,32.98865614567515],[77.04738714483398,32.99862180169353],[77.08652434534285,32.972409857069295],[77.11602086790062,32.98466909221623],[77.15051677572492,32.97817456832275],[77.15573528911115,32.91158382770084],[77.18797242528971,32.92874435704993],[77.20291609567394,32.90654515295312],[77.2429925217668,32.89216298107613],[77.2542719050652,32.863939732889264],[77.27398915789996,32.87385325257829],[77.30086131540932,32.84985974600931],[77.32189949597638,32.85154289519518],[77.33896288214989,32.816783772600715],[77.37286715989626,32.82320436344603],[77.37458661648205,32.85493975947496],[77.40450346906185,32.88274449041335],[77.44481045895027,32.87989697689659],[77.46920027711396,32.85867742831868],[77.50148632177677,32.88557967633505],[77.53847276530833,32.8860838689075],[77.60310938163491,32.94293164960544],[77.67413098253394,32.96118716211841],[77.68249187540664,32.98880204167476],[77.741011978858,32.96903225107869],[77.8106309740548,32.9070260686719],[77.78096404948285,32.865787455768334],[77.86919330630441,32.82702659472694],[77.88419095887551,32.7875480257136],[77.92571954541674,32.77199661048146],[77.93438786341764,32.72585929106063],[77.91861958620427,32.69054094082904],[78.01588874595168,32.61960770583173],[78.04701674338678,32.64530750909879],[78.06088025444046,32.62642401093987],[78.08752600830158,32.624653718558775],[78.11048847731934,32.66276998570171],[78.14719458328472,32.65396330696521],[78.14238227650705,32.68182742044523],[78.21895257004283,32.66462874803855],[78.24590090192824,32.6716028904276],[78.2605374606401,32.702898356900995],[78.30601498172445,32.70711971241842],[78.3128504496739,32.73977903610989],[78.3880026594452,32.756691331183674],[78.40073645700714,32.69420035386636],[78.38141561135875,32.65413028485332],[78.40966087932553,32.623133037073416],[78.31355496485817,32.565912560357916],[78.28737314271875,32.46298828040882],[78.32982265627449,32.44351438014618],[78.3284399524926,32.46501173625783],[78.34897453993517,32.4643278558285],[78.36513887207252,32.499399155545724],[78.39951944689061,32.52460478507451],[78.46124808708431,32.50379702177628],[78.4655491992483,32.45466181404646],[78.49576495534357,32.422020408031706],[78.5335054616725,32.415460182397375],[78.48478779165254,32.34913626499878],[78.48341139415848,32.281386156901334],[78.46083985072086,32.24170848540192],[78.55947839332919,32.248689177598166],[78.58795243826536,32.236100879054526],[78.61469130088692,32.20880527432013],[78.59623236985591,32.15776958026736],[78.61766581133713,32.11522499724753],[78.65660321486624,32.11148386901462],[78.7189052243636,32.035724001871806],[78.78855243595781,31.99323155153733],[78.7781555771545,31.93515530169547],[78.75013791738192,31.904482218618938],[78.74020750111806,31.837456024794314],[78.70985362961426,31.786615139415055],[78.74119036727016,31.757609190604786],[78.72839171104533,31.74174343710115],[78.75401918070877,31.68564765982114],[78.79821945458573,31.68181488962245],[78.80699232963451,31.647109183103243],[78.85334150709464,31.607426412443314],[78.8189136564292,31.57224486120529],[78.73595317464377,31.528537442599458],[78.73428418995556,31.484983984818534],[78.76663397297952,31.486422091098433],[78.81277826649423,31.449737425878542],[78.81658575045874,31.41928138053758],[78.79200595308377,31.395544158314305],[78.85876762230687,31.366373921335992],[78.85464742367859,31.323457717704837],[78.89241261880049,31.28789338843294],[78.92604763354674,31.220069909035782],[78.94772517375806,31.216774784784548],[78.95753158285136,31.186594265727265],[78.98590870680253,31.17383201437237],[79.00891700775549,31.10992404057424],[78.88543474332123,31.098722500064397],[78.83120598296996,31.140595802636486],[78.80991373182859,31.19828461324356],[78.76517682643593,31.18575595560274],[78.6719021465091,31.196880280860647],[78.65800636833355,31.185039443929718],[78.647039894862,31.214717651846378],[78.60934293549568,31.229260102491622],[78.57824136051556,31.225259102639924],[78.55162324789177,31.199909561546878],[78.48375243473409,31.198937200756944],[78.45571144827748,31.241019556469364],[78.43425150305933,31.254582152173363],[78.40695177353793,31.24218790022729],[78.3961721896619,31.275309534828743],[78.37031584123902,31.286334400450443],[78.31115818725966,31.28314416043167],[78.30632745253506,31.259893178495457],[78.28286695882184,31.26621085359987],[78.24695287259091,31.230407145161365],[78.22032410265143,31.23394234336825],[78.21244284458918,31.21956922589021],[78.1602264424958,31.225477469498504],[78.10362150031372,31.18538023753054],[78.0426405643907,31.178503980014966],[78.03034198292453,31.150967707823472],[77.9847200477491,31.15695355156317],[77.9673234875194,31.173366563550356],[77.9013114363535,31.151824583755452],[77.85123568360153,31.073366526777757],[77.81135734768829,31.059100582203687],[77.82982264797947,31.02875936085117],[77.81145330253767,31.03163261766826],[77.80751090216617,31.01621317554583],[77.83181792522174,30.99399343154918],[77.81437538782147,30.961783924231618],[77.8375935320052,30.95317137387316],[77.77238443502814,30.974348208286038],[77.74900679092009,30.953480023974656],[77.76279690307983,30.918180921539417],[77.81329921567009,30.921868362319124],[77.80568282955417,30.85321365757652],[77.7582245229595,30.876797794933342],[77.74402067579722,30.84659379831867],[77.76127873010758,30.826065717220892],[77.7037782361091,30.76516082243272],[77.70505038013455,30.74274756618942],[77.73319040305483,30.735335208294497],[77.75582050592375,30.706924791556347],[77.74740736215368,30.679850688137957],[77.79252805532445,30.65868673754745],[77.78123451258725,30.646668900940675],[77.79625782246377,30.613646993200238],[77.77111068822245,30.616376095153843],[77.77167350886931,30.59690199476092],[77.74609904969016,30.603893821575134],[77.74315471943042,30.593107131186407],[77.7740286113833,30.557841773764842],[77.81785387937698,30.56102426606872],[77.82681747889386,30.527752157889662],[77.8173870255983,30.50632609279139],[77.72097921256521,30.473004808414913],[77.69024619617446,30.448020598522763],[77.6523734613549,30.448050646415343],[77.64507118262978,30.432550331535573],[77.58618922634876,30.421583771718556],[77.57231569085921,30.410450704202326],[77.58049866907676,30.377336183630476],[77.54679013355906,30.39600740691621],[77.51979694767391,30.445390850561505],[77.49870993063863,30.40581519513044],[77.44531764608637,30.395998100887127],[77.42381978433579,30.410750926533332],[77.46156229307977,30.434611133880267],[77.45901192351418,30.458100983445544],[77.40954041197242,30.409790297358796],[77.40831399525021,30.428721761297627],[77.38755855922948,30.44199877828578],[77.36397667897654,30.43437309452649],[77.35358302153061,30.460747854104394],[77.30872305782621,30.449158245124256],[77.22808637269978,30.48544898824421],[77.21350550487736,30.46840719096145],[77.19503638121824,30.522571672681888],[77.14535888131863,30.536451224785075],[77.12173108064363,30.562937674660887],[77.17377382158996,30.600555039567137],[77.16120662687709,30.690931332612298],[77.09352853480448,30.742332498950347],[77.047186311223,30.75295451786971],[77.04561724912683,30.74132654877203],[77.01751043566168,30.743420039475584],[77.018614554369,30.765537192379895],[77.00126652392788,30.77043637686023],[77.0185900847367,30.78030308892554],[77.0125206783997,30.80918595907594],[76.96007429336696,30.827309231804268],[76.94263868074653,30.817429278692558],[76.95125043779481,30.850522847331113],[76.91687215036286,30.90076549701043],[76.86957886339445,30.87312226833993],[76.8231103246747,30.928182345368963],[76.7718699310203,30.906838321881587],[76.70849590440568,30.970285753774686],[76.67385642872287,30.96870952630105],[76.62501075569077,30.998638788864188],[76.62904731072325,31.023620112737547],[76.61096520114623,31.045828118547124],[76.63858480762877,31.10799785087535],[76.60200248255401,31.123543188513707],[76.61230153059512,31.148031622334155],[76.59681874524331,31.177989422874084],[76.6454186175141,31.20905880670315],[76.64166529599045,31.223020616826986],[76.59256762749168,31.21126409703549],[76.61190266683505,31.24911899033014],[76.58774775791849,31.274196747554356],[76.54921025146096,31.25275420421203],[76.54292614788709,31.28243382731592],[76.5393430569413,31.26104550014924],[76.52380080359158,31.258137494051603],[76.52743275494339,31.277168663292876],[76.49757242341653,31.269860839430102],[76.47912581007735,31.308668003654557],[76.4399930647926,31.278715766027652],[76.46349131764602,31.301952720028773],[76.43233011426344,31.326561133235217],[76.3762112696049,31.437482499733402],[76.36726106860064,31.404371620959353],[76.33108586880473,31.401626528925515],[76.35353821852388,31.347864551252545],[76.3076537170184,31.3423526361161],[76.32237810217674,31.321611093078367],[76.27555326933168,31.30040481628814],[76.26933837211004,31.311922262440845],[76.2139727151555,31.299393736192652],[76.17982460044014,31.306533224796013],[76.17882329909655,31.340473608693078],[76.14688790072937,31.358982136641632],[76.1683067000159,31.410444384844386],[76.05585208062315,31.605499097838212],[76.01793514493907,31.63313413553602],[75.93668049201479,31.81541176821959],[75.98649199910804,31.81792165288273],[75.91040749408774,31.95011231060417],[75.79965669292862,31.993752857332428],[75.75083688314899,32.03768235833952],[75.72386119031613,32.03258978839785],[75.66291821228845,32.075731400893844],[75.5948241369228,32.069469392707106],[75.60015756757271,32.09243774259261],[75.6726814535358,32.15922124977487],[75.66191839474241,32.19290603574682],[75.62376617781202,32.1900412579873],[75.63731649829921,32.22272497116428],[75.61846102408845,32.23757389023497],[75.77231741266147,32.289358490046254],[75.81482903417034,32.33018320816283],[75.81120625109058,32.34848639683999],[75.84381088600925,32.355308274726944],[75.87360117875558,32.39568271103436],[75.93798921355003,32.397536924870806],[75.90277205817455,32.45232682218047],[75.83032957199225,32.513243075584064],[75.87220512704457,32.5481525715488],[75.87821775847124,32.58598480265741],[75.89947285273465,32.59245708658669],[75.93415215188023,32.64475866799476],[75.88583346693407,32.65217604121667],[75.9217474996808,32.7471733973642],[75.88582031414248,32.78224759203789],[75.87908632592088,32.81121082290335],[75.79625281264866,32.88425588374585],[75.83263817238941,32.92402894843636],[75.90384996710942,32.91279282682694],[75.95010915701656,32.87283276972594],[76.0830157991522,32.95524612909628],[76.10720382629665,33.006055808278475],[76.24277153150578,33.02081977917317],[76.27291364322683,33.0370519776441],[76.29040544261188,33.05984561122248],[76.28594596388878,33.10238771643392],[76.4038967937421,33.185787332695725],[76.48064432768368,33.178874814028944],[76.5616471688338,33.20953890561025],[76.59589107041019,33.205908777294574],[76.61257356762535,33.173379815804395],[76.6394077269826,33.16165796490903],[76.74682014394784,33.178414477220535],[76.77583885040079,33.22048968377707],[76.77173987188009,33.25102386354234],[76.80257882245972,33.253851752572906]]]]}},{"type":"Feature","properties":{"OBJECTID":9,"STATE":"ARUNACHAL PRADESH","Shape_Leng":2628179.52983,"Shape_Area":79316687783.3},"geometry":{"type":"Polygon","coordinates":[[[96.06731613727823,29.465947313695867],[96.17649964390006,29.345153556961257],[96.17991903223515,29.30751052751838],[96.23548460183517,29.24189199862758],[96.28956722235974,29.244634179799398],[96.35430451865186,29.29205331517532],[96.38083135044278,29.254607531984878],[96.34201237394626,29.1783823694143],[96.24495311632433,29.165763494704766],[96.21051508024888,29.148092034770198],[96.17359182070828,29.09921750606208],[96.10205941642506,29.078994946753546],[96.14093220438355,29.058280072095737],[96.17147461989755,28.999191279647317],[96.17179659083445,28.969786740831104],[96.14229197652607,28.956672648584107],[96.13489786517611,28.935233043177423],[96.1608718851156,28.897834156733516],[96.22017167674264,28.9297728802681],[96.32690615659925,29.02801835807473],[96.4231419928666,29.03751021558979],[96.5135847970366,29.07395831094373],[96.46467360339757,28.98313533073293],[96.48122222856531,28.958515722209643],[96.50938421227484,28.96636532807664],[96.52608511634801,28.882460508237987],[96.60898542464952,28.779832304959864],[96.579307012067,28.71158983696694],[96.46690126020887,28.675184356764625],[96.48735636117254,28.638908707144164],[96.47447068596391,28.621782087406118],[96.4248444095239,28.582108083006357],[96.40202919571269,28.580945508852007],[96.40001364981771,28.559277183866996],[96.34475466414571,28.554007608602806],[96.31857799421559,28.525961517655723],[96.36208100760709,28.480343879178893],[96.25340629671388,28.407052418793423],[96.31667737473676,28.377567696240902],[96.36258106530954,28.386356722811133],[96.39547785106303,28.33591670558369],[96.41737817782955,28.340944191069823],[96.45712775786227,28.41381567179049],[96.50537920962368,28.41098100418649],[96.57074762308079,28.452324111008284],[96.64113604634731,28.45778532350861],[96.74084618062115,28.413813016107753],[96.77028998703568,28.367028647890347],[96.83453698181393,28.360719961049423],[96.88967062771503,28.378485621071814],[96.9258432595797,28.33685224744527],[96.98761189171978,28.303325287711015],[97.07530583780976,28.34961423583308],[97.10569414131287,28.34695836968377],[97.17110345370361,28.28566898746433],[97.2267062026814,28.284629583142102],[97.23945996396341,28.268215961402166],[97.29526129572163,28.261877631665392],[97.40104241134013,28.19225011062255],[97.40116325397852,28.181477836315647],[97.36384640607834,28.189089454755607],[97.32790054364753,28.150209830156577],[97.34724292952689,28.11048709131765],[97.31043207962631,28.07451657410007],[97.32577652188924,28.052698394267757],[97.38094594616648,28.059273309170614],[97.37568260055667,28.04015611670941],[97.41289651394189,28.014836541106853],[97.37297955229583,27.968028880163136],[97.37359001647337,27.88017707213089],[97.30899593841181,27.914991129123738],[97.24902118824093,27.899297119434134],[97.16462762448202,27.810593083796757],[97.10399842806602,27.76974868965979],[97.09384709087765,27.740088464883645],[97.03616235518108,27.742387048815797],[96.9830568733355,27.664282154319416],[96.94172480817593,27.66074069591543],[96.89674609325817,27.609260982492906],[96.92982282316252,27.5241822752923],[96.90324408158976,27.452726053144207],[96.96230620468135,27.40164912039862],[96.96212553316498,27.373115275393317],[96.99810643926932,27.318978624759165],[97.02826671412323,27.30794383895941],[97.08850764319261,27.238212264767757],[97.09047581632866,27.213618018973467],[97.16385422420481,27.14223981284053],[97.1385180096543,27.091046669943438],[97.10034507466361,27.10835863378069],[97.09631160855662,27.095893557080263],[97.06343882196555,27.091454844554736],[97.0302709043138,27.13154928459372],[96.98483234615341,27.154298461790763],[96.90107583569797,27.168730063876293],[96.8574753599601,27.19232198693016],[96.85485316961271,27.210357782306026],[96.88523367316888,27.226467601075605],[96.88491004008372,27.259444551902515],[96.8470471168175,27.27109807699081],[96.8479842385313,27.290278773299033],[96.79646809039608,27.34574293441677],[96.70449724490237,27.3721029153045],[96.69748682693513,27.357658723490943],[96.60611997343378,27.36580687630797],[96.59571910124195,27.33386687930014],[96.5512196160263,27.31845644239066],[96.52385143408777,27.28654589137321],[96.45744703340844,27.306584801270375],[96.38683882527387,27.284631882320298],[96.30629740339327,27.294146298153333],[96.27144933133586,27.27165899607178],[96.2279946872609,27.27868336276828],[96.1852888652082,27.248906645921316],[96.0906136428769,27.22332565828125],[96.0229614398295,27.180081741911064],[95.94595616456176,27.05164781203127],[95.87007918668985,27.012702856399574],[95.8020304891049,27.01450064945141],[95.75500085140648,26.953844934080884],[95.74476083610566,26.89621272709696],[95.71617975744613,26.87845963625318],[95.66699781881573,26.902862264682273],[95.63187553930585,26.87363138573704],[95.60848871638926,26.812858823592173],[95.57045274743955,26.81594856867984],[95.54312732853462,26.835375974972195],[95.50740093183475,26.808799792146594],[95.48275926471744,26.74705340009439],[95.4590914112844,26.74388473159572],[95.43138003311854,26.700698097796863],[95.36053949971998,26.671037147174417],[95.33578689297423,26.67448312658284],[95.30395971678688,26.651008932128],[95.25866393155104,26.65575283580322],[95.25705857112067,26.676233478027466],[95.23348614525685,26.68238356208182],[95.23185979402729,26.70892544890788],[95.209483118709,26.729094870755166],[95.24224977141958,26.783416534215064],[95.20845676548107,26.79496001064034],[95.20304061580839,26.84656440946952],[95.18106437760319,26.856485890128894],[95.20839575117624,26.8826825184493],[95.22816286142384,26.881025852399496],[95.2323036348653,26.902867213694723],[95.19173086857369,26.9852413837506],[95.1958917055552,27.036284316790923],[95.23209747298438,27.043331395776185],[95.24685736077993,27.02416482701401],[95.35476490892577,27.10390988753815],[95.36865104771127,27.107087746478403],[95.37467166062423,27.092675123816214],[95.4206459082063,27.12578462525359],[95.453273158521,27.129434230886602],[95.46660039622469,27.181639738781513],[95.45757852571955,27.208783189351635],[95.50917374509228,27.26203748522649],[95.5451216369722,27.259986769427652],[95.5875730733781,27.222940948799476],[95.68153375745177,27.251741386297564],[95.72020646814892,27.24947752255432],[95.80088802433804,27.284267140692826],[95.80515756328658,27.272952190474758],[95.85930534030364,27.287220901512175],[95.85642912399648,27.271059441161825],[95.8924314765992,27.255284081686202],[95.89721345219374,27.282163722109846],[95.96004074086112,27.3109508145681],[95.98906289080232,27.356766552714067],[96.01794096143165,27.362978317149544],[95.96920932687665,27.42815651216703],[95.95406097066365,27.420285244095684],[95.94116393160543,27.437561839230685],[95.90696189239073,27.431103616525974],[95.88388636784212,27.397064457849744],[95.88330180546382,27.435329218496115],[95.85717483936827,27.42100938295419],[95.86244585682053,27.41012587930475],[95.85102826810169,27.410929702512277],[95.85303500555253,27.457585245860198],[95.88670550575154,27.497349497596772],[95.87664079192413,27.545029225944972],[95.81441379001193,27.574081864369738],[95.8154933692328,27.599204239952073],[95.79061648600015,27.600207162839318],[95.77817316150805,27.624821121250996],[95.7961283325482,27.640546269051793],[95.77105359089774,27.658548162641825],[95.78797963680319,27.68195826254333],[95.7672079306634,27.687571026618873],[95.75133161012623,27.721446768885723],[95.77937938884186,27.733709434888265],[95.77545392811962,27.753941305632026],[95.83749287773288,27.823959281551716],[95.87052562347488,27.833179948547567],[95.92484204439158,27.88186426479643],[95.91586645624648,27.889492778642957],[95.93774670922193,27.89820011787608],[95.97075738027533,27.963017531715185],[95.82157838128154,27.97138867973692],[95.60511051490028,27.954875227290184],[95.56842427052668,27.936161902155078],[95.51996661726851,27.881492134485654],[95.37941178217466,27.839428946381137],[95.3085951828214,27.868260759622512],[94.92351944381839,27.750635473805012],[94.85219945895675,27.727443602038367],[94.84202635959684,27.701433487722788],[94.7935670958654,27.695410957877204],[94.75414803179277,27.66077755565926],[94.6875444759422,27.665680188168203],[94.6826001699427,27.646638449359433],[94.58680217583122,27.618744179051273],[94.49873335715172,27.572483021548624],[94.47764978443156,27.576362005119314],[94.46157715556829,27.555462938675618],[94.43152596554381,27.600549884284945],[94.36385362911535,27.574564184658158],[94.29810265099235,27.60214702978851],[94.2772418297116,27.589648098455353],[94.25410025148966,27.61444160016703],[94.26154364104582,27.636083921420706],[94.23807404206676,27.63310408634877],[94.20930535841497,27.60515969824082],[94.22636620448016,27.598909465907813],[94.22573013141721,27.57468308404423],[94.2586997164316,27.555458088901617],[94.26825506067321,27.52084104083174],[94.15666608656839,27.474857512050004],[94.15942434272218,27.461617556061388],[94.08944702299472,27.407254057423145],[94.05966562491015,27.361741516202656],[93.98428990110598,27.323050844136088],[93.80608300463783,27.151829573523962],[93.79714717648429,27.128907586462088],[93.83736670767678,27.10798667825696],[93.83073404923988,27.06612572737072],[93.78582207480903,27.051594903658174],[93.78200102849038,27.060771023481138],[93.77926082097778,27.04878664457814],[93.77311914957997,27.059307745562684],[93.76768354937052,27.03983974744099],[93.72240723191352,27.0205339729711],[93.66505698364165,26.968506155216733],[93.48910216619522,26.93617683535472],[93.32410188632666,26.960079207479364],[93.02185614262999,26.91341655866102],[92.9171454025521,26.96293037334719],[92.91841052348038,26.98230566758674],[92.88660891668026,26.99974539635088],[92.7693391510466,27.033424489325544],[92.71335722061826,27.026565761120178],[92.66039990743595,27.038536274708793],[92.64462086187785,26.986766105562218],[92.58334239816337,26.959540600917414],[92.44746824488054,26.95881182118621],[92.39832962543571,26.92469065519445],[92.36318938908434,26.934543250130904],[92.30266188587771,26.92264285054905],[92.30296489694805,26.90713961766831],[92.27609015607285,26.90199642183557],[92.25518534422314,26.90960519816142],[92.19480097115522,26.889963487557953],[92.12001854645436,26.888983723615024],[92.11811391649573,26.974372924842054],[92.07841545535825,27.017361378984297],[92.08174568539984,27.04081556914802],[92.0441240696647,27.051362379126914],[92.02313361936018,27.10955191988357],[92.03580448106102,27.134911417290034],[92.02672187082996,27.168278959633],[92.05837835824774,27.19030945405712],[92.07257126988473,27.233105977638427],[92.03800245184175,27.258421995222363],[92.067073216094,27.27717028684275],[92.10347304493652,27.26866492969569],[92.12497536642621,27.28201826081972],[92.06458382131211,27.32697937067122],[92.04824120209913,27.363132422167496],[92.05846986303595,27.399707469534547],[92.02216645682658,27.448020492475443],[92.01937101135627,27.478050530010076],[91.9436443817556,27.459736307920046],[91.84860474575954,27.48645629021415],[91.82525392169114,27.467852776479212],[91.76697175978431,27.464755438454457],[91.7629812990547,27.474979683049067],[91.7146231794204,27.474539347869918],[91.69505915650768,27.50532766515445],[91.65245214446915,27.48304127207001],[91.56631485651846,27.583060350466386],[91.58437425243451,27.608222539207432],[91.56406937871886,27.641402871606733],[91.62854768505358,27.6994269971864],[91.64540461203947,27.763376735700554],[91.61464458598569,27.821850009178974],[91.56597693956827,27.81861469633414],[91.55359236861521,27.851360369775218],[91.56988803101076,27.848014171679594],[91.5755372983493,27.864293342554422],[91.66317784145718,27.85295323669151],[91.7098311223525,27.807973329334462],[91.76130681976304,27.799957716911063],[91.8206756644676,27.815961003373065],[91.86218545554775,27.739689767664572],[91.92770463826866,27.722594230005072],[91.99352554422784,27.771182325283934],[92.05142792208207,27.763932939428003],[92.21866064280574,27.869514902493275],[92.27754015082851,27.869092549109105],[92.31277332029154,27.78848854829313],[92.38510007051627,27.80062971788038],[92.38976450873815,27.82142963993104],[92.41629557808216,27.830554671250034],[92.45626967251434,27.81411983600795],[92.50335717683846,27.853950617305696],[92.55621080874842,27.82436423075204],[92.61531446413153,27.894538160142545],[92.65771088711628,27.90190298130195],[92.74243231900242,27.99258696554928],[92.72070916901951,28.030505160163745],[92.66653978352966,28.06375308361908],[92.68794854480326,28.1273979646856],[92.81476538357175,28.211043155019368],[92.83609885307905,28.179097132576405],[92.89688002074783,28.20515275161555],[92.92284213071036,28.240000359587544],[92.96270561451189,28.258557300964725],[92.99729842311378,28.229427663783806],[93.02826955155791,28.268694272623836],[93.02234264697577,28.31038581804148],[93.09051995452987,28.305868603722462],[93.12217130018537,28.328376613139326],[93.2179575300804,28.326081331412936],[93.22422235155345,28.405498876363247],[93.18045103919886,28.434875104547658],[93.27773551144107,28.5013091059343],[93.30162074988338,28.59895155835744],[93.3249201173948,28.60917856645407],[93.3333633349958,28.639083854821916],[93.40601092285594,28.651284174606975],[93.44597333167727,28.674722212668488],[93.47049553464628,28.65265349713731],[93.49614673850351,28.68596664086389],[93.51416450641531,28.68171887319409],[93.52241007423179,28.65907128579864],[93.61944740957078,28.653387967190664],[93.7398767474803,28.684553166586028],[93.7841447779071,28.66336476980645],[93.85060106460006,28.707036013259287],[93.93562864647934,28.666105798205873],[93.96176148002456,28.693595803325636],[93.97295441347627,28.743218110044527],[94.01030081340697,28.772785817015766],[93.9867042927676,28.803755464120506],[94.0072433131687,28.840699639834668],[94.16445814600677,28.957456726626827],[94.22410190334222,29.087829588294376],[94.29365496062128,29.14535274430817],[94.36249076890272,29.15260468093379],[94.3748772865263,29.18495278589308],[94.43812228974905,29.223193496266287],[94.55071098226378,29.220750761196964],[94.63097645589865,29.341236414801042],[94.68860579427552,29.317948021736935],[94.74130213199754,29.274736897480583],[94.79300858572822,29.215298291900048],[94.80412874563517,29.162405321874402],[94.87866855780071,29.17502522065697],[94.9157789065954,29.152072692518303],[94.95840574227977,29.15638999952482],[95.02244648076966,29.1339426786529],[94.97528041235928,29.15654324375725],[94.97981912929188,29.173347102792494],[94.99276775375724,29.170764015488707],[95.09505459661386,29.139594063138155],[95.10637501350075,29.11890537434963],[95.2417205557501,29.110615035160055],[95.24201768088963,29.06355079572258],[95.260070410483,29.05407535287901],[95.28792169396317,29.062641776031104],[95.41065362346272,29.03051613643626],[95.44029687349654,29.03660040848819],[95.46645443088948,29.06645589956167],[95.48098983345629,29.14307413127327],[95.53071713697081,29.130485188699534],[95.52693259966027,29.215656528540514],[95.57220226985571,29.22280630126854],[95.58302965190188,29.260614486549873],[95.6192634781446,29.24969854707656],[95.65983389649271,29.271568345355945],[95.77688063150623,29.361652364709276],[95.78212686338145,29.34138800791732],[95.8309890755929,29.358829566874544],[95.86174617582857,29.39511832891929],[95.94180874978748,29.387651264562702],[96.06731613727823,29.465947313695867]]]}},{"type":"Feature","properties":{"OBJECTID":10,"STATE":"ASSAM","Shape_Leng":3232980.48295,"Shape_Area":75560292524.7},"geometry":{"type":"MultiPolygon","coordinates":[[[[89.71079052963599,26.161170821928128],[89.71081818645239,26.160963484395076],[89.7107672034701,26.16117111972451],[89.71079052963599,26.161170821928128]]],[[[95.97075738027533,27.963017531715185],[95.93774670922193,27.89820011787608],[95.91586645624648,27.889492778642957],[95.92484204439158,27.88186426479643],[95.87052562347488,27.833179948547567],[95.83749287773288,27.823959281551716],[95.77545392811962,27.753941305632026],[95.77937938884186,27.733709434888265],[95.75133161012623,27.721446768885723],[95.7672079306634,27.687571026618873],[95.78797963680319,27.68195826254333],[95.77105359089774,27.658548162641825],[95.7961283325482,27.640546269051793],[95.77817316150805,27.624821121250996],[95.79061648600015,27.600207162839318],[95.8154933692328,27.599204239952073],[95.81441379001193,27.574081864369738],[95.87664079192413,27.545029225944972],[95.88670550575154,27.497349497596772],[95.85303500555253,27.457585245860198],[95.85102826810169,27.410929702512277],[95.88330180546382,27.435329218496115],[95.88388636784212,27.397064457849744],[95.90696189239073,27.431103616525974],[95.94116393160543,27.437561839230685],[95.95406097066365,27.420285244095684],[95.96920932687665,27.42815651216703],[96.01771220542297,27.362666705689275],[95.98934609729551,27.35699638503184],[95.96004074086112,27.3109508145681],[95.89721345219374,27.282163722109846],[95.8924314765992,27.255284081686202],[95.85642912399648,27.271059441161825],[95.85930534030364,27.287220901512175],[95.80515756328658,27.272952190474758],[95.80088802433804,27.284267140692826],[95.72020646814892,27.24947752255432],[95.68153375745177,27.251741386297564],[95.5875730733781,27.222940948799476],[95.5451216369722,27.259986769427652],[95.5088103630841,27.261874704225658],[95.45757852571955,27.208783189351635],[95.46660039622469,27.181639738781513],[95.453273158521,27.129434230886602],[95.4206459082063,27.12578462525359],[95.37467166062423,27.092675123816214],[95.36865104771127,27.107087746478403],[95.35476490892577,27.10390988753815],[95.24685736077993,27.02416482701401],[95.23209747298438,27.043331395776185],[95.19242129738953,27.03561859883162],[95.09527200510534,26.957549353567998],[95.01475863572462,26.92202844007391],[94.98261821633376,26.912998246091792],[94.96123830328561,26.93712384491026],[94.93085092778077,26.932559006487626],[94.92349123217942,26.94636575517409],[94.8735873118297,26.91751623587588],[94.81736053126056,26.847768233350564],[94.81442898628029,26.819791188975422],[94.79495453251965,26.81440574857209],[94.80200281750886,26.80080522020427],[94.77021727406928,26.789038763739313],[94.75832868595882,26.766005745843863],[94.74018464013179,26.775983262029744],[94.69234522450827,26.73193063109196],[94.62030174884568,26.712122406890202],[94.60963581737435,26.736937220955575],[94.59707146353553,26.73455265297031],[94.5938792076695,26.697195117017788],[94.57732287463907,26.700660989426712],[94.56649402566106,26.68355813970475],[94.56235295025022,26.705068636163997],[94.53926424023025,26.706184924413105],[94.49267442697432,26.66588940519087],[94.46028390072976,26.661630130697056],[94.46549491977638,26.633060970228616],[94.40305656639664,26.610732025273673],[94.41357246747083,26.577540105477834],[94.39607389804821,26.526868441632896],[94.38496191517591,26.53121520071067],[94.37083607721536,26.504381519425262],[94.34596790214277,26.50357006247337],[94.35284761421414,26.490058784725775],[94.325522809295,26.481949454060832],[94.3166222684254,26.458323706021503],[94.2897476338772,26.479714931034977],[94.2847850505567,26.561069051220073],[94.25633679106599,26.541223415248844],[94.17173381300083,26.42978495353956],[94.17758126714557,26.382012115857602],[94.16015509652232,26.354293701942318],[94.17455588026806,26.340460461660232],[94.10505415676447,26.319948597559392],[94.0746233690719,26.26437982841912],[94.04768703514907,26.24936469463035],[94.03203289689871,26.197536694025],[94.00107849440008,26.172267428491264],[93.98738784024398,26.066786361591088],[93.95300075666958,26.002965939686792],[93.97869537458186,25.916729294654292],[93.91599580949413,25.88370126897739],[93.88180175433153,25.843349384432116],[93.83970250933454,25.856609990101582],[93.79547429074692,25.808927800771727],[93.77753575864662,25.84981186176478],[93.79516979944216,25.906674726706534],[93.77659496571695,25.968758628954195],[93.76544974933819,25.9697517319144],[93.75131325996516,25.932808774221364],[93.68152923874446,25.904386427572966],[93.71432185680389,25.84451327660181],[93.68829705786047,25.845948691147047],[93.6682924606697,25.821828068866303],[93.6461362265485,25.82237958275621],[93.6174208900405,25.775988302490138],[93.56793534323971,25.758434228706438],[93.54232554871795,25.73217666915365],[93.54053681953425,25.699453335444638],[93.52195224015111,25.69778728990201],[93.49700270740652,25.655119916422933],[93.46089576750974,25.63231081532127],[93.42737852704583,25.632534438818503],[93.35871608075983,25.554632196675257],[93.32696927723266,25.546964684767016],[93.38543392220258,25.49070827503501],[93.39022962416198,25.460402211972568],[93.45819314425165,25.430984137172548],[93.47361253859519,25.379279885403978],[93.4484341048435,25.340635901080795],[93.47050329628158,25.30506040541723],[93.38111859096202,25.23962861026863],[93.34587005495257,25.16980838461145],[93.33237064290702,25.093518722986975],[93.2999572470306,25.046039354257033],[93.2642049487426,25.04936186546143],[93.2438827941639,25.0182860808101],[93.26176167466275,24.96273316245054],[93.2368145856961,24.937163003153877],[93.2488367729591,24.91484602535742],[93.23519752045293,24.911408227606444],[93.22644489700195,24.872834416815056],[93.19482668421468,24.85384930076149],[93.19680546022855,24.81114228891194],[93.14946257348132,24.787373868390947],[93.13856740206762,24.80999451102263],[93.10942868055643,24.811475012200255],[93.10776046557892,24.74144148408583],[93.07354683962262,24.70780570835592],[93.10415429958374,24.67415667783069],[93.07115128138572,24.600642291343178],[93.10436159583067,24.582382014922885],[93.05818063173562,24.57383722358588],[93.0708090121681,24.55804752281295],[93.04999425416223,24.54420752502234],[93.03255519663041,24.49529743595537],[93.04636632104628,24.473565253036988],[93.04164133124162,24.413010105503897],[93.01195047391116,24.41671517700804],[92.9942682759338,24.39911275476287],[92.97363611035983,24.408466711362998],[92.95926079309464,24.392065912704606],[92.95114886394695,24.403161251622013],[92.93118047280086,24.393174932767824],[92.90932312743062,24.413074446984865],[92.90285914470371,24.391231091995742],[92.86092043896097,24.3986625478357],[92.82957506059702,24.373755127641203],[92.82992429305112,24.40045209558787],[92.79934529316212,24.41929002886911],[92.7629971727557,24.521131741759774],[92.68483592728195,24.346536737137594],[92.66136777003763,24.348155821909657],[92.64576450837255,24.327781710352134],[92.62477012146972,24.334075301295723],[92.61230321566951,24.25346762979851],[92.55089605769116,24.24722231527852],[92.53421229024971,24.180146535739368],[92.48392167843085,24.16316805942322],[92.46547643099245,24.136265851001426],[92.43642196400322,24.153033002735857],[92.43572606543646,24.179293006188022],[92.41916693569351,24.1919387832943],[92.4225375683713,24.25499488679425],[92.21287240350804,24.249926838434853],[92.2740899175266,24.388317410618512],[92.25939508817935,24.439213010573226],[92.23015825664825,24.461646389030772],[92.2305074873008,24.499980602477898],[92.21270872698608,24.503722046391424],[92.23114076505938,24.531205552203673],[92.25441586684079,24.678029955247496],[92.29603185237654,24.736456202109206],[92.27916000175217,24.745297096714353],[92.28891865205755,24.784485563501878],[92.27307794578947,24.827442777459808],[92.24146114635809,24.842022753449623],[92.24810428831124,24.885493911512615],[92.2328731680571,24.90014609006138],[92.29942532359699,24.915720939275218],[92.40009590889184,24.848650669954207],[92.4374039062824,24.85560736264284],[92.44480020938148,24.871979830687412],[92.48792261912098,24.871309682245478],[92.48761740188023,24.94677149102586],[92.44926580492206,24.938764814380473],[92.46817470083633,24.96302500891681],[92.42033351096917,24.96594616344722],[92.41634675207246,24.989922997437592],[92.43827786735534,25.043869417305654],[92.46428547997287,25.037435365798668],[92.45697779853668,25.054067753785333],[92.48062940585753,25.1083087195101],[92.53942328030469,25.099054103340926],[92.52177511606315,25.139381500827795],[92.62143275564458,25.115026384290676],[92.6634752432247,25.176667868917296],[92.80291466540446,25.21617257662423],[92.76188794888222,25.246528441076737],[92.79229932086199,25.282813770229673],[92.78213123095318,25.332745274634156],[92.74990207553915,25.344095853613137],[92.73801967896213,25.379333434658854],[92.71794231553835,25.372626807378516],[92.67352933159127,25.41402423161827],[92.66164420359188,25.406354610124318],[92.6536200925963,25.433523477908587],[92.6395612503823,25.417565720261102],[92.62564562719278,25.43491650872014],[92.62763846671378,25.421967145472667],[92.60663102301935,25.413232466130886],[92.59684621362001,25.469836779155003],[92.56448721777898,25.465123762833905],[92.57365409561697,25.49047820530363],[92.64283936248239,25.53480936723944],[92.66146147659491,25.572186372163983],[92.65263715934464,25.591435393132315],[92.59481891847426,25.551593177920555],[92.57249149751375,25.55735061091517],[92.55672592138131,25.570961313057808],[92.55416738280444,25.614803625937174],[92.50562970068664,25.61631135161994],[92.47026180374795,25.67527123759705],[92.4380372111307,25.69486108561509],[92.4442910822871,25.719695295355482],[92.40662072745975,25.7445996545378],[92.38177800652423,25.742044004249983],[92.3846155338196,25.754881276584495],[92.33361009426085,25.72438785952826],[92.26450928732382,25.709226196159683],[92.22535940508021,25.716351071584455],[92.1701956681283,25.667128951807733],[92.15614771924649,25.672183134389233],[92.14410824248523,25.717136274359778],[92.16281218880508,25.743878491803965],[92.1510999693976,25.816638806992394],[92.1772440031107,25.8727497942047],[92.22556189763789,25.90916865607124],[92.1547391661313,25.910992476806914],[92.15243649565062,25.94431864058203],[92.18088445122383,25.985010462682574],[92.26346548674599,26.0331297207698],[92.27489295809714,26.065650736671586],[92.16939970512907,26.077638207743398],[92.13261589664515,26.044238695386586],[91.98905616440165,26.03852971737573],[91.91713168280776,25.996420411859287],[91.91469228173462,26.020498891996144],[91.86729802308727,26.04201757165344],[91.87917065169805,26.09797615385878],[91.82539942281463,26.11940576514135],[91.7913621779927,26.085231727507676],[91.77727988060187,26.089345747052946],[91.73123895201472,26.059216840820156],[91.72010799698963,25.95359597128748],[91.67060071553821,25.904151548303883],[91.60916012915463,25.93929887945936],[91.64059669127515,25.96330369665151],[91.62606327800438,25.98668231622667],[91.63237543712266,26.019798163200413],[91.59753413707233,26.018074388191042],[91.57984128659844,26.033247803908964],[91.55124658236392,25.976595668868793],[91.51807546622565,25.95973240115915],[91.50467111782682,25.911393844579845],[91.53695469008757,25.93121191737712],[91.47480885296163,25.87402111253284],[91.51313774964949,25.865712994832666],[91.52658590813381,25.89107365780609],[91.53043365010437,25.87125398366873],[91.51371810956739,25.863966749356607],[91.46308143636062,25.856995882266528],[91.44514869272781,25.839737869637464],[91.42246672443892,25.854473959813646],[91.33535490249105,25.840544226544967],[91.2736668338076,25.74589625288975],[91.22092979815388,25.721867678335897],[91.19198210584634,25.730360391070686],[91.178262142369,25.777351632152392],[91.20364328640395,25.84321400827528],[91.19582973111349,25.861393548176615],[91.18012431363894,25.84417144132605],[91.14755001066001,25.85049159599548],[91.06213439605473,25.82077805673377],[91.0488843398461,25.82927284731539],[91.07850361310669,25.852737134455136],[91.04821959550038,25.84920324151941],[91.00601459887338,25.820383327436943],[91.0305483879608,25.88580161124758],[90.96885495927111,25.88521925785974],[90.94743452720466,25.94809194418025],[90.91733641550799,25.944407681595663],[90.91683638940862,25.914056372962108],[90.8845256245477,25.950307904068424],[90.83546787024673,25.93660538140882],[90.83618787322061,25.948421182544994],[90.80905408159008,25.95243731989047],[90.76378992413649,25.90779629183004],[90.7604271672355,25.92196515768684],[90.7385723068787,25.915859930290857],[90.7540539833964,25.929513124237783],[90.74005886276171,25.939104810441066],[90.74799600104124,25.956796531141332],[90.71766830873263,25.955119526927938],[90.6333172248435,25.920750818747063],[90.61792270747218,25.897841096452556],[90.6071205914071,25.91870459636143],[90.62642440862795,25.936515584437903],[90.58353856845922,25.95872238051366],[90.5496345494539,25.91475319294426],[90.51504742287419,25.896397125322025],[90.53411233238411,25.959808436154397],[90.47873424870053,26.01361294407168],[90.4290625413044,25.988809310590693],[90.39769371153415,26.012057097996358],[90.36848975307363,26.010690284786953],[90.32688566389102,25.974065403881387],[90.21583217417616,25.952625574154595],[90.20196211575092,25.960735921664618],[90.18463315499598,25.943793853508026],[90.15192160878479,25.96580036092793],[90.11952017782293,25.958223214931202],[90.04290928185799,25.888537043278223],[90.02452208898625,25.896047234345076],[90.01074610571234,25.884380072304918],[90.02365904703215,25.867009476602135],[89.99724324294179,25.83706573610034],[89.96396873990433,25.83266006626155],[89.96119186884442,25.819505366642346],[89.94884904097249,25.826426141622562],[89.95967011316657,25.78152681406172],[89.93728332305226,25.745118966549075],[89.89473928327754,25.744968623264025],[89.95045252187853,25.655603596117004],[90.02886805421953,25.6053953125326],[89.98279747946765,25.59093760842363],[89.97215727117538,25.5734917016925],[89.87836220666257,25.550334111849086],[89.8679351188292,25.524241699888467],[89.88593570498789,25.50792063905579],[89.87286993497617,25.50741562723326],[89.87168965741209,25.477348473640898],[89.85224885295419,25.46588150762252],[89.84931017973575,25.492797218560735],[89.8696395030057,25.510906464149876],[89.8512733935415,25.53862792548846],[89.86603759269164,25.546190504489587],[89.88179110592627,25.625857891322763],[89.85053330395971,25.71295758927867],[89.82836636709554,25.728250403151566],[89.84032896998706,25.766729167454812],[89.81654470183601,25.81430209726456],[89.83528159873254,25.84073439774577],[89.83257264629688,25.870605518756644],[89.88707699502125,25.945201554176133],[89.82538732000086,25.94550448173753],[89.84933634474261,25.94910933652594],[89.83855874950729,25.967851180524608],[89.86683978771894,25.972031722960526],[89.87103220007835,25.980702049418294],[89.83584123475849,26.012596727895037],[89.83594146207344,25.98242419534436],[89.82027208356834,25.98764127925883],[89.80741699997851,26.044002781493244],[89.79772108876767,26.024515885458367],[89.79159109033584,26.018153521345592],[89.7880383660066,26.01920659965281],[89.80183345974089,26.040253235104764],[89.77365402397197,26.037637090858514],[89.79880980437558,26.059579363187257],[89.79485136906966,26.087512545739493],[89.78132391704199,26.083442406995598],[89.78316109491027,26.105983940108896],[89.75616990366218,26.109362723310706],[89.76657067561082,26.130477196086478],[89.74765904375953,26.157371048721576],[89.72048755592567,26.156296251821168],[89.73292876858805,26.17752627267314],[89.71014230752618,26.1724236392854],[89.69860048189341,26.19117701142783],[89.71307454460307,26.187716559250028],[89.71160000365985,26.202966946650616],[89.73323032375248,26.211992096358987],[89.70749916960624,26.21227971425161],[89.7003935518523,26.21844838485483],[89.73215802078349,26.237829900898618],[89.70261583503469,26.257863326648568],[89.70879147057386,26.271042357560574],[89.73557300195738,26.26149303160422],[89.71783117910384,26.295817639031274],[89.7202791872557,26.307879167308116],[89.75812476043686,26.287785754689793],[89.75152173644788,26.32086010240612],[89.78131405227015,26.32767532734129],[89.78347399939808,26.351030776460306],[89.81420570609225,26.370485231110454],[89.82277435658195,26.350861089014998],[89.83316766471975,26.383474558070503],[89.85941322858926,26.383503005236296],[89.84993587549842,26.402893406146063],[89.83033025942412,26.39645230339315],[89.8358387758292,26.411392185640924],[89.8580194141903,26.41132586776088],[89.8499079708964,26.42211166521062],[89.87323532781522,26.451324788073347],[89.85518351827152,26.488514794727102],[89.86448745840367,26.573243306936128],[89.882602189702,26.583393107186893],[89.87842155358264,26.615533794785318],[89.85825113236929,26.623377996696995],[89.87693426806936,26.6485062156818],[89.86291655817092,26.737066879036085],[89.96706420070845,26.72347092934534],[90.13987973539204,26.753618524095707],[90.19452293626887,26.77327133700098],[90.18766904501992,26.80681186417612],[90.23050001220625,26.858906721733565],[90.3002984021664,26.848220357782182],[90.34778630038602,26.875294817648268],[90.35663477130156,26.9006607497031],[90.41660973104518,26.904529314884112],[90.54661291873602,26.816639782582453],[90.63444320876023,26.79381032514694],[90.6465742088529,26.776580424077643],[90.67597876651847,26.784094686823696],[90.7172775719259,26.768268449326836],[90.99187447411721,26.790642259197973],[91.05406044615773,26.780985434941375],[91.09756274504171,26.821992879396678],[91.23688719154316,26.812002621880612],[91.33724792627872,26.7808609067841],[91.37600584202414,26.795227688372666],[91.40764718663034,26.839602561262417],[91.49510696869676,26.79120586429579],[91.62552430848604,26.82086583429896],[91.68979670188132,26.806451491669648],[91.8241467408623,26.864043453464465],[91.85911185373642,26.913338829889383],[91.89173635296258,26.919062682808455],[91.96420530496107,26.88252659804041],[91.98350144825937,26.8581916029508],[92.05672471862876,26.847385037224843],[92.10265183451222,26.867168389052107],[92.11437768715693,26.89357793033869],[92.27609015607285,26.90199642183557],[92.30296489694805,26.90713961766831],[92.30266188587771,26.92264285054905],[92.36318938908434,26.934543250130904],[92.39832962543571,26.92469065519445],[92.44746824488054,26.95881182118621],[92.58334239816337,26.959540600917414],[92.64462086187785,26.986766105562218],[92.66039990743595,27.038536274708793],[92.71335722061826,27.026565761120178],[92.7693391510466,27.033424489325544],[92.88660891668026,26.99974539635088],[92.91841052348038,26.98230566758674],[92.9171454025521,26.96293037334719],[93.02185614262999,26.91341655866102],[93.08822588266258,26.91439231124629],[93.32271557106446,26.960009784139224],[93.44877062986455,26.950781807425216],[93.47064777751635,26.93659723453852],[93.58666946435198,26.950470127879466],[93.67076930603542,26.97148719322924],[93.72240723191352,27.0205339729711],[93.76768354937052,27.03983974744099],[93.77311914957997,27.059307745562684],[93.77926082097778,27.04878664457814],[93.78200102849038,27.060771023481138],[93.78582207480903,27.051594903658174],[93.83073404923988,27.06612572737072],[93.83736670767678,27.10798667825696],[93.79714717648429,27.128907586462088],[93.80608300463783,27.151829573523962],[93.98428990110598,27.323050844136088],[94.05966562491015,27.361741516202656],[94.08944702299472,27.407254057423145],[94.15942434272218,27.461617556061388],[94.15666608656839,27.474857512050004],[94.26825506067321,27.52084104083174],[94.2586997164316,27.555458088901617],[94.22573013141721,27.57468308404423],[94.22636620448016,27.598909465907813],[94.20930535841497,27.60515969824082],[94.23807404206676,27.63310408634877],[94.26154364104582,27.636083921420706],[94.25410025148966,27.61444160016703],[94.2772418297116,27.589648098455353],[94.29810265099235,27.60214702978851],[94.36385362911535,27.574564184658158],[94.43152596554381,27.600549884284945],[94.46157715556829,27.555462938675618],[94.47764978443156,27.576362005119314],[94.49873335715172,27.572483021548624],[94.58680217583122,27.618744179051273],[94.6826001699427,27.646638449359433],[94.6875444759422,27.665680188168203],[94.75414803179277,27.66077755565926],[94.7935670958654,27.695410957877204],[94.84202635959684,27.701433487722788],[94.85219945895675,27.727443602038367],[94.92351944381839,27.750635473805012],[95.3085951828214,27.868260759622512],[95.37941178217466,27.839428946381137],[95.51996661726851,27.881492134485654],[95.56842427052668,27.936161902155078],[95.60511051490028,27.954875227290184],[95.82157838128154,27.97138867973692],[95.97075738027533,27.963017531715185]],[[89.79271885788765,26.340378687714978],[89.79980593483617,26.329177194517754],[89.82143021668071,26.319213540981206],[89.8133807359651,26.344698875735578],[89.79271885788765,26.340378687714978]]]]}},{"type":"Feature","properties":{"OBJECTID":11,"STATE":"MANIPUR","Shape_Leng":946268.909185,"Shape_Area":21486510009.3},"geometry":{"type":"MultiPolygon","coordinates":[[[[94.67862492828485,25.451788555893128],[94.67855752243587,25.45166897244099],[94.67898310470557,25.45233971144391],[94.67862492828485,25.451788555893128]]],[[[94.6802432364137,25.453965305746237],[94.68015506802398,25.453861999737935],[94.68027829797043,25.454012325338844],[94.6802432364137,25.453965305746237]]],[[[94.56372484182587,25.687154651362547],[94.59658794203482,25.682734120557107],[94.57287228101703,25.638032119692053],[94.58901268067136,25.640585253018873],[94.59357888406535,25.635231051279092],[94.55120620767323,25.580004862808554],[94.56683808889093,25.54885435899094],[94.55387726241372,25.503881471762572],[94.61602618036648,25.46258980976201],[94.67536613464682,25.445816631768736],[94.6670982076206,25.414644399219252],[94.63460245834104,25.39500647476337],[94.6345530909656,25.357923015826657],[94.58479409022674,25.2665444459739],[94.57564007041104,25.214123769092296],[94.60583305983616,25.181291412674934],[94.62004483196714,25.186662487804334],[94.64013534869655,25.166150874048963],[94.73660614532947,25.13477889990112],[94.74415580889034,25.037271804745444],[94.69659121840196,24.968470015722488],[94.71340059299996,24.934371288165064],[94.68794996888374,24.88805521478494],[94.63185538118817,24.83945521712859],[94.61860732518373,24.779795054380116],[94.62935570460085,24.75696952778487],[94.6051177901239,24.712309349085878],[94.58512448621144,24.70541995683208],[94.57943168762408,24.723708434316357],[94.54966357599187,24.712769789402355],[94.55006582778839,24.65892821129974],[94.52920722058316,24.618023636453614],[94.46153978110443,24.557953392917636],[94.42520368348208,24.48612175143493],[94.40307612819696,24.475293774991595],[94.39763410497487,24.40728616047642],[94.36713086208121,24.39461835029757],[94.38011200159195,24.374635317384023],[94.35400427506552,24.334471421773813],[94.32716244153391,24.327664177834972],[94.31532235585823,24.252676996692074],[94.29271339751057,24.236018824760535],[94.28318777065684,24.179349822041512],[94.25986506270313,24.16226049842045],[94.25154041079293,24.08190782314396],[94.18685796240354,23.941281585532067],[94.16535188004043,23.92964002823266],[94.15396903202515,23.853152368765585],[94.12067231994406,23.832848422707514],[94.08430454877076,23.88142688760189],[94.06217026169593,23.880566916885606],[93.93046025258673,23.95025042627925],[93.89370108150543,23.953136279168888],[93.85937009811362,23.93197180672727],[93.80738300502999,23.927075243318274],[93.75420015337134,24.005421667029047],[93.72435960207687,23.99717105153044],[93.62335428993974,24.010919161369607],[93.59165772044082,23.96059050486828],[93.55977306662811,23.982071254574393],[93.55010773216843,23.959160928364252],[93.50476027501382,23.942186686100303],[93.46350492220216,23.973374188313958],[93.41694640487734,24.071407442217648],[93.34882395732592,24.104740321310263],[93.35380679833226,24.09053351660883],[93.32854753043213,24.08115267030451],[93.33211983751079,24.053132701747305],[93.28720023635798,24.05265905412897],[93.25365294853053,24.02123327365518],[93.2634082901572,24.05837805390674],[93.24942156246237,24.08076141157742],[93.22043535902887,24.083581204652138],[93.20995872833934,24.048372833071348],[93.16728895233128,24.051707614816127],[93.16583477334493,24.073770678633103],[93.14048700345873,24.08809281560327],[93.09945455264463,24.04336818918839],[93.07854718451465,24.101850720622135],[93.04660138367693,24.090133715357773],[92.97289359958255,24.112488981590683],[93.00603181311398,24.16196337315425],[92.99924321560455,24.196648174499945],[93.01481028870651,24.19991312458898],[93.02391961932238,24.233611132874056],[93.00722799793716,24.249131437362998],[93.00706470471701,24.282764637729816],[93.04054144320322,24.34198302903772],[93.01806207848075,24.349755090572835],[93.02502901588592,24.392026389432516],[93.00886331444603,24.41240178414478],[93.0430885216172,24.416504841375023],[93.03292386001183,24.428750438201895],[93.04636632104628,24.473565253036988],[93.03255519663041,24.49529743595537],[93.04999425416223,24.54420752502234],[93.0708090121681,24.55804752281295],[93.05828421018359,24.57405847364546],[93.10436159583067,24.582382014922885],[93.07115128138572,24.600642291343178],[93.10415429958374,24.67415667783069],[93.07354683962262,24.70780570835592],[93.10776046557892,24.74144148408583],[93.10942868055643,24.811475012200255],[93.13856740206762,24.80999451102263],[93.14946257348132,24.787373868390947],[93.19695398009237,24.811358871283364],[93.19482668421468,24.85384930076149],[93.22644489700195,24.872834416815056],[93.23519752045293,24.911408227606444],[93.2488367729591,24.91484602535742],[93.2368145856961,24.937163003153877],[93.26176167466275,24.96273316245054],[93.2438827941639,25.0182860808101],[93.2642049487426,25.04936186546143],[93.2999572470306,25.046039354257033],[93.33237064290702,25.093518722986975],[93.34587005495257,25.16980838461145],[93.39366166664624,25.254740937825172],[93.47065151404296,25.30508088989949],[93.47145077854488,25.27185107704297],[93.50641506360444,25.269319453834928],[93.50104837994185,25.24253244859656],[93.55597242464584,25.24598395788904],[93.58818704165635,25.201055600686246],[93.60535313458402,25.19917494437706],[93.68689521064874,25.36039208055778],[93.70995686275862,25.357531746666595],[93.80514215083679,25.463974204025636],[93.8002905518557,25.496886046199762],[93.76123341914663,25.495900747877627],[93.76563517082103,25.53821077229572],[93.88794354343227,25.56535518771494],[93.96025948507302,25.550550767047266],[94.00747284212814,25.567158502314637],[94.01288460573436,25.59223987390146],[94.06719485465915,25.552120643372934],[94.0849747620885,25.554327778362094],[94.0848146258497,25.530212804164496],[94.1372692001723,25.518047133764224],[94.15675625993705,25.55153004706253],[94.16472579538477,25.541281795753182],[94.19208612584792,25.548413741381783],[94.18642599665594,25.523679551369593],[94.20849552159346,25.496179038633496],[94.28472552935379,25.507998429195684],[94.2976938926405,25.484708745005907],[94.41653644400358,25.536483674389768],[94.42523227768702,25.586792655826535],[94.46856060848587,25.61418867802186],[94.50513614604958,25.613640103309052],[94.56372484182587,25.687154651362547]]]]}},{"type":"Feature","properties":{"OBJECTID":12,"STATE":"MEGHALAYA","Shape_Leng":1298844.21573,"Shape_Area":21576644491.4},"geometry":{"type":"Polygon","coordinates":[[[91.83381954573807,26.11575669123982],[91.87917065169805,26.09797615385878],[91.86729802308727,26.04201757165344],[91.91469228173462,26.020498891996144],[91.91713168280776,25.996420411859287],[91.98905616440165,26.03852971737573],[92.13261589664515,26.044238695386586],[92.16939970512907,26.077638207743398],[92.27489295809714,26.065650736671586],[92.26346548674599,26.0331297207698],[92.18088445122383,25.985010462682574],[92.15243649565062,25.94431864058203],[92.1547391661313,25.910992476806914],[92.22556189763789,25.90916865607124],[92.1772440031107,25.8727497942047],[92.1510999693976,25.816638806992394],[92.16281218880508,25.743878491803965],[92.14410824248523,25.717136274359778],[92.15614771924649,25.672183134389233],[92.1701956681283,25.667128951807733],[92.22535940508021,25.716351071584455],[92.26450928732382,25.709226196159683],[92.33361009426085,25.72438785952826],[92.3846155338196,25.754881276584495],[92.38177800652423,25.742044004249983],[92.40662072745975,25.7445996545378],[92.4442910822871,25.719695295355482],[92.4380372111307,25.69486108561509],[92.47026180374795,25.67527123759705],[92.50562970068664,25.61631135161994],[92.55416738280444,25.614803625937174],[92.55672592138131,25.570961313057808],[92.57249149751375,25.55735061091517],[92.59481891847426,25.551593177920555],[92.65263715934464,25.591435393132315],[92.66146147659491,25.572186372163983],[92.64283936248239,25.53480936723944],[92.57365409561697,25.49047820530363],[92.56448721777898,25.465123762833905],[92.59684621362001,25.469836779155003],[92.60663102301935,25.413232466130886],[92.62763846671378,25.421967145472667],[92.62564562719278,25.43491650872014],[92.6395612503823,25.417565720261102],[92.6536200925963,25.433523477908587],[92.66164420359188,25.406354610124318],[92.67352933159127,25.41402423161827],[92.71794231553835,25.372626807378516],[92.73801967896213,25.379333434658854],[92.74990207553915,25.344095853613137],[92.78179806280917,25.333182884499035],[92.79223196842213,25.282409756057234],[92.76188794888222,25.246528441076737],[92.80085189403968,25.213955263744225],[92.6634752432247,25.176667868917296],[92.62143275564458,25.115026384290676],[92.52177511606315,25.139381500827795],[92.53942328030469,25.099054103340926],[92.48096591667435,25.10857565372288],[92.45697779853668,25.054067753785333],[92.46428547997287,25.037435365798668],[92.44253053391746,25.045241341021683],[92.42148522483815,25.027795361131698],[92.34148165486198,25.04853038870929],[92.34855354235201,25.073491425795215],[92.33491451992049,25.078445355256886],[92.3106320249768,25.06902054685222],[92.22755038617795,25.09370530210266],[92.19616822708309,25.10803138368373],[92.20040302022039,25.11998250811556],[92.21938319687165,25.11700536744114],[92.18932539496181,25.13628745947928],[92.18392811620946,25.117921072994342],[92.15959222659434,25.126603278407774],[92.16571321206088,25.13594709977094],[92.13583686666895,25.13873799167887],[92.13288205421418,25.160147121992118],[92.07385106064169,25.184948240765284],[92.00376164951365,25.186163824636854],[91.97166901939435,25.16758094727262],[91.91625510384097,25.18134828422131],[91.77460711313776,25.163129530471405],[91.75603067185057,25.17749751472315],[91.74764114051507,25.140151415513213],[91.70378279125849,25.160016878633925],[91.69179629936333,25.13711757406346],[91.63791423582313,25.12254453618796],[91.62150832471474,25.143406601616682],[91.60209036904806,25.142721175061457],[91.60973450201253,25.177048439036355],[91.57705817536359,25.17196272994701],[91.5572143550979,25.149756082841105],[91.4710164224097,25.13358696275933],[91.4686310405879,25.151794039871472],[91.28656836023049,25.185350280445533],[91.26801341807904,25.20724405315294],[91.25163095029862,25.195168594050095],[91.06964299770819,25.198409980302987],[90.86201543155477,25.157626853599208],[90.80590800500636,25.165942827279437],[90.78035747151955,25.186115000242516],[90.73327645800988,25.154911423398467],[90.70998019868327,25.168121316114586],[90.69806816587436,25.156833171078702],[90.67565077519399,25.176382886570448],[90.66600653511216,25.165803917079838],[90.66342006239354,25.19785159291598],[90.64093507748495,25.1745294277757],[90.50863949211664,25.175354620613415],[90.44107645432084,25.14450844765655],[90.37045908269828,25.16284026354884],[90.3302389001293,25.193815951310736],[90.11811361702703,25.223456688065646],[90.05451780386814,25.261363753955354],[89.98076189632012,25.280852186064568],[89.96665478793531,25.30369351948971],[89.94924119223948,25.29271400598198],[89.9069979153574,25.307733923461797],[89.87660389956311,25.285328327526067],[89.83118302384075,25.29602889158972],[89.84139532390067,25.314789104547646],[89.82143527160574,25.355517277567813],[89.8254345224139,25.413346600024834],[89.8430091983293,25.456463531332815],[89.87168965741209,25.477348473640898],[89.87286993497617,25.50741562723326],[89.88593570498789,25.50792063905579],[89.8679351188292,25.524241699888467],[89.87716801998602,25.54898919783084],[89.97215727117538,25.5734917016925],[89.98279747946765,25.59093760842363],[90.02886805421953,25.6053953125326],[89.95045252187853,25.655603596117004],[89.89473928327754,25.744968623264025],[89.93728332305226,25.745118966549075],[89.95967011316657,25.78152681406172],[89.94884904097249,25.826426141622562],[89.96160083844013,25.81960442927787],[89.96396873990433,25.83266006626155],[90.01487982425009,25.85078657145111],[90.02342685366042,25.870046742727947],[90.00735188650755,25.88096973176904],[90.02452208898625,25.896047234345076],[90.04290928185799,25.888537043278223],[90.1159826080859,25.957019319537345],[90.15192160878479,25.96580036092793],[90.18463315499598,25.943793853508026],[90.20196211575092,25.960735921664618],[90.21583217417616,25.952625574154595],[90.32688566389102,25.974065403881387],[90.36848975307363,26.010690284786953],[90.39769371153415,26.012057097996358],[90.4290625413044,25.988809310590693],[90.47873424870053,26.01361294407168],[90.53411233238411,25.959808436154397],[90.51504742287419,25.896397125322025],[90.5496345494539,25.91475319294426],[90.58353856845922,25.95872238051366],[90.62642440862795,25.936515584437903],[90.6071205914071,25.91870459636143],[90.61792270747218,25.897841096452556],[90.6333172248435,25.920750818747063],[90.71766830873263,25.955119526927938],[90.74799600104124,25.956796531141332],[90.74005886276171,25.939104810441066],[90.7540539833964,25.929513124237783],[90.7385723068787,25.915859930290857],[90.7604271672355,25.92196515768684],[90.76378992413649,25.90779629183004],[90.80905408159008,25.95243731989047],[90.83618787322061,25.948421182544994],[90.83546787024673,25.93660538140882],[90.8845256245477,25.950307904068424],[90.91683638940862,25.914056372962108],[90.91733641550799,25.944407681595663],[90.94743452720466,25.94809194418025],[90.96885495927111,25.88521925785974],[91.0305483879608,25.88580161124758],[91.00601459887338,25.820383327436943],[91.04821959550038,25.84920324151941],[91.07850361310669,25.852737134455136],[91.0488843398461,25.82927284731539],[91.06213439605473,25.82077805673377],[91.14755001066001,25.85049159599548],[91.18012431363894,25.84417144132605],[91.19582973111349,25.861393548176615],[91.20364328640395,25.84321400827528],[91.178262142369,25.777351632152392],[91.19198210584634,25.730360391070686],[91.22092979815388,25.721867678335897],[91.2736668338076,25.74589625288975],[91.33535490249105,25.840544226544967],[91.42246672443892,25.854473959813646],[91.44514869272781,25.839737869637464],[91.46308143636062,25.856995882266528],[91.51371810956739,25.863966749356607],[91.53043365010437,25.87125398366873],[91.52658590813381,25.89107365780609],[91.51313774964949,25.865712994832666],[91.47480885296163,25.87402111253284],[91.53695469008757,25.93121191737712],[91.50467111782682,25.911393844579845],[91.51807546622565,25.95973240115915],[91.55124658236392,25.976595668868793],[91.57984128659844,26.033247803908964],[91.59753413707233,26.018074388191042],[91.63237543712266,26.019798163200413],[91.62606327800438,25.98668231622667],[91.64059669127515,25.96330369665151],[91.60916012915463,25.93929887945936],[91.67060071553821,25.904151548303883],[91.72010799698963,25.95359597128748],[91.73181106481155,26.059965076022525],[91.83381954573807,26.11575669123982]]]}},{"type":"Feature","properties":{"OBJECTID":13,"STATE":"MIZORAM","Shape_Leng":1207132.37827,"Shape_Area":20271760185.7},"geometry":{"type":"Polygon","coordinates":[[[92.76359683417515,24.521121842948272],[92.79934529316212,24.41929002886911],[92.82992429305112,24.40045209558787],[92.82935324743248,24.373849851709657],[92.86092043896097,24.3986625478357],[92.90285914470371,24.391231091995742],[92.90932312743062,24.413074446984865],[92.93118047280086,24.393174932767824],[92.95114886394695,24.403161251622013],[92.95790037697734,24.39206661747532],[92.97363611035983,24.408466711362998],[92.9942682759338,24.39911275476287],[93.0088263138557,24.411836200351107],[93.02502901588592,24.392026389432516],[93.01780520058857,24.35049522922732],[93.04054144320322,24.34198302903772],[93.00426547858542,24.25972165428273],[93.0219352779834,24.21778434134881],[92.9993982189321,24.197127330037937],[93.00603181311398,24.16196337315425],[92.97289359958255,24.112488981590683],[93.04660138367693,24.090133715357773],[93.07854718451465,24.101850720622135],[93.09945455264463,24.04336818918839],[93.14056276348832,24.08809671958467],[93.16583477334493,24.073770678633103],[93.16728895233128,24.051707614816127],[93.20995872833934,24.048372833071348],[93.22043535902887,24.083581204652138],[93.25055378305517,24.08034797649807],[93.2634082901572,24.05837805390674],[93.25365294853053,24.02123327365518],[93.28720023635798,24.05265905412897],[93.3375075384013,24.0411686543586],[93.32888897436469,23.984799553090706],[93.35076391534515,23.94164995335389],[93.39427643447426,23.92427665753538],[93.38496383460055,23.84812747548385],[93.40326233301414,23.80704562443074],[93.391553959059,23.756691970517952],[93.41095264105927,23.72940377839127],[93.4072748455633,23.70724376690727],[93.43690617302809,23.687040715959537],[93.41650156625658,23.64762863665141],[93.42856114458228,23.588281221917644],[93.409815319457,23.563648662775964],[93.41853631442133,23.540007095233882],[93.39472258810432,23.503759565996894],[93.38801284338963,23.446377600359487],[93.40164726385484,23.383748554785384],[93.38763068633381,23.359396960751962],[93.3557726187552,23.351891917048093],[93.37288270256013,23.329417939736718],[93.36261471196605,23.279137560721917],[93.38861304280765,23.21691821921964],[93.36823432706484,23.144098716165335],[93.38561298539432,23.133835432408485],[93.35566459410346,23.11605216719997],[93.33926061454494,23.07383377921773],[93.35205975791631,23.07039713771371],[93.29353538030018,23.00643960118604],[93.22946170043367,23.01164986058361],[93.20986536301591,23.04853955816274],[93.18460949093156,23.059540720250027],[93.15609191641737,23.04318060409591],[93.13626500524052,23.06064764563333],[93.12581260096998,23.04072272038198],[93.12016702630095,23.002441711180182],[93.14062747833724,22.989955345886077],[93.13803911318367,22.950564520645536],[93.16453698314436,22.91049353007001],[93.1311738875158,22.906093462333647],[93.1105468906609,22.81805312198345],[93.09471769953039,22.8061863711511],[93.10735593153116,22.752615438533386],[93.09545940392238,22.672487893682785],[93.14031375214016,22.592265173826405],[93.10655038717071,22.527025056089716],[93.12820711693368,22.52365335347138],[93.13870432521716,22.454516202417786],[93.16346904931622,22.451298246189594],[93.18529009930623,22.42815307630734],[93.20178944855952,22.262566382007922],[93.1776191075655,22.24572496828037],[93.1420954291342,22.245464089587422],[93.16146139318217,22.1970963978025],[93.15082749266196,22.176260318747676],[93.12356239790915,22.173546027279997],[93.1110425138968,22.2040283720521],[93.03822036608693,22.19502802930294],[93.0491001518829,22.168902209235917],[93.0371953275478,22.144378643553196],[93.05957592897204,22.10125220930583],[93.00453237286663,22.10359273205849],[92.9948135133694,22.032192373130655],[93.00741352942032,21.982325471274017],[92.98056133827616,21.980058240766017],[92.95224920550932,22.029710341124723],[92.927245767554,22.015636108170504],[92.9357773679857,22.005696959457886],[92.9038518539738,21.940039505355127],[92.89443094837632,22.003745913032446],[92.86506479657176,22.023692211645635],[92.86340280675321,22.062674049596488],[92.84110021710413,22.059395117521124],[92.8099420874423,22.095921880511344],[92.6997641267659,22.15507306611893],[92.68962938945133,22.071881628420975],[92.6880380442748,22.10372635969674],[92.68176563479224,22.103460474251275],[92.67974816839154,22.011552715391417],[92.65161265072274,22.01590889873732],[92.63494020313516,21.98321973553727],[92.60321990126211,21.977625102061253],[92.61276069047358,21.990114922798796],[92.59261632920139,22.037438211968833],[92.60265905232491,22.06110055027367],[92.56262006767207,22.12802368120933],[92.57849806260208,22.14340736571529],[92.60574637909168,22.123392340330074],[92.60922646482756,22.16401864026513],[92.59522573182058,22.175390146817815],[92.58116581653131,22.32176385942349],[92.55207663845758,22.40897357125653],[92.55128148932326,22.513296356222234],[92.52167127424795,22.559884306311744],[92.53937466799417,22.58914842293027],[92.51669953204733,22.722168890489623],[92.50563617107277,22.739221456709824],[92.47384417445117,22.746208516716937],[92.44923604383997,22.895008987119354],[92.43373077561542,22.885791059614473],[92.42026517877795,22.91834509949313],[92.40109920448266,22.911952692040877],[92.3975862213673,22.929698804724588],[92.37177858684004,22.936171143586822],[92.39238450315082,23.056450741019265],[92.35801185772253,23.103270177995917],[92.3681996526201,23.127264335015905],[92.346784691252,23.2356734238748],[92.4041904428727,23.240657245833855],[92.38116455849004,23.28510286902094],[92.38568301034606,23.306203364213307],[92.36436410856366,23.32291833274863],[92.37905780987782,23.361827770269926],[92.35642535635068,23.37234696264552],[92.35740103853313,23.410698266657022],[92.31713375651894,23.471654445092753],[92.31339816431543,23.55635563839502],[92.30184776228624,23.592431871129442],[92.28725916812323,23.59603878964775],[92.29603907337842,23.62108136033203],[92.27303032282731,23.641664696332594],[92.29094235168053,23.69083117134053],[92.26549056835279,23.7250070903167],[92.26052875370176,23.80857618180284],[92.28583943181826,23.81580340746172],[92.2734505350926,23.84408320221857],[92.28953685583137,23.86872457407161],[92.32480818761378,23.868836126726485],[92.31538172552122,23.88092222184647],[92.33208311054209,23.909310826394293],[92.31128060302727,23.958099547630454],[92.330711694249,23.990055618905355],[92.31422174278812,24.047514292617254],[92.33659988477706,24.1481792887082],[92.32447654877173,24.2060919646201],[92.29574709164166,24.227332035231505],[92.29302129249895,24.248409844680456],[92.4225375683713,24.25499488679425],[92.41889658140009,24.192697234736155],[92.43572606543646,24.179293006188022],[92.43642196400322,24.153033002735857],[92.47867923290123,24.14202221283939],[92.483714928919,24.16303275484175],[92.53421229024971,24.180146535739368],[92.55089605769116,24.24722231527852],[92.61230321566951,24.25346762979851],[92.62477012146972,24.334075301295723],[92.64576450837255,24.327781710352134],[92.66136777003763,24.348155821909657],[92.68483592728195,24.346536737137594],[92.76359683417515,24.521121842948272]]]}},{"type":"Feature","properties":{"OBJECTID":14,"STATE":"NAGALAND","Shape_Leng":1043256.09136,"Shape_Area":15959331724.2},"geometry":{"type":"Polygon","coordinates":[[[95.19318222073024,27.03221507066537],[95.19173086857369,26.9852413837506],[95.2323036348653,26.902867213694723],[95.22816286142384,26.881025852399496],[95.20839575117624,26.8826825184493],[95.18106437760319,26.856485890128894],[95.20304061580839,26.84656440946952],[95.20845676548107,26.79496001064034],[95.24224977141958,26.783416534215064],[95.209483118709,26.729094870755166],[95.23185979402729,26.70892544890788],[95.23376425053023,26.682084034093723],[95.20959620968398,26.648846827469065],[95.14892756204773,26.61586720375363],[95.15419426966649,26.583142395690032],[95.13891981772706,26.556564012159843],[95.10754536134664,26.541538110320296],[95.11453827438555,26.51851071281604],[95.06197521643598,26.45018299933549],[95.08445224810842,26.447054900556505],[95.10386290386009,26.420658682522102],[95.09977243071927,26.39373158935802],[95.13213667504814,26.377841228292805],[95.11459852202447,26.232889378040408],[95.14268026747443,26.211634223935707],[95.12195509698795,26.18523313127766],[95.11786895540781,26.101077380835264],[95.16533019020791,26.092108373885562],[95.18588808769877,26.073099057320764],[95.1261070170849,25.985750997957798],[95.08949618217281,25.950485071031437],[95.03135204926906,25.93114610942659],[95.01177407358091,25.897777459267907],[95.00918643349362,25.866610201213383],[95.04996599709452,25.799991162275205],[95.04896571879159,25.759355045749018],[94.935979883754,25.66761134549403],[94.91508900182744,25.607680898571633],[94.88171373186832,25.591049071475677],[94.89850393134886,25.565327647499704],[94.84592230843117,25.561938346147606],[94.8079931771412,25.49329397266813],[94.78345043074013,25.480400543062494],[94.75142055774943,25.493889678781237],[94.71807727072927,25.46948635760868],[94.68361892753698,25.466430226719563],[94.67536613464682,25.445816631768736],[94.61656319410581,25.46237317628742],[94.55377493576478,25.504201214490127],[94.56683808889093,25.54885435899094],[94.55120620767323,25.580004862808554],[94.59382587108912,25.637099651920803],[94.57233439720129,25.641286616741723],[94.59653113169169,25.68307052884196],[94.57125538854339,25.691953361573344],[94.50513614604958,25.613640103309052],[94.46856060848587,25.61418867802186],[94.42492040015392,25.586515881113023],[94.41653644400358,25.536483674389768],[94.2976938926405,25.484708745005907],[94.28472552935379,25.507998429195684],[94.20849552159346,25.496179038633496],[94.18642599665594,25.523679551369593],[94.19208612584792,25.548413741381783],[94.16472579538477,25.541281795753182],[94.15675625993705,25.55153004706253],[94.1372692001723,25.518047133764224],[94.0848146258497,25.530212804164496],[94.0849747620885,25.554327778362094],[94.06719485465915,25.552120643372934],[94.01288460573436,25.59223987390146],[94.00747284212814,25.567158502314637],[93.96025948507302,25.550550767047266],[93.83518717988473,25.56167928454363],[93.81649932551696,25.54032952987644],[93.76535516809585,25.53806934492386],[93.76123341914663,25.495900747877627],[93.8002905518557,25.496886046199762],[93.80514215083679,25.463974204025636],[93.70995686275862,25.357531746666595],[93.68689521064874,25.36039208055778],[93.61034523276969,25.2035731499794],[93.58818704165635,25.201055600686246],[93.552600936234,25.247383780192436],[93.50104837994185,25.24253244859656],[93.50641506360444,25.269319453834928],[93.47145077854488,25.27185107704297],[93.47170837621985,25.304042162683785],[93.44851342402646,25.340252132455277],[93.47361253859519,25.379279885403978],[93.45819314425165,25.430984137172548],[93.39022962416198,25.460402211972568],[93.38543392220258,25.49070827503501],[93.32696927723266,25.546964684767016],[93.35871608075983,25.554632196675257],[93.42737852704583,25.632534438818503],[93.46089576750974,25.63231081532127],[93.49700270740652,25.655119916422933],[93.52195224015111,25.69778728990201],[93.54053681953425,25.699453335444638],[93.54232554871795,25.73217666915365],[93.56793534323971,25.758434228706438],[93.6174208900405,25.775988302490138],[93.6461362265485,25.82237958275621],[93.6682924606697,25.821828068866303],[93.68829705786047,25.845948691147047],[93.71432185680389,25.84451327660181],[93.68152923874446,25.904386427572966],[93.75131325996516,25.932808774221364],[93.76544974933819,25.9697517319144],[93.79516979944216,25.906674726706534],[93.77753575864662,25.84981186176478],[93.79547429074692,25.808927800771727],[93.83970250933454,25.856609990101582],[93.88180175433153,25.843349384432116],[93.91599580949413,25.88370126897739],[93.97869537458186,25.916729294654292],[93.95300075666958,26.002965939686792],[93.98738784024398,26.066786361591088],[94.00107849440008,26.172267428491264],[94.03203289689871,26.197536694025],[94.04768703514907,26.24936469463035],[94.0746233690719,26.26437982841912],[94.10505415676447,26.319948597559392],[94.17455588026806,26.340460461660232],[94.16015509652232,26.354293701942318],[94.17758126714557,26.382012115857602],[94.17173381300083,26.42978495353956],[94.25633679106599,26.541223415248844],[94.2847850505567,26.561069051220073],[94.2897476338772,26.479714931034977],[94.3166222684254,26.458323706021503],[94.325522809295,26.481949454060832],[94.35284761421414,26.490058784725775],[94.34596790214277,26.50357006247337],[94.37083607721536,26.504381519425262],[94.38496191517591,26.53121520071067],[94.39607389804821,26.526868441632896],[94.41357246747083,26.577540105477834],[94.40305656639664,26.610732025273673],[94.46549491977638,26.633060970228616],[94.46028390072976,26.661630130697056],[94.49267442697432,26.66588940519087],[94.53926424023025,26.706184924413105],[94.56235295025022,26.705068636163997],[94.56649402566106,26.68355813970475],[94.57732287463907,26.700660989426712],[94.5938792076695,26.697195117017788],[94.59707146353553,26.73455265297031],[94.60963581737435,26.736937220955575],[94.62030174884568,26.712122406890202],[94.69234522450827,26.73193063109196],[94.74018464013179,26.775983262029744],[94.75832868595882,26.766005745843863],[94.77021727406928,26.789038763739313],[94.80200281750886,26.80080522020427],[94.79495453251965,26.81440574857209],[94.81442898628029,26.819791188975422],[94.81736053126056,26.847768233350564],[94.8735873118297,26.91751623587588],[94.92222210185479,26.945729875594484],[94.93085092778077,26.932559006487626],[94.96123830328561,26.93712384491026],[94.98261821633376,26.912998246091792],[95.01475863572462,26.92202844007391],[95.09527200510534,26.957549353567998],[95.19318222073024,27.03221507066537]]]}},{"type":"Feature","properties":{"OBJECTID":15,"STATE":"SIKKIM","Shape_Leng":466571.001963,"Shape_Area":6853415214.48},"geometry":{"type":"Polygon","coordinates":[[[88.60996104612525,28.12869131526871],[88.67206385417254,28.072340964322198],[88.7562864410044,28.0759731718586],[88.83627832747399,28.014814525906306],[88.83693675618585,27.92878043534674],[88.86040736897833,27.927154488525957],[88.88263280235441,27.890772409289248],[88.88269251353672,27.834268477735776],[88.85578163927215,27.815082993473723],[88.86514115709647,27.742248033869096],[88.83798351651626,27.706287315034544],[88.84838624659979,27.66800791684101],[88.81526016771016,27.646092926637703],[88.79129471984633,27.575103178444728],[88.76374710244012,27.565070122652944],[88.7928153204547,27.528898580080988],[88.78254836294259,27.44965459509463],[88.79633934945842,27.447310579323073],[88.82330993485971,27.390582362173735],[88.83767073227031,27.379156049077505],[88.86095047069254,27.38653749612081],[88.88401515482771,27.34251521972541],[88.91920237689007,27.32796608150154],[88.90773751223855,27.277040307955904],[88.80309608291151,27.247836216063906],[88.78676036901858,27.18198600790552],[88.76460813876552,27.177017500857573],[88.73862480130656,27.135399560708482],[88.69153224844528,27.17839213482806],[88.66025948862355,27.160552035122304],[88.59222674318727,27.191263515241083],[88.52106261653726,27.17345387089967],[88.53235354671044,27.150060482462976],[88.47624259675084,27.12230231289103],[88.45957703199151,27.09057712974895],[88.43294659000125,27.079259570144373],[88.34139051051946,27.110122857392245],[88.32154083207854,27.104746730883672],[88.30229352830635,27.129290169310853],[88.23002325073925,27.118980502321666],[88.19462679219927,27.134849881360008],[88.15634930873563,27.1100041828682],[88.13636131901805,27.114745178202924],[88.08884962083033,27.143263658798706],[88.06466005207707,27.21431199983285],[88.01233168263863,27.215928406810853],[88.032046635857,27.286390214707012],[88.06692781438161,27.335774756709167],[88.04157328020094,27.372931077075442],[88.05071357253597,27.412984657683545],[88.07505689364115,27.433222685870987],[88.0440843224067,27.495810703796284],[88.08183179517475,27.584220908159995],[88.14469098843821,27.665354647188828],[88.15617447139614,27.736110255809887],[88.17836971331072,27.746184624875934],[88.19717192802415,27.79117232742309],[88.17359118712852,27.82059547018346],[88.2019009287819,27.842495483029154],[88.13501398400486,27.881619917726013],[88.11958089448744,27.91600455623149],[88.13786256844122,27.937154477014655],[88.12939117252225,27.94937164344665],[88.14521402937534,27.96408473347979],[88.20640127025797,27.941668373451115],[88.20796035007521,27.96165979713144],[88.23717377049259,27.97084793359007],[88.25108464801116,27.942350999572575],[88.35226590761802,27.98994847087606],[88.39906563464235,27.978036794326275],[88.43059328150841,28.008086764135864],[88.46781649417306,28.017135056940884],[88.49561890108522,28.053931379874207],[88.52351398035673,28.034985787201983],[88.55080433383594,28.037571690906308],[88.55254617523038,28.08141611635712],[88.61934447790581,28.098076248683512],[88.60996104612525,28.12869131526871]]]}},{"type":"Feature","properties":{"OBJECTID":16,"STATE":"LAKSHADWEEP","Shape_Leng":147563.017302,"Shape_Area":30760922.6543},"geometry":{"type":"MultiPolygon","coordinates":[[[[73.01056067797165,8.276229294673476],[73.01188575534066,8.276722525460995],[73.0116136959662,8.275958360621324],[73.01056067797165,8.276229294673476]]],[[[73.01388864012725,8.301977199061033],[73.01349839627356,8.301809817598917],[73.01357088893144,8.302049381755372],[73.01388864012725,8.301977199061033]]],[[[73.05402292202692,8.273012484120189],[73.04262885079278,8.263669689920958],[73.02135124426533,8.268162599644688],[73.01762310310113,8.275101204869882],[73.04762763301989,8.275136059178509],[73.06350480325084,8.293544012895552],[73.06851764206868,8.30880313867988],[73.07480236177645,8.320319084194065],[73.0782878408525,8.323967977298517],[73.05402292202692,8.273012484120189]]],[[[73.63119758899602,10.067974922657095],[73.63030353356898,10.068300352493697],[73.63163544879696,10.068363646415587],[73.63119758899602,10.067974922657095]]],[[[73.63164914502256,10.068924223088521],[73.6316172402702,10.068657529551867],[73.63127969640729,10.068734346359385],[73.63164914502256,10.068924223088521]]],[[[73.6329081378459,10.069665548409523],[73.63281684770374,10.068485718847574],[73.63225125428781,10.068702651113353],[73.6329081378459,10.069665548409523]]],[[[73.63457477338676,10.071995805745003],[73.63378269903528,10.071089497689576],[73.63351168721526,10.071854967480547],[73.63457477338676,10.071995805745003]]],[[[73.63111872683805,10.073197401526999],[73.63045597884877,10.073040758811862],[73.6311314530504,10.073533186696585],[73.63111872683805,10.073197401526999]]],[[[73.62843778203165,10.073851511916084],[73.62780833514263,10.072206042421023],[73.62615255311258,10.072174389031913],[73.62758940954268,10.073941937009263],[73.62843778203165,10.073851511916084]]],[[[73.65110086842107,10.101647798437826],[73.64108646432149,10.056913054024664],[73.6349059777614,10.070953895565223],[73.65110086842107,10.101647798437826]]],[[[73.65251554807008,10.108889568853765],[73.65196806438504,10.1084240088168],[73.65201824016413,10.109215040760862],[73.65251554807008,10.108889568853765]]],[[[72.28852044742487,10.045279695309647],[72.28534111409286,10.046024602853738],[72.29036558081117,10.05285663022849],[72.28852044742487,10.045279695309647]]],[[[73.66025185932163,10.153899672885155],[73.66409693936508,10.140844173575813],[73.66128093729952,10.129579273595528],[73.65990756851006,10.128928428492992],[73.66025185932163,10.153899672885155]]],[[[72.33823750043813,10.102055999699976],[72.33484840058328,10.104169199498847],[72.337397699819,10.104873500086333],[72.33823750043813,10.102055999699976]]],[[[72.33157692980983,10.132679891830552],[72.3271839907257,10.129537415078127],[72.32792159487954,10.138406779528673],[72.33157692980983,10.132679891830552]]],[[[72.64045408978248,10.578966441349328],[72.64952689483849,10.563262290179287],[72.61703642652365,10.54188993958255],[72.64045408978248,10.578966441349328]]],[[[73.65969661293585,10.81070192632681],[73.69932559380327,10.816097739020943],[73.70163874707363,10.814026922703865],[73.67163393797658,10.803703199376761],[73.65969661293585,10.81070192632681]]],[[[72.53710910017459,10.783173799953666],[72.53116670019334,10.780949900098998],[72.53587430006375,10.785371900424146],[72.53710910017459,10.783173799953666]]],[[[72.16646426038257,10.81443071093863],[72.16868159399144,10.812563631459891],[72.16465800000812,10.81267250412886],[72.16646426038257,10.81443071093863]]],[[[72.20409579061118,10.878246536936711],[72.2026347634469,10.869084217398918],[72.17952951662095,10.8285505225223],[72.16991681496542,10.817910949290903],[72.20409579061118,10.878246536936711]]],[[[72.28451642382366,10.937276113893825],[72.29330550678051,10.945813079294513],[72.28936108132837,10.935419817924963],[72.28451642382366,10.937276113893825]]],[[[72.31686705238958,10.949381123863308],[72.32035800399366,10.945751993964402],[72.31521699531798,10.943328038752169],[72.31686705238958,10.949381123863308]]],[[[72.33291798708578,10.952575409477596],[72.33127609746748,10.950296905890651],[72.3301552677049,10.951223379530514],[72.33291798708578,10.952575409477596]]],[[[72.33281241985851,10.954663802564959],[72.33423983711738,10.953154267907097],[72.33369553441158,10.952788023705589],[72.33281241985851,10.954663802564959]]],[[[72.33522268016831,10.957561679779884],[72.33417535276168,10.95612853312086],[72.33396443007406,10.958985327077432],[72.33522268016831,10.957561679779884]]],[[[72.72011505923376,11.113689323998052],[72.7184071789036,11.127015451771287],[72.733528630735,11.136114453321667],[72.73108071566224,11.125411409003293],[72.72011505923376,11.113689323998052]]],[[[72.76194610756565,11.182586183625926],[72.77932586754356,11.24234501110817],[72.79007604401346,11.260149044375867],[72.77694938231367,11.217148690576737],[72.76194610756565,11.182586183625926]]],[[[73.00827828350111,11.469517259346645],[72.99805078106517,11.496967857833086],[72.99942506242546,11.498188921271948],[73.0098194691588,11.487349743798744],[73.00827828350111,11.469517259346645]]],[[[72.18814513146047,11.600946420683806],[72.18650788575857,11.59843811538976],[72.18505052230394,11.601394505170607],[72.18814513146047,11.600946420683806]]],[[[72.71723434034288,11.694463721878535],[72.70541252833111,11.68248890588235],[72.71635655948941,11.7036623024476],[72.71723434034288,11.694463721878535]]]]}},{"type":"Feature","properties":{"OBJECTID":17,"STATE":"ANDAMAN & NICOBAR","Shape_Leng":5838112.2363,"Shape_Area":7846487435.24},"geometry":{"type":"MultiPolygon","coordinates":[[[[93.84781218333096,6.781868224543496],[93.84777303503195,6.781646383892232],[93.8474337498846,6.782037867170011],[93.84781218333096,6.781868224543496]]],[[[93.95049759028706,6.935237778620075],[93.9493075308732,6.935016391902087],[93.94947511660972,6.935807655791769],[93.95049759028706,6.935237778620075]]],[[[93.95329420065349,6.937845500000965],[93.95293730005773,6.937903600170817],[93.95322780011824,6.938335200480422],[93.95329420065349,6.937845500000965]]],[[[93.94626410069895,6.953947499777919],[93.9462060001464,6.953839600380019],[93.94618109999692,6.953972399887245],[93.94626410069895,6.953947499777919]]],[[[93.94765850076678,6.954254600506166],[93.94734309999664,6.95408859999805],[93.9474759001075,6.9544206001961895],[93.94765850076678,6.954254600506166]]],[[[93.94595700045384,6.9564458003616645],[93.94584910025,6.95635450053957],[93.94589890055431,6.9564872998816],[93.94595700045384,6.9564458003616645]]],[[[93.94443809994856,6.987039599956626],[93.94420569994617,6.98684870007532],[93.94424720066681,6.9870810999763435],[93.94443809994856,6.987039599956626]]],[[[93.94532619999036,6.991944900198224],[93.94518510073293,6.991803799834455],[93.945201699943,6.991978099884909],[93.94532619999036,6.991944900198224]]],[[[93.9446871004116,6.992301800597761],[93.9444049005312,6.991646099939719],[93.94420570001584,6.9922022005784195],[93.9446871004116,6.992301800597761]]],[[[93.94688500025262,7.011567900227458],[93.94664590009505,7.011441600661682],[93.94667910051473,7.0117404007137125],[93.94688500025262,7.011567900227458]]],[[[93.94542370066944,7.012945500030191],[93.94525980043781,7.0128941006324075],[93.94536770013734,7.01298540050788],[93.94542370066944,7.012945500030191]]],[[[93.92694350060454,7.028354399890329],[93.92687530000548,7.028249100593359],[93.9268587001374,7.0283486999437566],[93.92694350060454,7.028354399890329]]],[[[93.90329427468671,7.078234354802621],[93.9045046835255,7.0771449861659805],[93.90293115149517,7.0783553956604335],[93.90329427468671,7.078234354802621]]],[[[93.70968869990828,7.230012699546317],[93.72073269963094,7.212984699538514],[93.71877470019571,7.206098699896333],[93.70968869990828,7.230012699546317]]],[[[93.83742487763443,7.240453880091339],[93.8370781658021,7.218077079562336],[93.8699484144034,7.204713170201917],[93.88104365287597,7.0896908298723265],[93.90176460585344,7.081497159340405],[93.91244205388654,7.025135768406291],[93.92434488699195,7.028593617470128],[93.94462964184753,7.0014031571996895],[93.93343661711822,6.988870060501924],[93.92342873990039,7.009508343307316],[93.90987861273868,6.999317083130448],[93.94135109077904,6.954342592813862],[93.91537701670676,6.947282902996078],[93.90968206957469,6.9106362453049135],[93.89147481812257,6.9011962761808485],[93.88901646444006,6.847792349155707],[93.90528841994431,6.834846380226847],[93.89772353017266,6.813464360997241],[93.87598728577386,6.793226355483617],[93.86241179054448,6.813532573126968],[93.84701796242129,6.811338971065596],[93.85493850973263,6.819989095717636],[93.85524580176069,6.826197161452241],[93.85510102750766,6.827838550575574],[93.85054070319296,6.833322944718271],[93.84720652941253,6.834959554193653],[93.84198085572635,6.778498552442081],[93.82247903538315,6.752782631992987],[93.79915130067404,6.766185984200793],[93.80986967342166,6.811972857244997],[93.79548946917035,6.809511036217232],[93.77775675505214,6.832228551262467],[93.78561194662987,6.846902488748415],[93.76262641313996,6.862894838620045],[93.77686023696216,6.880477758419112],[93.76365736935074,6.884458375628334],[93.75697280494423,6.911472907272499],[93.74420169041552,6.904958556429164],[93.73170887466452,6.921883601145214],[93.74101096615452,6.956258874388833],[93.72634910496288,6.958804684798052],[93.71560534011894,6.9895474331925],[93.71980885831543,6.99084201175096],[93.7220728887817,6.986705584232223],[93.7250927382293,6.9821850107264005],[93.73120392863156,6.975395617187474],[93.73276082589834,6.974717885202993],[93.73381958556175,6.975048201582096],[93.7369459249068,6.976921034483256],[93.73569767252343,6.989906522233207],[93.73844936169148,6.989030166686187],[93.73895138025826,6.989803471059186],[93.73815364781939,6.994247830207486],[93.73310752328882,6.9955168917293165],[93.73734257300009,6.99786936551792],[93.73764413201971,7.000004472796208],[93.73285397461457,6.995765487790184],[93.73307290036308,6.9750299141070595],[93.71749954566995,6.994991978954255],[93.695992263369,6.992003756573125],[93.69310489526198,7.009635441015465],[93.69868034821717,7.009734099454382],[93.7012735763354,7.010398322077707],[93.70321984251915,7.011835876187642],[93.70147807283698,7.015408206468651],[93.69818393229667,7.018533022080003],[93.70071901874039,7.0231446065519965],[93.70072827442249,7.024428752612892],[93.70008124905489,7.025360208612393],[93.69779119371533,7.024912985365596],[93.69534247535692,7.022910284573297],[93.70179414357098,7.011004121798424],[93.67602640631449,7.0174869871194305],[93.65502683595292,7.005493187093545],[93.66697115945081,7.022565522664037],[93.65242832594939,7.067139692843367],[93.66028663113828,7.081599016069688],[93.64439138780895,7.10068514748808],[93.65433640365994,7.10913079989785],[93.6619907648404,7.109437783054848],[93.6617735283822,7.1105771717277],[93.66582934647295,7.110780308726395],[93.66727341207027,7.112606833307579],[93.64839771620856,7.110668444677405],[93.64317932516622,7.127276219078475],[93.66499460584814,7.141987774041563],[93.66083720551697,7.177418550412061],[93.67632642791425,7.1930388080810745],[93.72215559596933,7.18901177418245],[93.74095719854361,7.2062296943805295],[93.74336455393787,7.201160507462856],[93.73982879392804,7.20177181034247],[93.73761447821353,7.200221517659872],[93.73905777632747,7.196459299644094],[93.7387131758914,7.1944518316458],[93.7392186179304,7.19394684174793],[93.74510756026913,7.201155502145147],[93.73998444906604,7.20873035335509],[93.74929367753822,7.215918187586079],[93.79206683855249,7.208264008753161],[93.79622742433483,7.235429850384659],[93.83742487763443,7.240453880091339]]],[[[93.79784610095801,7.248827207819497],[93.79049426704954,7.240999274528548],[93.78745117932081,7.243150846032747],[93.79784610095801,7.248827207819497]]],[[[93.847672699791,7.288576700196959],[93.84421870018967,7.2874766997537614],[93.84782670028096,7.289654700217372],[93.847672699791,7.288576700196959]]],[[[93.616916448842,7.330624566495132],[93.62295321195589,7.327848469743309],[93.61947067873125,7.325180837907818],[93.616916448842,7.330624566495132]]],[[[93.68041431023538,7.4115958628577205],[93.67375437694903,7.397611812170954],[93.67037211947441,7.409408599614832],[93.68041431023538,7.4115958628577205]]],[[[93.76501869975696,7.40284470043826],[93.77060670038838,7.395848700278834],[93.7625547002716,7.396310700298674],[93.76501869975696,7.40284470043826]]],[[[93.69947140957139,7.447384789821466],[93.70969636754022,7.405071365861959],[93.74408089099605,7.376723172565213],[93.74383225417742,7.361449798140019],[93.713600313692,7.311368145413337],[93.67487490616317,7.29185939941798],[93.63580805784143,7.242813979432189],[93.60709450316692,7.310508333509734],[93.62331546976905,7.322798059020008],[93.62410799878879,7.333274237664288],[93.61832900563934,7.354461740652161],[93.61943837228982,7.374256676068599],[93.6549249031807,7.385184043580799],[93.65630500701172,7.365963236998166],[93.67029327170746,7.391151064785762],[93.70180406348031,7.393638055546758],[93.6898844393186,7.404224665919856],[93.69947140957139,7.447384789821466]]],[[[93.63084851339197,7.4726432427146765],[93.63066277188307,7.472041818314495],[93.63056765457101,7.472638669124287],[93.63084851339197,7.4726432427146765]]],[[[93.64811069966946,7.476852700146406],[93.64364469945518,7.471858699855297],[93.6433367003035,7.475004700419914],[93.64811069966946,7.476852700146406]]],[[[93.62242695416441,7.482518055361554],[93.62177464929823,7.4778745077599265],[93.61866229422283,7.483209799189021],[93.62242695416441,7.482518055361554]]],[[[93.54057469930808,7.52421870053821],[93.54704270011233,7.513834700533474],[93.54145469937968,7.511876699845966],[93.54057469930808,7.52421870053821]]],[[[93.44223571713621,7.8766650987943825],[93.4412380945917,7.8767240406602355],[93.44159650339661,7.877574016304893],[93.44223571713621,7.8766650987943825]]],[[[93.38773686221,7.891052747500707],[93.3862858724257,7.8913105257215665],[93.38725167877723,7.8920067622697845],[93.38773686221,7.891052747500707]]],[[[93.39097482230302,7.896482761852063],[93.387052292997,7.895922247929359],[93.38913835459039,7.900335009305781],[93.39097482230302,7.896482761852063]]],[[[93.39037184516926,7.901741051153248],[93.39254388627496,7.899430633021249],[93.39108374036815,7.899530143270265],[93.39037184516926,7.901741051153248]]],[[[93.3950696893061,7.8986256568936986],[93.399736069254,7.901921520589153],[93.39871552573787,7.898494384960753],[93.3950696893061,7.8986256568936986]]],[[[93.32623427064118,7.930982524990645],[93.3234271547576,7.930186454261112],[93.32261067872226,7.931565342061269],[93.32623427064118,7.930982524990645]]],[[[93.34020128829434,7.940438024335787],[93.33479101698838,7.93871491662689],[93.3388269795493,7.942739307073106],[93.34020128829434,7.940438024335787]]],[[[93.56881192074778,7.926990844332693],[93.56849903835824,7.926877754865469],[93.56851715289054,7.927054110837141],[93.56881192074778,7.926990844332693]]],[[[93.47747293304928,8.00934189018829],[93.47662444366283,8.009233514671726],[93.47688322237644,8.009916312911642],[93.47747293304928,8.00934189018829]]],[[[93.47870278204992,8.010739040599388],[93.47742760228586,8.00976697888876],[93.47785439056446,8.011028748783378],[93.47870278204992,8.010739040599388]]],[[[93.36945490175339,8.023525207823779],[93.40136592859689,8.008781475613102],[93.39226218693126,7.993361208089288],[93.40361737925961,7.961557600682415],[93.42091141127366,7.96861386811769],[93.45190107209073,7.939293012183477],[93.46620778593518,7.891097250688571],[93.45445967915512,7.87244006852635],[93.41197567684502,7.906934791140011],[93.3880954138074,7.901582886589021],[93.3679572873111,7.877665195358371],[93.33499429532446,7.9001434620358575],[93.32681108485393,7.923463681835845],[93.33548174117749,7.924495390819607],[93.34114993379266,7.930170144837518],[93.34182885250071,7.9468584879724755],[93.3318919746868,7.94950708217096],[93.33855454975986,7.9461031608621235],[93.33148956334054,7.938289620805994],[93.33785710735233,7.935233837776066],[93.32359426321625,7.935856189251763],[93.32107810148707,7.929349758152613],[93.32447531894502,7.925185950146456],[93.3219541734502,7.922934050869755],[93.30786693456857,7.933855594672612],[93.30061048177889,7.961479660482795],[93.31997703202583,8.007378550851941],[93.36945490175339,8.023525207823779]]],[[[93.47558193152734,8.01435333280755],[93.47472893123985,8.014041440718893],[93.47520089954858,8.01459310918727],[93.47558193152734,8.01435333280755]]],[[[93.47507410566746,8.015746433569417],[93.4743434025478,8.0150998167572],[93.47466572787,8.015882131302478],[93.47507410566746,8.015746433569417]]],[[[93.4756097566258,8.016980944597847],[93.47482931791035,8.017035392647152],[93.47557347540803,8.017229730672925],[93.4756097566258,8.016980944597847]]],[[[93.5408421306692,8.028452523603772],[93.57331131731173,7.994228094945152],[93.56941944019806,7.928265923509119],[93.49471607623286,7.99324075893459],[93.51592822305174,8.00068266095249],[93.52207686111711,8.026178556274559],[93.53244859593083,8.015999047808654],[93.53197401925517,8.008394118254632],[93.53801710661757,8.002499597316158],[93.5380996144938,7.998711826256976],[93.5409983415013,7.9965919229451545],[93.54271381863101,7.991881123100935],[93.54376624758562,7.991361361268735],[93.5408421306692,8.028452523603772]]],[[[93.47469725173606,8.035695788663936],[93.47358087634021,8.03493619041997],[93.47359915517299,8.03590853286696],[93.47469725173606,8.035695788663936]]],[[[93.49325425654163,8.048381745941287],[93.49513728014176,8.048087319377853],[93.49366224868824,8.046857590554488],[93.49325425654163,8.048381745941287]]],[[[93.51409201060518,8.064837852608076],[93.51364304025894,8.064548428118776],[93.51376994805275,8.064932778827869],[93.51409201060518,8.064837852608076]]],[[[93.51487112787903,8.069269008739322],[93.51446739509046,8.069087979415594],[93.51453087204713,8.069476841852923],[93.51487112787903,8.069269008739322]]],[[[93.51419813407979,8.075056049827555],[93.5131320240455,8.075218572405793],[93.51379420964436,8.075661769148162],[93.51419813407979,8.075056049827555]]],[[[93.57594973642507,8.119159783554888],[93.59154941818984,8.049863360084336],[93.584759667232,8.038071159878927],[93.56258676549673,8.067484054421557],[93.57820984133826,8.074240951994762],[93.56076366096899,8.092988398643778],[93.56766939024952,8.119583688843903],[93.5608701005192,8.108053394843607],[93.55286926382176,8.120390620457677],[93.57594973642507,8.119159783554888]]],[[[93.1940735289233,8.186548992986411],[93.1937331841677,8.186386247920677],[93.1938148279022,8.18663043548194],[93.1940735289233,8.186548992986411]]],[[[93.18827929372195,8.190609964966097],[93.18793889697423,8.190338761089151],[93.18791627199965,8.19068693020445],[93.18827929372195,8.190609964966097]]],[[[93.19744132647983,8.190418528313858],[93.19706915951824,8.190355302110321],[93.19719627330466,8.1905632840666],[93.19744132647983,8.190418528313858]]],[[[93.17533307453826,8.194152015539746],[93.1752195850843,8.193727020596478],[93.17486568305443,8.19411585604993],[93.17533307453826,8.194152015539746]]],[[[93.1865690087534,8.193838437257398],[93.18605163064395,8.193689336608955],[93.18624686136667,8.19415951742019],[93.1865690087534,8.193838437257398]]],[[[93.18813482212798,8.195379954865052],[93.18782167609507,8.195149442290507],[93.18779445719834,8.195380022504532],[93.18813482212798,8.195379954865052]]],[[[93.21146487780993,8.197089198525958],[93.21107451445593,8.196795336856246],[93.21117446778446,8.197129874402467],[93.21146487780993,8.197089198525958]]],[[[93.12707663302001,8.21637258922507],[93.12655935528467,8.215992753024278],[93.1265321267038,8.216309261886195],[93.12707663302001,8.21637258922507]]],[[[93.11766888625597,8.219012919048394],[93.1171697699418,8.218931565253554],[93.11757360102962,8.219175674902123],[93.11766888625597,8.219012919048394]]],[[[93.1173148948015,8.220292409166346],[93.11705173413917,8.220156804866622],[93.1170880161696,8.220346658246196],[93.1173148948015,8.220292409166346]]],[[[93.23865470024657,8.222384000420226],[93.2384746996746,8.221412000291407],[93.23786270023253,8.22238400016451],[93.23865470024657,8.222384000420226]]],[[[93.22657435554531,8.224868710669627],[93.22729589878085,8.22454746340627],[93.2262520285127,8.224375918222767],[93.22657435554531,8.224868710669627]]],[[[93.23414866473897,8.224333225553506],[93.233939769735,8.223908213854719],[93.23377646465426,8.224120785170328],[93.23414866473897,8.224333225553506]]],[[[93.24238368906946,8.232961883966897],[93.24212038216855,8.23281731667758],[93.24225208920059,8.233052326181527],[93.24238368906946,8.232961883966897]]],[[[93.24199362672834,8.233857249332528],[93.24178032401844,8.233821105304695],[93.24183476890661,8.233916049622957],[93.24199362672834,8.233857249332528]]],[[[93.24214348493325,8.234227928815324],[93.242030000324,8.234096839134061],[93.2420073093884,8.234259578771415],[93.24214348493325,8.234227928815324]]],[[[93.51330998793419,8.235059540727562],[93.53463278844188,8.228997386187414],[93.53652658541101,8.202403696077463],[93.52525560083464,8.178063064626901],[93.52553924746145,8.187105721501629],[93.50412852851221,8.175999813635805],[93.49279068951287,8.146169365630884],[93.5377625518011,8.089986775698849],[93.54079513014786,8.036138791987517],[93.52125871700345,8.050588902536775],[93.51444524729479,8.0334830168638],[93.4984511599502,8.03592063859576],[93.49108751349014,7.998454354537272],[93.47585222600452,8.04610203683188],[93.49911421502516,8.038046079952428],[93.49377872249984,8.057521824204306],[93.50184676476006,8.069007578729119],[93.50384852661254,8.0500322930534],[93.51569197888206,8.05325476395762],[93.52115593016136,8.080383982755873],[93.50458196884333,8.085655763052237],[93.47574935528098,8.052899545741647],[93.46971713958717,8.088611362232879],[93.48390744166281,8.087635789864722],[93.48783819285254,8.090764449478415],[93.48786198371624,8.095065431243372],[93.46893241239337,8.090334639055424],[93.45878286527116,8.102113502845867],[93.45637555771494,8.1407098830485],[93.43746706228053,8.170381252918988],[93.48675446098545,8.1985152947972],[93.48193050069787,8.22118368849915],[93.51330998793419,8.235059540727562]]],[[[93.22662130931533,8.26571444108484],[93.2411500276398,8.235643312842612],[93.22950080688219,8.221802564277652],[93.20969326829679,8.2514041096424],[93.22662130931533,8.26571444108484]]],[[[93.22673061091632,8.2669397545161],[93.22642188744466,8.266799636327374],[93.2266307626148,8.267003038656116],[93.22673061091632,8.2669397545161]]],[[[93.08963313636318,8.345831472710456],[93.08886561640746,8.345533147262449],[93.08916997688364,8.345994394011552],[93.08963313636318,8.345831472710456]]],[[[93.11722629287142,8.35650505542797],[93.13350586875575,8.346540219761902],[93.11972429443207,8.272803199102894],[93.19282650469988,8.218600299238055],[93.19090311906302,8.196116489234987],[93.11162386523824,8.223642560498712],[93.07584267915628,8.273460319166022],[93.08493169503456,8.340800828096572],[93.11722629287142,8.35650505542797]]],[[[93.04969827848501,8.44270875230837],[93.04942135041394,8.44245995039473],[93.04958018590821,8.442753903616326],[93.04969827848501,8.44270875230837]]],[[[93.04956652602311,8.443205992328162],[93.0495983825606,8.442970899170431],[93.04944849494143,8.443029712986577],[93.04956652602311,8.443205992328162]]],[[[93.0502247900981,8.443893354914808],[93.05038834099885,8.443409588884702],[93.05015222421387,8.443337256488112],[93.0502247900981,8.443893354914808]]],[[[93.05004756368618,8.444698143117945],[93.04972059361427,8.44458050411266],[93.04971608380745,8.444833684782274],[93.05004756368618,8.444698143117945]]],[[[93.05032903756107,8.444955899103721],[93.0498886062281,8.444878889288468],[93.0500883157482,8.445114042460409],[93.05032903756107,8.444955899103721]]],[[[93.04983405807505,8.445267755439902],[93.04968422459247,8.445046163392544],[93.04966146049446,8.445344572931234],[93.04983405807505,8.445267755439902]]],[[[93.0497249188406,8.445724378554903],[93.04957971706055,8.445489218027346],[93.04954332222677,8.445755970628424],[93.0497249188406,8.445724378554903]]],[[[93.63588559960695,8.392627999947093],[93.63548719931417,8.392652899652798],[93.63587729961185,8.392793999542612],[93.63588559960695,8.392627999947093]]],[[[93.62598579329182,8.394319362850675],[93.62542274590774,8.394206291154083],[93.62587676881746,8.394527295484584],[93.62598579329182,8.394319362850675]]],[[[93.62755665356693,8.394925130618581],[93.62721613534403,8.394925130189309],[93.62751130859803,8.395024605674468],[93.62755665356693,8.394925130618581]]],[[[93.62726153886368,8.395313986662002],[93.62708452305168,8.395264250061112],[93.62711626975012,8.395350125730008],[93.62726153886368,8.395313986662002]]],[[[93.63120703290342,8.394843776543077],[93.63250552289432,8.394730714091615],[93.63302311263507,8.394142872178096],[93.63120703290342,8.394843776543077]]],[[[93.62625363088789,8.39572541220385],[93.62602208108467,8.39576611993291],[93.62616281464021,8.395960542228895],[93.62625363088789,8.39572541220385]]],[[[93.63455317838155,8.39546303900212],[93.64356984112688,8.389214449888906],[93.6337950076475,8.394554347934873],[93.63455317838155,8.39546303900212]]],[[[93.62455555169967,8.397755421403023],[93.62554990187752,8.397154169855325],[93.62486432153305,8.396530167868079],[93.62455555169967,8.397755421403023]]],[[[93.62329792630528,8.3980990380837],[93.62310271819824,8.398090030372098],[93.6231526445889,8.39818501273779],[93.62329792630528,8.3980990380837]]],[[[93.62317532955511,8.398569293500323],[93.62298007944828,8.398420090577611],[93.62308907999518,8.398650652539523],[93.62317532955511,8.398569293500323]]],[[[93.6244420972678,8.397863959431598],[93.62372472216805,8.397692157892612],[93.62387910867938,8.398587354042796],[93.6244420972678,8.397863959431598]]],[[[93.62357942775914,8.398623556119833],[93.62334334745653,8.398501462436688],[93.62347047106653,8.398704950995377],[93.62357942775914,8.398623556119833]]],[[[93.63400149954018,8.397483500175307],[93.63361969934509,8.396753099923762],[93.63371929984896,8.39784040004418],[93.63400149954018,8.397483500175307]]],[[[93.62328879986725,8.399039537045017],[93.62311627116448,8.398899343376542],[93.62309813266154,8.399030432013122],[93.62328879986725,8.399039537045017]]],[[[93.62340235899703,8.39933792844839],[93.62324798214851,8.39918866107086],[93.62318441051025,8.39936504565114],[93.62340235899703,8.39933792844839]]],[[[93.62258965390559,8.400504372351712],[93.62236712553512,8.400337122980831],[93.62236713083108,8.400454615881188],[93.62258965390559,8.400504372351712]]],[[[93.63246599980994,8.399591699643613],[93.63233320002308,8.399417399401022],[93.63227509951241,8.399483799631511],[93.63246599980994,8.399591699643613]]],[[[93.62314803643446,8.400477258702729],[93.62287569855725,8.400346086964184],[93.62303906421707,8.40054960973517],[93.62314803643446,8.400477258702729]]],[[[93.62285749423322,8.400834448169295],[93.6226440902093,8.40080728942809],[93.62269853516909,8.401001667566016],[93.62285749423322,8.400834448169295]]],[[[93.622330850934,8.401114766515356],[93.62213106599307,8.400970093046181],[93.62219911397456,8.401150882758264],[93.622330850934,8.401114766515356]]],[[[93.62266229519247,8.402028045052214],[93.62235347952381,8.401919542766269],[93.62245791453068,8.402077752631763],[93.62266229519247,8.402028045052214]]],[[[93.62373439934227,8.417461599434873],[93.6233774994754,8.417171099991448],[93.62341899930803,8.41765250015281],[93.62373439934227,8.417461599434873]]],[[[93.04442197958568,8.464169835680584],[93.04916706464981,8.442383096147095],[93.03341068394587,8.441579448024337],[93.02886793410269,8.467964186586581],[93.04442197958568,8.464169835680584]]],[[[93.61423494476193,8.418543916835347],[93.61360836888376,8.417910940866157],[93.61344943675856,8.41891010382695],[93.61423494476193,8.418543916835347]]],[[[93.62275499973678,8.41884769939867],[93.6225059993699,8.418839399436132],[93.62263049984625,8.41899709969659],[93.62275499973678,8.41884769939867]]],[[[93.61330407490543,8.419701304386834],[93.61290457288597,8.419638070656625],[93.61300438351759,8.420031367421972],[93.61330407490543,8.419701304386834]]],[[[93.61259572178353,8.421016990343645],[93.61280464241396,8.420207692151774],[93.61241863412592,8.420985338140033],[93.61259572178353,8.421016990343645]]],[[[93.62275499939649,8.41963619979248],[93.62242300008648,8.419436999512778],[93.62240639966622,8.420134199561058],[93.62275499939649,8.41963619979248]]],[[[93.61375814110984,8.420958283707941],[93.61345844282641,8.420822627128391],[93.613481108653,8.421026100841058],[93.61375814110984,8.420958283707941]]],[[[93.62224869982296,8.42093929989447],[93.62204119951717,8.42078159938485],[93.62212419951472,8.421013999667112],[93.62224869982296,8.42093929989447]]],[[[93.62210759973145,8.421794199664554],[93.62194989941314,8.42168629983974],[93.62199139997398,8.421885499716618],[93.62210759973145,8.421794199664554]]],[[[93.6127137689653,8.422897867714303],[93.61242312142866,8.422857166546017],[93.61256844213001,8.42301992866689],[93.6127137689653,8.422897867714303]]],[[[93.62040610000352,8.42591100011278],[93.62034799939164,8.425819699568056],[93.62030649983336,8.425894399366472],[93.62040610000352,8.42591100011278]]],[[[93.6200326000813,8.427720400159458],[93.61997449993744,8.427604199873254],[93.61997449970208,8.42767059954665],[93.6200326000813,8.427720400159458]]],[[[93.62628249940946,8.428998599360332],[93.62648169961967,8.4287578998962],[93.62603350007485,8.428923899466959],[93.62628249940946,8.428998599360332]]],[[[93.606519959681,8.432527788930852],[93.60624749169516,8.432324338153279],[93.60617028142924,8.432500651771806],[93.606519959681,8.432527788930852]]],[[[93.6070828307608,8.43633471772124],[93.60648349622146,8.43588249699035],[93.60640170807031,8.436036296295127],[93.6070828307608,8.43633471772124]]],[[[93.61633079973336,8.454504499633927],[93.61613159966828,8.454413200226202],[93.61622289941175,8.454554299573964],[93.61633079973336,8.454504499633927]]],[[[93.61793269942379,8.455027399977334],[93.61772519967266,8.455060599850555],[93.61784970009796,8.455342799702327],[93.61793269942379,8.455027399977334]]],[[[93.61730189971296,8.455467299713693],[93.61707779950284,8.455434100026459],[93.61707779990668,8.455525399823188],[93.61730189971296,8.455467299713693]]],[[[93.61759239971067,8.456255800058692],[93.61738489986833,8.45615619937168],[93.61750939951482,8.456305599951907],[93.61759239971067,8.456255800058692]]],[[[93.61658810001809,8.456496499387493],[93.61642209995321,8.455782700173353],[93.61611499955579,8.456023399468467],[93.61658810001809,8.456496499387493]]],[[[93.60628714483916,8.457846629275712],[93.60714094519614,8.456716325530216],[93.60578769193233,8.45750297404776],[93.60628714483916,8.457846629275712]]],[[[93.61138662593453,8.459370438655132],[93.61040121551127,8.459356873278308],[93.61134573935695,8.45959653360607],[93.61138662593453,8.459370438655132]]],[[[93.62043929946552,8.45892839967694],[93.620406099666,8.458662799742678],[93.61994130001892,8.458845400207085],[93.62043929946552,8.45892839967694]]],[[[93.62592699795977,8.470687301607994],[93.62540932823495,8.470334659701685],[93.62499607174702,8.471125837854341],[93.62592699795977,8.470687301607994]]],[[[93.61247129941438,8.486268599941537],[93.61168279966094,8.485023599738655],[93.6115001992887,8.48528089962173],[93.61247129941438,8.486268599941537]]],[[[93.60308862879678,8.487482982604766],[93.60391072131009,8.486714435768418],[93.60268906952832,8.486203482426212],[93.60308862879678,8.487482982604766]]],[[[93.6289651609741,8.48771416826151],[93.62904696711219,8.487013334840256],[93.62873354879939,8.487637299420683],[93.6289651609741,8.48771416826151]]],[[[93.62865642447392,8.488089392500777],[93.62835210881993,8.487998982637373],[93.62835207165911,8.488143699835325],[93.62865642447392,8.488089392500777]]],[[[93.60610812410971,8.498519433401386],[93.60558130483166,8.498487782048796],[93.6060672381813,8.498749959665766],[93.60610812410971,8.498519433401386]]],[[[93.61393299181123,8.501666806052294],[93.6144869868035,8.501987837746237],[93.61449611093477,8.501612553398893],[93.61393299181123,8.501666806052294]]],[[[93.61469592237506,8.50253942303752],[93.61426447006062,8.502720186134507],[93.61474129355216,8.5026750234504],[93.61469592237506,8.50253942303752]]],[[[93.62446929193554,8.503032364849464],[93.6242966757637,8.503036892903674],[93.6244510607213,8.503163454037105],[93.62446929193554,8.503032364849464]]],[[[93.62412867502478,8.503366936508444],[93.62412865053801,8.503127249239853],[93.6239923885953,8.503308092757639],[93.62412867502478,8.503366936508444]]],[[[93.61457324452223,8.504519710130902],[93.61442788817924,8.504469921814893],[93.6144688138864,8.504610142012183],[93.61457324452223,8.504519710130902]]],[[[93.61496836037684,8.50485428722495],[93.61469590994339,8.504754772117078],[93.61469133479068,8.504962719668802],[93.61496836037684,8.50485428722495]]],[[[93.61445966884641,8.50497176848628],[93.61420990162219,8.504967279221825],[93.61426437226899,8.505111910553982],[93.61445966884641,8.50497176848628]]],[[[93.61463225295967,8.505573158215352],[93.61434165588484,8.505432970178266],[93.61450055148066,8.505654498494529],[93.61463225295967,8.505573158215352]]],[[[93.61415540690851,8.505663545170902],[93.61391012114721,8.505564077071275],[93.61394191681774,8.505790147508058],[93.61415540690851,8.505663545170902]]],[[[93.6229024671592,8.505089495293726],[93.6230478000466,8.50478653296563],[93.62282071616016,8.505044221395986],[93.6229024671592,8.505089495293726]]],[[[93.62194412983928,8.507906136054121],[93.62200313726412,8.507707236316337],[93.62183060355402,8.507820301491769],[93.62194412983928,8.507906136054121]]],[[[93.60837782106469,8.522572617999769],[93.60788736458301,8.522631363655771],[93.60794178261237,8.522857489139394],[93.60837782106469,8.522572617999769]]],[[[93.60999471860255,8.52329610935669],[93.60979028249267,8.523065516547154],[93.60987662474353,8.523368382753542],[93.60999471860255,8.52329610935669]]],[[[93.61094836439145,8.526433797482621],[93.6107303117275,8.526384122123417],[93.61058949082692,8.526849789947418],[93.61094836439145,8.526433797482621]]],[[[93.60872275210977,8.527989023805457],[93.60914974873526,8.528016211950819],[93.60921786319874,8.527939314619868],[93.60872275210977,8.527989023805457]]],[[[93.61970492654834,8.527568878575241],[93.61940513823768,8.52748750177631],[93.61968674758546,8.527677354448313],[93.61970492654834,8.527568878575241]]],[[[93.61521752611714,8.529562620047441],[93.61540829616742,8.529255156192622],[93.61512216031838,8.529359172396642],[93.61521752611714,8.529562620047441]]],[[[93.61389132723009,8.53064765593285],[93.61356427893688,8.530566318031973],[93.6137323335123,8.530769741873698],[93.61389132723009,8.53064765593285]]],[[[93.61313731947332,8.532786228879576],[93.61285118202287,8.532777183654227],[93.61309638952835,8.532930829963453],[93.61313731947332,8.532786228879576]]],[[[93.61223789575543,8.536959209056045],[93.61195628026124,8.537167231717438],[93.61204713373111,8.537275717075866],[93.61223789575543,8.536959209056045]]],[[[93.60294953073678,8.5390340860658],[93.60226372418101,8.539110858246133],[93.60237720440595,8.539336983438238],[93.60294953073678,8.5390340860658]]],[[[93.61251031087149,8.53873156276628],[93.61247849598101,8.538324595989785],[93.612305923589,8.53870891139947],[93.61251031087149,8.53873156276628]]],[[[93.6006097107086,8.549893866580675],[93.60033265014106,8.549712947515182],[93.60044169419533,8.549948034163474],[93.6006097107086,8.549893866580675]]],[[[93.61048878038744,8.54969534779401],[93.60990279956707,8.549645620412925],[93.61005269555554,8.550025447320042],[93.61048878038744,8.54969534779401]]],[[[93.60955755965531,8.550821084840273],[93.6091851694214,8.550635709692385],[93.60933954441198,8.551146680215108],[93.60955755965531,8.550821084840273]]],[[[93.5998870726235,8.558036416772193],[93.59977800208114,8.557959613995722],[93.5997871463881,8.558054570693354],[93.5998870726235,8.558036416772193]]],[[[93.59984156296393,8.55845236802419],[93.59971896462771,8.558267048692896],[93.59967354744258,8.558393566122335],[93.59984156296393,8.55845236802419]]],[[[93.60000961694399,8.558651365342536],[93.5999324122917,8.558556423330733],[93.59991428216901,8.558642287232114],[93.60000961694399,8.558651365342536]]],[[[93.59959170778589,8.558646767334796],[93.59941912731045,8.558574404240153],[93.59951450654177,8.558728200008709],[93.59959170778589,8.558646767334796]]],[[[93.61120157011312,8.558213347502265],[93.61091542497024,8.558154556147475],[93.61117883989037,8.558376099786415],[93.61120157011312,8.558213347502265]]],[[[93.61043845290789,8.55860664470025],[93.61019322481822,8.558507177058717],[93.610261335551,8.55871066833428],[93.61043845290789,8.55860664470025]]],[[[93.61107432703461,8.558651859815953],[93.61082909832862,8.558552392369801],[93.61089721000602,8.558755883380487],[93.61107432703461,8.558651859815953]]],[[[93.60086789503752,8.561567530154331],[93.60063175388323,8.561526833871481],[93.60084523649849,8.561721237470051],[93.60086789503752,8.561567530154331]]],[[[93.60058629232965,8.56185686000748],[93.60044545863792,8.561807150799009],[93.60045911259046,8.561938279435951],[93.60058629232965,8.56185686000748]]],[[[93.61064731813254,8.560975783601558],[93.61075630951856,8.560659314324313],[93.61056560446875,8.560790403051385],[93.61064731813254,8.560975783601558]]],[[[93.60141742715524,8.563335391086762],[93.60099954008611,8.56329018306495],[93.60143106060917,8.563452951735142],[93.60141742715524,8.563335391086762]]],[[[93.60038632855334,8.563968321897146],[93.60098590846789,8.563520757020127],[93.60041363055971,8.56329914365689],[93.60038632855334,8.563968321897146]]],[[[93.60307980999184,8.56369712641879],[93.60300264496414,8.563339975911388],[93.60276638575961,8.5640905221419],[93.60307980999184,8.56369712641879]]],[[[93.60297987312815,8.564863610760492],[93.60283904242965,8.564700842877494],[93.60278907477918,8.564822935942392],[93.60297987312815,8.564863610760492]]],[[[93.61042005740397,8.564226483313252],[93.61035654275142,8.563715552509478],[93.61017027247394,8.564235560785978],[93.61042005740397,8.564226483313252]]],[[[93.603229666732,8.565840242396579],[93.60305250918069,8.565691008291079],[93.60307520289491,8.56584925691909],[93.603229666732,8.565840242396579]]],[[[93.6111058508509,8.566279112743434],[93.61108315532589,8.566007895497147],[93.6109741394192,8.56613894611308],[93.6111058508509,8.566279112743434]]],[[[93.60345670178107,8.567020236032132],[93.60329773524258,8.56676704852428],[93.60317053493777,8.566893693556827],[93.60345670178107,8.567020236032132]]],[[[93.60298881458392,8.56730958652741],[93.60286620366519,8.567119656063598],[93.60279800137006,8.567318658229057],[93.60298881458392,8.56730958652741]]],[[[93.60733564296345,8.570099433712022],[93.60714036731798,8.570045109977682],[93.60722210284264,8.570244057849466],[93.60733564296345,8.570099433712022]]],[[[93.60767179336031,8.570397835653745],[93.60738560540379,8.57037522190634],[93.60745369354709,8.57050626422147],[93.60767179336031,8.570397835653745]]],[[[93.60775346271286,8.570840902867754],[93.607503632727,8.570881545151046],[93.60766266583995,8.570944880016995],[93.60775346271286,8.570840902867754]]],[[[93.60718100571684,8.573436034765418],[93.606981153243,8.573304927766534],[93.60700845817895,8.573503870265755],[93.60718100571684,8.573436034765418]]],[[[93.60245695772443,8.574181762108761],[93.60233432143609,8.573860772581536],[93.60225713712889,8.573896891426157],[93.60245695772443,8.574181762108761]]],[[[93.60656777427664,8.573874586175275],[93.6063724607849,8.573797650364599],[93.60644974897004,8.573942335939478],[93.60656777427664,8.573874586175275]]],[[[93.60202539947792,8.574349041366553],[93.60184379039376,8.574145544105923],[93.6017528680281,8.574344490908098],[93.60202539947792,8.574349041366553]]],[[[93.6030610264517,8.574728844148567],[93.60284306957698,8.57458419677734],[93.60293387724803,8.574774086137088],[93.6030610264517,8.574728844148567]]],[[[93.60565479118239,8.574507437640902],[93.60575012841167,8.57428596124286],[93.60562754986526,8.574290494875498],[93.60565479118239,8.574507437640902]]],[[[93.60548668209965,8.574796863963641],[93.60555933039055,8.574593331877717],[93.60539587364862,8.574606883827725],[93.60548668209965,8.574796863963641]]],[[[93.60296564351592,8.575095127245879],[93.60280212952378,8.575072499421045],[93.60282485107352,8.575190046320834],[93.60296564351592,8.575095127245879]]],[[[93.6052459161852,8.575054475225105],[93.60508240239739,8.575031938544923],[93.60510512504781,8.575149486029444],[93.6052459161852,8.575054475225105]]],[[[93.60289753772024,8.575529113715591],[93.60278850359624,8.575479356041484],[93.60284298800651,8.575569810161646],[93.60289753772024,8.575529113715591]]],[[[93.60282019992277,8.576275069833413],[93.60266577254461,8.57625251746439],[93.60268398814648,8.57645138458495],[93.60282019992277,8.576275069833413]]],[[[93.60265670853155,8.57655544300105],[93.60250228106561,8.57653280006009],[93.6025204054882,8.576731757622074],[93.60265670853155,8.57655544300105]]],[[[93.60591824677702,8.573716236160395],[93.61167023510092,8.53253746060532],[93.61469975910538,8.528626759772965],[93.62553657899227,8.523694229097856],[93.62147185724992,8.507621345768577],[93.6323481091153,8.467721297324504],[93.6264310710365,8.47145141433581],[93.62116784374354,8.470881674097193],[93.61718536973838,8.468078478412991],[93.61301341852686,8.423232421329494],[93.60691896364534,8.444599447809127],[93.61376607743955,8.462331975677076],[93.60944218428439,8.481474564082209],[93.61921036773121,8.486606414297896],[93.61206558262857,8.526320876239396],[93.60021492776978,8.544974724488108],[93.60591824677702,8.573716236160395]]],[[[93.60644550005415,8.581021400378317],[93.60863669929466,8.579900899594131],[93.60798929945024,8.578655900132327],[93.60644550005415,8.581021400378317]]],[[[93.59616968530072,8.582545590442786],[93.59824576590024,8.58003641939655],[93.59787788947196,8.579964087716588],[93.59616968530072,8.582545590442786]]],[[[92.86339646902256,8.834361878260838],[92.86309270431863,8.834194613458502],[92.86312537551622,8.834375709336951],[92.86339646902256,8.834361878260838]]],[[[92.85958145498765,8.841023367840764],[92.86194460055617,8.823733150815809],[92.84767437513679,8.81655372554845],[92.84837033032643,8.834113333127755],[92.85958145498765,8.841023367840764]]],[[[92.77142600766076,9.258822580381597],[92.81766541105672,9.21199055687401],[92.82730336846525,9.138836919535745],[92.79906515703468,9.120594233188974],[92.7273155681939,9.124898851642744],[92.7144420929083,9.154402250885152],[92.7177504250811,9.214555922967014],[92.76371673112698,9.215825365637444],[92.77142600766076,9.258822580381597]]],[[[92.50296219930898,10.89771677550212],[92.53288002571986,10.890860959611544],[92.52806614023342,10.88491083153405],[92.52953987933705,10.86708325232097],[92.54222782202292,10.859158407678597],[92.52989601802665,10.86886895325074],[92.53377218952963,10.889966167582019],[92.56247631945232,10.862173783316985],[92.5674298428266,10.81026821018242],[92.5485466692745,10.80963127969152],[92.55159782988457,10.803516012930269],[92.57922086253855,10.785444705570356],[92.5615331662853,10.802840215093877],[92.571238473396,10.810562741785452],[92.58714809213969,10.788108316258164],[92.59810203436021,10.67917537054558],[92.58026285379019,10.680805344002573],[92.58235021217259,10.658030619173836],[92.55370337268486,10.64003786406264],[92.54069295309894,10.62215999745369],[92.53851521158114,10.614908258224732],[92.54232245807674,10.594783311780677],[92.56989193090925,10.578790666135482],[92.53293671679317,10.518548659787593],[92.51326433803602,10.51083920023362],[92.43505162003216,10.548907648809463],[92.3876499331169,10.53153213173381],[92.38208630942152,10.543976875834215],[92.41911758275914,10.615793508312848],[92.40112266493945,10.659493622240742],[92.38136228975497,10.67028016411513],[92.37307326750772,10.782743272490908],[92.3836796259124,10.79552712523821],[92.3950317436791,10.785591560438176],[92.39240283617569,10.775208452398969],[92.3952057144628,10.748951376864287],[92.39875730152838,10.743942549887796],[92.39595482827593,10.760494830385904],[92.40347983820968,10.76835541618941],[92.40837576852948,10.763993073702233],[92.40609425146127,10.758247869669034],[92.40841174793259,10.755296000842462],[92.41932533457161,10.772576251362944],[92.41037805282923,10.76436812878223],[92.40258836692067,10.769042466855918],[92.39686911556886,10.763139170919786],[92.39338579150566,10.775217432136273],[92.39390697917406,10.777721737341013],[92.39561677715515,10.773947266315755],[92.40416128473188,10.775357349112113],[92.41059847824552,10.77829067899526],[92.39565787116531,10.77485126077753],[92.39563070538573,10.786310253777497],[92.41689070935564,10.795715943302456],[92.42549428734522,10.826805712870417],[92.45728548376555,10.841744539344065],[92.45450604694827,10.866864321148158],[92.4792894970203,10.873055405300173],[92.49653435967423,10.89705251643056],[92.51103535513835,10.871814209927692],[92.5024186361379,10.873804295596802],[92.49144906091222,10.871474030879748],[92.49013733177944,10.859965854901517],[92.486136669437,10.862154930529357],[92.47681673750823,10.861809665374786],[92.49060825183071,10.859635724159949],[92.49585732223488,10.870708685412922],[92.50034227720876,10.86315370523804],[92.50384089796805,10.86253580127048],[92.50636937832172,10.863662382770926],[92.50798396517771,10.862822271378306],[92.49798378628545,10.871189767565582],[92.51045067806672,10.86986127090795],[92.51788390080219,10.877408298000638],[92.50296219930898,10.89771677550212]]],[[[92.62076309767663,10.924691051645496],[92.62453667787842,10.923285314173416],[92.6238002723099,10.922195889485298],[92.62076309767663,10.924691051645496]]],[[[92.60847654578465,10.939612032482653],[92.61347670536524,10.925974570515569],[92.6020089406386,10.936284677261526],[92.60847654578465,10.939612032482653]]],[[[92.60107083481921,10.941121274260311],[92.60618937606051,10.94061983280026],[92.60605222647132,10.940176869364803],[92.60107083481921,10.941121274260311]]],[[[92.60796869862028,10.942617916085075],[92.60780856598363,10.94176361052825],[92.60721394256304,10.94220201486322],[92.60796869862028,10.942617916085075]]],[[[92.60591024601585,10.943182858892218],[92.60607034886978,10.942323990727663],[92.60580042057914,10.942839322751666],[92.60591024601585,10.943182858892218]]],[[[92.59931879910623,10.942016129242573],[92.59598391371155,10.94421264315794],[92.59628123165056,10.945044435304206],[92.59931879910623,10.942016129242573]]],[[[92.6032523892048,10.945496991086195],[92.60560815360816,10.945596631248703],[92.60562193011175,10.945144638496053],[92.6032523892048,10.945496991086195]]],[[[92.60076345870557,10.951554018974237],[92.60006824557172,10.950952779003694],[92.59977081183557,10.951490587328761],[92.60076345870557,10.951554018974237]]],[[[92.20819222380946,10.979831761115276],[92.22466669152612,10.978099879710651],[92.21335082674261,10.972796302923722],[92.20819222380946,10.979831761115276]]],[[[92.66653973782903,10.992686490756679],[92.65953394562972,10.980794637559796],[92.65817180002165,10.99080258877333],[92.66653973782903,10.992686490756679]]],[[[92.72421921197844,11.14831034736586],[92.73036936936076,11.141789730137734],[92.7220330654865,11.1407438072625],[92.72421921197844,11.14831034736586]]],[[[92.67393982483595,11.190232419684984],[92.6800777811293,11.181213011047879],[92.67586042432083,11.176788152413154],[92.67393982483595,11.190232419684984]]],[[[92.67257170384605,11.195322738534479],[92.6719901849028,11.194965686867587],[92.67208184356366,11.195481009351768],[92.67257170384605,11.195322738534479]]],[[[92.70510974247169,11.290118724769766],[92.70478183584798,11.263791744983369],[92.6862347551343,11.241799745233312],[92.69380963686012,11.284584094283273],[92.70510974247169,11.290118724769766]]],[[[92.72230414023691,11.333026354283527],[92.72230773801103,11.316657781476243],[92.70677524814701,11.299638538027397],[92.6955061447832,11.309844114840761],[92.72230414023691,11.333026354283527]]],[[[92.55060887956704,11.398127710798695],[92.54092519282295,11.391208935314712],[92.54192659337251,11.398175167442128],[92.55060887956704,11.398127710798695]]],[[[92.55468231587288,11.397052851146428],[92.55903628657109,11.390987416311843],[92.55164584101229,11.392102247868927],[92.55468231587288,11.397052851146428]]],[[[92.23977769910209,11.516328136478087],[92.24056101559061,11.515346940893398],[92.23890653360898,11.51574087001691],[92.23977769910209,11.516328136478087]]],[[[92.25540153260741,11.51505829708641],[92.25917870295812,11.514386276572491],[92.25472351183281,11.514131283640765],[92.25540153260741,11.51505829708641]]],[[[92.2398423487981,11.517589254583],[92.23931052583396,11.517245950721161],[92.23932896370482,11.51765275079713],[92.2398423487981,11.517589254583]]],[[[92.26693296291808,11.517440473695371],[92.27188811833847,11.516746113997343],[92.2668600882916,11.516192807287169],[92.26693296291808,11.517440473695371]]],[[[92.20690901530486,11.533272680139271],[92.20704160739297,11.532228408676405],[92.20662937532273,11.533159785387708],[92.20690901530486,11.533272680139271]]],[[[92.20581833270204,11.534158977938482],[92.2053048423257,11.533856265327739],[92.20501158015884,11.534380673354255],[92.20581833270204,11.534158977938482]]],[[[92.20712060964443,11.535903469503276],[92.20679509433366,11.535537429955236],[92.20673554502466,11.535713783937421],[92.20712060964443,11.535903469503276]]],[[[92.56088275049578,11.514358248406063],[92.56051151078158,11.514091449496922],[92.56051142909021,11.514557096298635],[92.56088275049578,11.514358248406063]]],[[[92.61502857044707,11.511074158508725],[92.60964331692125,11.502367588520752],[92.60306616099545,11.503122153775845],[92.61502857044707,11.511074158508725]]],[[[92.64462457062432,11.51424682370195],[92.64323578442759,11.514319280892517],[92.64453755246325,11.51511932780273],[92.64462457062432,11.51424682370195]]],[[[92.63620820107757,11.515908831696413],[92.67425748473882,11.490403033502275],[92.68458559418974,11.436074931675032],[92.67101860037579,11.415491402454318],[92.6362597944839,11.416878173512224],[92.63371628946106,11.403719303654764],[92.67479587678703,11.399768750051658],[92.69066119032735,11.374528053683283],[92.66374286566565,11.352785118770894],[92.59765386931586,11.34502499767197],[92.57960184166477,11.367439634934358],[92.59118173721177,11.379198823075512],[92.58573170267171,11.39999209367855],[92.62178989403345,11.404451730331404],[92.61066209469803,11.472307383133465],[92.63620820107757,11.515908831696413]]],[[[92.5882491642436,11.530450958993272],[92.58666319077494,11.530355831196323],[92.58661268096607,11.530844016326451],[92.5882491642436,11.530450958993272]]],[[[92.61625646811204,11.528405301479335],[92.61580722184793,11.527722738281845],[92.61526636748918,11.528454998831318],[92.61625646811204,11.528405301479335]]],[[[92.59321782984364,11.53213759960485],[92.5916091843738,11.529890844253426],[92.58950513412206,11.53077205985446],[92.59321782984364,11.53213759960485]]],[[[92.61585753933458,11.531994499837069],[92.61521121656635,11.531311856366925],[92.61476658498893,11.531750329099665],[92.61585753933458,11.531994499837069]]],[[[92.63078724585606,11.533563093980437],[92.63046635243012,11.532943839607523],[92.6305397325063,11.533563141422173],[92.63078724585606,11.533563093980437]]],[[[92.55516527339019,11.540403426402698],[92.55491796399839,11.539282296113612],[92.55456955364359,11.539526295699288],[92.55516527339019,11.540403426402698]]],[[[92.55873604176617,11.541064160688878],[92.56849296674883,11.529706511907023],[92.565438325407,11.516632912577062],[92.55122142387526,11.528852884751208],[92.55873604176617,11.541064160688878]]],[[[92.59658732666928,11.528865211448627],[92.6054063152827,11.532717270412373],[92.60591141269288,11.518776423263423],[92.59658732666928,11.528865211448627]]],[[[92.58522703476294,11.540711804388733],[92.58194109888248,11.535363766975163],[92.58327865453612,11.541932052608653],[92.58522703476294,11.540711804388733]]],[[[92.1970102326115,11.578131016724285],[92.19662951984542,11.577299375871267],[92.19652895295853,11.578280334974254],[92.1970102326115,11.578131016724285]]],[[[92.26795303031771,11.571739515282694],[92.26914477026419,11.57225987325209],[92.26835204856837,11.571183656570144],[92.26795303031771,11.571739515282694]]],[[[92.19865059978999,11.579906700069767],[92.1980386001676,11.579022699863396],[92.19783459963112,11.57990670020086],[92.19865059978999,11.579906700069767]]],[[[92.19717634354745,11.581982276127338],[92.19589259143952,11.582086593853504],[92.19655774334387,11.58326174805002],[92.19717634354745,11.581982276127338]]],[[[92.54153253750532,11.555796256614814],[92.54080428359435,11.55369405200821],[92.54024468563749,11.554692913324919],[92.54153253750532,11.555796256614814]]],[[[92.6285367312691,11.54783394647458],[92.6257679234998,11.5436752646581],[92.6272944875459,11.54896857869617],[92.6285367312691,11.54783394647458]]],[[[92.54141273734537,11.557785162987434],[92.54414983466454,11.556800491978906],[92.5412801668367,11.556460637934212],[92.53897488292023,11.554448444397536],[92.54141273734537,11.557785162987434]]],[[[92.19748045106746,11.587903912486702],[92.19723190677966,11.58423798396931],[92.19658092521688,11.584265203966238],[92.19748045106746,11.587903912486702]]],[[[92.56238129473925,11.557573390550733],[92.56208326465234,11.55766825781307],[92.56220699925639,11.557718002846217],[92.56238129473925,11.557573390550733]]],[[[92.19905779822743,11.588771422051806],[92.20217576449008,11.589756031973659],[92.20198286332833,11.588567271132476],[92.19905779822743,11.588771422051806]]],[[[92.56310054966467,11.559793097779437],[92.5627292172026,11.559842728924068],[92.5632975744846,11.560132161167006],[92.56310054966467,11.559793097779437]]],[[[92.56710714744067,11.55996568678945],[92.56666263716846,11.559233229217144],[92.56669005881051,11.559771173029711],[92.56710714744067,11.55996568678945]]],[[[92.57057294736126,11.559817102591719],[92.56997695262515,11.559844162914775],[92.57057292400042,11.56013353202268],[92.57057294736126,11.559817102591719]]],[[[92.5739376638776,11.560527453449525],[92.57354369185786,11.559234567503081],[92.57336949246192,11.559379187543282],[92.5739376638776,11.560527453449525]]],[[[92.63112241032499,11.557579893846773],[92.63166341248267,11.55674812719801],[92.63109834266437,11.556066796194711],[92.63112241032499,11.557579893846773]]],[[[92.26427861072044,11.5891551811201],[92.26550276528177,11.58912392926943],[92.26609887536152,11.588830370504],[92.26427861072044,11.5891551811201]]],[[[92.59889836140599,11.56061664113312],[92.5984240883873,11.56030045812371],[92.59862170219554,11.560893300471067],[92.59889836140599,11.56061664113312]]],[[[92.22176365439616,11.594437722511248],[92.22236823864696,11.592624806711887],[92.22013112858782,11.59358392710832],[92.22176365439616,11.594437722511248]]],[[[92.60130195699445,11.554676998552637],[92.61825003924763,11.544809840563682],[92.60964186866929,11.531406620425082],[92.60130195699445,11.554676998552637]]],[[[92.20283076724769,11.587441424985546],[92.21898031719593,11.593688250373843],[92.2206256133584,11.591721343598646],[92.22711652191947,11.588351480477904],[92.26930961395533,11.58521073096426],[92.26669154016052,11.561690302202416],[92.27299530827308,11.535302612377446],[92.26012172115678,11.517247979892758],[92.21035075128592,11.53081262235586],[92.20283076724769,11.587441424985546]]],[[[92.22959928248862,11.594787507411189],[92.22802666974644,11.594684111606165],[92.22945296267554,11.595700720309923],[92.22959928248862,11.594787507411189]]],[[[92.60799458054989,11.560594581368774],[92.60484516610103,11.560562813529604],[92.60642657634553,11.563266067068145],[92.60799458054989,11.560594581368774]]],[[[92.53019096273823,11.570022882520554],[92.52891623678009,11.570768338035508],[92.52972293452302,11.5710669944389],[92.53019096273823,11.570022882520554]]],[[[92.56692171229142,11.570104805711274],[92.56361666357176,11.568531085045946],[92.56606428951577,11.570855031441695],[92.56692171229142,11.570104805711274]]],[[[92.57662264946171,11.56896746355849],[92.571823608882,11.564428117361727],[92.57636105169786,11.571055752098285],[92.57662264946171,11.56896746355849]]],[[[92.56936001723047,11.57357243297468],[92.56881469057517,11.572595927361215],[92.5687641177925,11.573038889035203],[92.56936001723047,11.57357243297468]]],[[[92.52607975548867,11.58012007227113],[92.5298079890801,11.577418113989157],[92.5283641095938,11.576459339343199],[92.52607975548867,11.58012007227113]]],[[[92.56940957097972,11.578232942169178],[92.57015221877333,11.578355136921608],[92.57000100223893,11.57791657806285],[92.56940957097972,11.578232942169178]]],[[[92.5689875317287,11.579575351849693],[92.56822189370484,11.579430602220679],[92.56819432038823,11.579647512151345],[92.5689875317287,11.579575351849693]]],[[[92.59303906599536,11.574561297973942],[92.59665444474574,11.54602004746792],[92.58778594687904,11.532602556731177],[92.58280548120159,11.549042600963077],[92.59303906599536,11.574561297973942]]],[[[92.57871993238534,11.584287286002615],[92.57617510603284,11.585941319445372],[92.5774173169543,11.58763669812228],[92.57871993238534,11.584287286002615]]],[[[92.59974969841107,11.587228041819253],[92.59933713391875,11.586581587622698],[92.59907568941948,11.587571573282176],[92.59974969841107,11.587228041819253]]],[[[92.611321627215,11.588214272895762],[92.61822193592215,11.576533787101013],[92.61395410589158,11.563044948365777],[92.59921945971777,11.569056123148641],[92.611321627215,11.588214272895762]]],[[[92.59263854147677,11.589442349568683],[92.59386711260817,11.590120525549045],[92.59452746821361,11.589139696886836],[92.59263854147677,11.589442349568683]]],[[[92.5525889560423,11.59474662951101],[92.5514704831075,11.594104443281351],[92.55125921890307,11.595324972862382],[92.5525889560423,11.59474662951101]]],[[[92.5401654684221,11.605031697859586],[92.54393832370043,11.591412836841744],[92.57157628865286,11.587789350925535],[92.55411112861627,11.55797380610538],[92.54010026415393,11.562268971317453],[92.52682697645155,11.553698721268894],[92.53440988114139,11.566100523338122],[92.52796769403025,11.596303543829658],[92.5401654684221,11.605031697859586]]],[[[92.69075778320695,11.609380228807474],[92.68891485670729,11.610424764377719],[92.6904374372668,11.611812228182881],[92.69075778320695,11.609380228807474]]],[[[92.68715399866275,11.630396162582759],[92.68618660501346,11.630907154185435],[92.68722763119331,11.631575876071015],[92.68715399866275,11.630396162582759]]],[[[92.68869594383396,11.63541335463968],[92.68553175879549,11.634686259671172],[92.68613825730607,11.640485788573539],[92.68869594383396,11.63541335463968]]],[[[92.75583989954146,11.636731899660669],[92.75558970034382,11.63677209992637],[92.75579090036493,11.63684549996529],[92.75583989954146,11.636731899660669]]],[[[92.7550822829296,11.637070350504688],[92.75434417860478,11.636608954123826],[92.7544815569963,11.637187586778666],[92.7550822829296,11.637070350504688]]],[[[92.7546143598173,11.637648739446506],[92.75305975984311,11.637819871699172],[92.7542654627415,11.638493922632689],[92.7546143598173,11.637648739446506]]],[[[92.68044580020921,11.648358200134478],[92.68004449992073,11.648326399756424],[92.68040870013883,11.648504800129755],[92.68044580020921,11.648358200134478]]],[[[92.69488428721908,11.663266239815487],[92.69987275348588,11.659237370743998],[92.69220999968252,11.660690337541514],[92.69488428721908,11.663266239815487]]],[[[92.73288389974617,11.681821800241266],[92.7326980003052,11.681853800117391],[92.73287809968029,11.681964100122809],[92.73288389974617,11.681821800241266]]],[[[92.73319190015219,11.682626099851964],[92.7332267001743,11.682481000305307],[92.73308439972253,11.682571000018278],[92.73319190015219,11.682626099851964]]],[[[92.7651495366502,11.67915865755661],[92.75811926458134,11.678188512106468],[92.76490537231666,11.68210583156665],[92.7651495366502,11.67915865755661]]],[[[92.72298166430427,11.68613990999352],[92.72501864019394,11.688010615827002],[92.72504587053422,11.68710204218246],[92.72298166430427,11.68613990999352]]],[[[92.58579197507314,11.700669176086024],[92.5867644321963,11.700059066943304],[92.58593884793889,11.699828445496815],[92.58579197507314,11.700669176086024]]],[[[92.5863695353114,11.704176653811981],[92.5859691487563,11.704670192004507],[92.58637705613435,11.704920375364614],[92.5863695353114,11.704176653811981]]],[[[92.58536487129813,11.704710305666516],[92.5848131004197,11.704352644632497],[92.58508956167034,11.705035739378234],[92.58536487129813,11.704710305666516]]],[[[92.58267653879318,11.708389489927242],[92.58299305062322,11.707761166126373],[92.58280503286525,11.707697860364041],[92.58267653879318,11.708389489927242]]],[[[92.58395323087905,11.708380530887409],[92.58429489832687,11.708110725548554],[92.58411855515294,11.708035179292033],[92.58395323087905,11.708380530887409]]],[[[93.08155685349914,11.789707966070967],[93.08049884231606,11.777959562794125],[93.07598844512695,11.781086875816401],[93.08155685349914,11.789707966070967]]],[[[93.07224842929575,11.834339794521043],[93.07186310589503,11.833584851711013],[93.07166120673747,11.833869591589327],[93.07224842929575,11.834339794521043]]],[[[93.0712104288439,11.839149201456639],[93.07164673047491,11.837508421971238],[93.07087548328845,11.839031629233473],[93.0712104288439,11.839149201456639]]],[[[93.0122333024776,11.851635177271431],[93.03121867489418,11.837389599343643],[93.05863984076368,11.846058135603386],[93.07152806003911,11.83411361853938],[93.04230898017289,11.809868979007284],[93.01376621939066,11.828265917309567],[93.0122333024776,11.851635177271431]]],[[[92.60482853152992,11.934681801256433],[92.60161056175987,11.93535505385615],[92.60333197110465,11.93605137243663],[92.60482853152992,11.934681801256433]]],[[[92.72437223478998,11.95302128438731],[92.7228393568992,11.954450248989364],[92.72466178563748,11.953965872021056],[92.72437223478998,11.95302128438731]]],[[[92.60432610949186,11.963001117560381],[92.60861878887293,11.96120690109379],[92.60665394590448,11.959529805043259],[92.60432610949186,11.963001117560381]]],[[[92.7321563750737,11.959934385032671],[92.72451953328061,11.941684445847159],[92.72539247112356,11.955913884829515],[92.7321563750737,11.959934385032671]]],[[[92.73826029978673,11.964464299347528],[92.73766629999344,11.964140299636961],[92.73766629960781,11.964464299298884],[92.73826029978673,11.964464299347528]]],[[[92.59646036665791,11.976827916205119],[92.60806436692361,11.943229830026347],[92.60154158356445,11.936177798735457],[92.59789320382481,11.924967236797741],[92.58563183697102,11.961344836319928],[92.59646036665791,11.976827916205119]]],[[[92.74413714373942,11.966768566274306],[92.74041318098548,11.965233298428311],[92.74327445477,11.967682058621865],[92.74413714373942,11.966768566274306]]],[[[92.5813313347962,11.982743035965393],[92.5842845307195,11.976555294348369],[92.5798125606808,11.977259784675024],[92.5813313347962,11.982743035965393]]],[[[92.99549048033201,11.94585587370323],[92.99462254929473,11.946298986711524],[92.9955547550966,11.946828042864658],[92.99549048033201,11.94585587370323]]],[[[92.6004221405227,11.982252544098138],[92.59989869757189,11.981981315635283],[92.6001420531144,11.9825192811306],[92.6004221405227,11.982252544098138]]],[[[92.76606390018935,11.967742495239793],[92.75819543355675,11.944704155530964],[92.7349168446208,11.951823966360243],[92.74841072983274,11.968955579919479],[92.76606390018935,11.967742495239793]]],[[[92.73365078754077,11.977232687872895],[92.74164895179737,11.988299509430348],[92.76062638583169,11.982950962121608],[92.73365078754077,11.977232687872895]]],[[[92.7699261202008,12.012645636350623],[92.77642537679998,12.016183562975996],[92.77412081962066,12.012002081271861],[92.7699261202008,12.012645636350623]]],[[[92.97215069133965,12.036075524190261],[92.97115869997094,12.035962657144294],[92.97191425639768,12.036631487588267],[92.97215069133965,12.036075524190261]]],[[[92.98960611845003,12.03800062801481],[92.98964951975861,12.036886305895909],[92.98877242739322,12.037291056606774],[92.98960611845003,12.03800062801481]]],[[[92.9775704073263,12.04200753070479],[92.9774785407953,12.041946571397293],[92.97742571289895,12.041975958912715],[92.9775704073263,12.04200753070479]]],[[[92.9772696789131,12.042425672691605],[92.97726960250041,12.04223133049455],[92.97715025199763,12.042357928317971],[92.9772696789131,12.042425672691605]]],[[[92.97685401992216,12.04246443795671],[92.976798935612,12.042369295812833],[92.97679892909242,12.042450595425628],[92.97685401992216,12.04246443795671]]],[[[92.97433067357133,12.042916574085103],[92.97432370194198,12.042803531295178],[92.97424799480392,12.042860045886755],[92.97433067357133,12.042916574085103]]],[[[92.97623876517396,12.042751332834104],[92.97624787176419,12.042613422294586],[92.9761446000809,12.042710630002839],[92.97623876517396,12.042751332834104]]],[[[92.97524748518543,12.042917432561795],[92.9752580889873,12.042861093869522],[92.97513886382687,12.04294585389046],[92.97524748518543,12.042917432561795]]],[[[92.97587595428088,12.042880170682292],[92.97570369904615,12.042828247507497],[92.9756991001475,12.042889289763586],[92.97587595428088,12.042880170682292]]],[[[92.97489088833159,12.04311087407694],[92.9749276054644,12.04301206281561],[92.97484465143538,12.043045499544364],[92.97489088833159,12.04311087407694]]],[[[92.978681959023,12.043182616887934],[92.97850970031514,12.043187217051454],[92.97871640189395,12.043309226681732],[92.978681959023,12.043182616887934]]],[[[92.97781173416081,12.043417861027077],[92.97772165939374,12.04248151771415],[92.97708148734498,12.042911648025713],[92.97781173416081,12.043417861027077]]],[[[92.97885647172471,12.043768005864345],[92.97886051645357,12.04360473272195],[92.97880144378566,12.043727307405128],[92.97885647172471,12.043768005864345]]],[[[92.97817451073654,12.043734134140687],[92.97835123011912,12.043078684855168],[92.97815379093427,12.043164672482751],[92.97817451073654,12.043734134140687]]],[[[92.9783031983807,12.044055092708142],[92.97825497282338,12.04395787283691],[92.97825496503545,12.044059610606173],[92.9783031983807,12.044055092708142]]],[[[92.74665158401208,12.054870481157385],[92.78219391167454,12.048542239704735],[92.77769171936835,12.024132554146306],[92.7605667435666,12.019318194874383],[92.74061580100813,12.041497709741405],[92.72929854959345,12.03690066515236],[92.73074143620349,12.039101475318933],[92.7302061519756,12.044281845999858],[92.72693257419117,12.058313799129081],[92.73693338441264,12.05392531945672],[92.73907003735901,12.056491907600636],[92.73628172668211,12.066012648493428],[92.74118082570794,12.06298205544867],[92.74374551297221,12.057009812906514],[92.74665158401208,12.054870481157385]]],[[[92.97875326129238,12.044278767980773],[92.9786246593604,12.04403467759769],[92.97869124792713,12.044285545192443],[92.97875326129238,12.044278767980773]]],[[[92.96401240405386,12.050091375000047],[92.97481822162608,12.01624945004714],[92.98346961199282,12.026031817256397],[92.97296213372884,12.043158540504319],[93.01478361874847,12.027297714659378],[93.00710425497147,12.002990604817088],[93.05408678207414,11.90278642844596],[93.04410455377054,11.883717332241568],[93.02543774245736,11.88577719747796],[92.9923340431175,11.934518968517166],[93.00428416850754,11.947945088322271],[93.009409634557,11.942721845246373],[93.01280620584062,11.943812528381764],[93.01473516336489,11.941756592565232],[93.01448816452714,11.939360821093302],[93.01537923990506,11.938267242908305],[93.01493696192601,11.942145449312243],[93.01289788039625,11.94412904416057],[93.00892262462285,11.943666355496516],[93.00997258836485,11.94663202050995],[93.0046833306533,11.948338561577371],[93.00159873102574,11.947514469356232],[93.00839901431857,11.95511136176027],[93.00851807160831,11.95587534548918],[93.00693781201524,11.958220708596857],[92.97508699754306,11.94554606370067],[92.95844295393353,11.980949582083923],[92.93230528478844,11.983668358853695],[92.92295085801008,11.998442292483587],[92.94942268121797,12.01379499172965],[92.96401240405386,12.050091375000047]]],[[[92.74150952188732,12.069084209836626],[92.75517508121611,12.06675913023152],[92.75379689905458,12.057858529013842],[92.74467750538362,12.056471508796347],[92.74150952188732,12.069084209836626]]],[[[92.79838092385906,12.07569192226382],[92.79937754812488,12.075967644652112],[92.79908135911417,12.075047820493161],[92.79838092385906,12.07569192226382]]],[[[92.78733027648973,12.076972677725063],[92.78413632276686,12.072626201142564],[92.78734861020813,12.077847266978328],[92.78733027648973,12.076972677725063]]],[[[92.79196665803586,12.078896324848033],[92.79191388699438,12.078697423420646],[92.79190465079441,12.078878282262409],[92.79196665803586,12.078896324848033]]],[[[92.79119737546861,12.079183327196656],[92.7910480534947,12.079079398809867],[92.79114453587412,12.079192331714717],[92.79119737546861,12.079183327196656]]],[[[92.79170952056887,12.07907944011123],[92.79167505662515,12.078731338847035],[92.79159462623879,12.0791313535185],[92.79170952056887,12.07907944011123]]],[[[92.96715530804444,12.065000973867656],[92.97072137434655,12.063535974432424],[92.96813557027632,12.062532793551032],[92.96715530804444,12.065000973867656]]],[[[92.962973739228,12.066201511491961],[92.96459946746482,12.064635137954932],[92.96152019835672,12.066269415960662],[92.962973739228,12.066201511491961]]],[[[93.01217208529864,12.067440167933695],[93.00954473339043,12.066100714785977],[93.00947043790678,12.068008830270477],[93.01217208529864,12.067440167933695]]],[[[93.00824288462613,12.070138043950076],[93.00964864488358,12.070360170849074],[93.00980982449384,12.069437814364722],[93.00824288462613,12.070138043950076]]],[[[92.79997636909687,12.089745332479458],[92.79902333191059,12.089232256977986],[92.79927816882245,12.090176920482481],[92.79997636909687,12.089745332479458]]],[[[93.00451166070236,12.071678399916422],[93.00703039015734,12.06919704372805],[93.00489875450998,12.068951994322285],[93.00451166070236,12.071678399916422]]],[[[93.05258028731484,12.072816655539798],[93.0534485893639,12.072911838301392],[93.05354058140897,12.07251847654755],[93.05258028731484,12.072816655539798]]],[[[93.05403635775761,12.074060494017022],[93.05440870750627,12.073278341523276],[93.0536827226251,12.073576583867046],[93.05403635775761,12.074060494017022]]],[[[93.07666447052418,12.076740848064155],[93.07731233743806,12.076383739262775],[93.07697696558097,12.076270644723191],[93.07666447052418,12.076740848064155]]],[[[93.07837361701839,12.076533117647845],[93.0789386390754,12.07710293222576],[93.07905357815885,12.076587479918414],[93.07837361701839,12.076533117647845]]],[[[93.08012396597225,12.077288496725634],[93.07995409644192,12.076474572342168],[93.07952211455887,12.0771889312633],[93.08012396597225,12.077288496725634]]],[[[93.0823704891737,12.078270016298413],[93.08284362905673,12.078871462695442],[93.08282992983287,12.078274600652433],[93.0823704891737,12.078270016298413]]],[[[92.95582465752325,12.091189845405681],[92.95759763405204,12.091180619176162],[92.95688103147256,12.089806559149304],[92.95582465752325,12.091189845405681]]],[[[92.74078574468562,12.111718618744062],[92.73872745823877,12.110923938369181],[92.74050616823699,12.113119971051383],[92.74078574468562,12.111718618744062]]],[[[93.03385405240832,12.104760564412038],[93.03387303084212,12.102902168622032],[93.03319232910407,12.104950267513608],[93.03385405240832,12.104760564412038]]],[[[92.9986501607548,12.108734785433414],[93.00480926425202,12.106106482229393],[92.99812230598985,12.107893791798153],[92.9986501607548,12.108734785433414]]],[[[92.97172328343599,12.103842556151747],[93.00502757404689,12.100635363493282],[92.99414217896441,12.04368386022449],[92.97121889138857,12.057313840715484],[92.974924208299,12.067221710569054],[92.95643884269892,12.073072804925157],[92.97177152034452,12.086588987130602],[92.95751463058008,12.087182552527675],[92.96008765503908,12.097244344457735],[92.95788838365935,12.108549529967325],[92.97172328343599,12.103842556151747]]],[[[92.97770491053224,12.110859333721605],[92.97599050075893,12.110034057578567],[92.97609967991018,12.112132052148354],[92.97770491053224,12.110859333721605]]],[[[92.99271644754056,12.110580997538372],[92.99083766858939,12.110429925793806],[92.99160265999299,12.111541731942692],[92.99271644754056,12.110580997538372]]],[[[92.9725838961631,12.116541981882472],[92.97307299281489,12.11534406153026],[92.97194538104698,12.115812035181154],[92.9725838961631,12.116541981882472]]],[[[92.94568393566911,12.119875556933547],[92.95729968428337,12.099226688835678],[92.95013087881857,12.07923652014424],[92.94568393566911,12.119875556933547]]],[[[92.95946489854464,12.119289411178189],[92.96283410148104,12.11679843884234],[92.96258811222344,12.11397049418365],[92.95946489854464,12.119289411178189]]],[[[92.96098315652885,12.11980228852215],[92.96011035193192,12.120168511450323],[92.9602780705082,12.120767382631428],[92.96098315652885,12.11980228852215]]],[[[92.9559305039042,12.125726451873868],[92.95823660463435,12.12591833678882],[92.95674116806653,12.123276384329694],[92.9559305039042,12.125726451873868]]],[[[92.75771734314202,12.146128314394847],[92.75438404792081,12.147490449577614],[92.75669923312692,12.148975853573893],[92.75771734314202,12.146128314394847]]],[[[92.95578384861751,12.130202139046341],[92.95737112745083,12.131038253273795],[92.95754223977858,12.130526803093181],[92.95578384861751,12.130202139046341]]],[[[92.8515443000056,12.141445439209452],[92.85113777361332,12.141336974403105],[92.85138124378051,12.141644304390763],[92.8515443000056,12.141445439209452]]],[[[92.85206119961347,12.141899595278243],[92.85145017646754,12.141804768340457],[92.85185679339925,12.142084964428157],[92.85206119961347,12.141899595278243]]],[[[92.712747223762,12.1704972441064],[92.71334910421376,12.169675509459955],[92.71253119677183,12.169540287492516],[92.712747223762,12.1704972441064]]],[[[92.7598454996834,12.168248200246348],[92.75874990033657,12.168090499851463],[92.75970439974417,12.168571900032756],[92.7598454996834,12.168248200246348]]],[[[93.00595328066038,12.149528384408317],[93.00454292358332,12.148356692851925],[93.0043996729913,12.150178855671232],[93.00595328066038,12.149528384408317]]],[[[92.98811008265301,12.150959279626813],[92.98738649007015,12.150923258128909],[92.98768753805375,12.151958274665214],[92.98811008265301,12.150959279626813]]],[[[92.75938227152777,12.172546883895283],[92.75988795286479,12.170467657945727],[92.75905892193548,12.169662905356965],[92.75938227152777,12.172546883895283]]],[[[93.0069178771976,12.150686320719899],[93.00732152982849,12.15250418661653],[93.00759345038746,12.150659466477302],[93.0069178771976,12.150686320719899]]],[[[92.98579778398705,12.156139806841134],[92.98385896222959,12.155751389301319],[92.98541438781095,12.156917329890444],[92.98579778398705,12.156139806841134]]],[[[92.7208386705291,12.180871739219135],[92.71994213420375,12.181559303865965],[92.72079927145914,12.18184450955703],[92.7208386705291,12.180871739219135]]],[[[93.01223745142511,12.156159633963295],[93.01434673163445,12.156594525328622],[93.01335042691767,12.154143412439181],[93.01223745142511,12.156159633963295]]],[[[92.99074633793943,12.158398918307368],[92.99784260683666,12.14594909923147],[92.99317427199192,12.136120746486547],[93.00097036249898,12.110970161476937],[92.96507815460221,12.118018663765094],[92.95882437608957,12.122968859354671],[92.95788340488178,12.132118551658035],[92.95424762494612,12.135743989666395],[92.95660306230948,12.149964389346458],[92.98754870986038,12.146549931266277],[92.99074633793943,12.158398918307368]]],[[[92.75554629675025,12.18085421238241],[92.76129681970819,12.17981104890316],[92.76075583023159,12.17347373844814],[92.75554629675025,12.18085421238241]]],[[[93.01315576015516,12.158271597328595],[93.01216780442815,12.157923047479558],[93.01216747654456,12.158736943197113],[93.01315576015516,12.158271597328595]]],[[[93.12495279598635,12.152102061081512],[93.12287540765074,12.138383446550451],[93.11242104217675,12.129245114455856],[93.10856491832769,12.14494863787726],[93.12495279598635,12.152102061081512]]],[[[92.73034402527708,12.187958829301046],[92.72430516529533,12.185032074697908],[92.7293750679509,12.189333307689235],[92.73034402527708,12.187958829301046]]],[[[93.01574999203943,12.16441297604255],[93.01494568841828,12.16446693103099],[93.01553381343649,12.164851493748557],[93.01574999203943,12.16441297604255]]],[[[93.02842932826911,12.166592371436092],[93.03216295752249,12.105311673969284],[93.03581395586403,12.096866350907272],[93.05399576745178,12.076578075085255],[93.05055964915101,12.074705259380838],[93.05319746619267,12.05378414108854],[93.04343840477594,12.042644707514429],[93.0050653907784,12.076760988042384],[93.00719448726583,12.104990615311221],[92.99534848565756,12.131670123364621],[93.02842932826911,12.166592371436092]]],[[[92.86577119574335,12.182764236044248],[92.86506808271741,12.182079593756027],[92.864992454647,12.182954218827199],[92.86577119574335,12.182764236044248]]],[[[92.7073424449676,12.197135104482228],[92.70629065559436,12.197317102901307],[92.70718140470251,12.197563047203987],[92.7073424449676,12.197135104482228]]],[[[92.84800302798548,12.196827176741742],[92.84731365126851,12.196088148222598],[92.84760328701815,12.196926613931268],[92.84800302798548,12.196827176741742]]],[[[92.68249668876037,12.216639421012525],[92.67886668955927,12.21927989249777],[92.68166194953744,12.223898877569189],[92.68249668876037,12.216639421012525]]],[[[92.6962659330415,12.23893193549372],[92.70892447574998,12.216164811188834],[92.70366503392543,12.19279714443086],[92.71185674296706,12.18969832462419],[92.70359555262797,12.190961942819897],[92.70103044143002,12.18694871763021],[92.70923801786952,12.147806164465768],[92.71936569823838,12.17971526557096],[92.75670063146897,12.175674266663048],[92.72540820371249,12.09589990219811],[92.73611707435711,12.078777766604915],[92.7323987289579,12.072315346057646],[92.7295018365296,12.075263628606102],[92.7281515611071,12.075449418038353],[92.7240767266572,12.072878934900968],[92.72275549019508,12.064399489339978],[92.72513329565177,12.073353213471085],[92.73288860669028,12.068382545778498],[92.7369296873607,12.078067736541456],[92.73359929928345,12.065344693313802],[92.73815639646354,12.057233592591595],[92.72745653248356,12.059534066400914],[92.7252972136931,12.057387790394039],[92.72506932185871,12.049653772418301],[92.72063400510892,12.052507575897426],[92.71812998175896,12.049389473729583],[92.71381420963948,12.052776567630309],[92.71243607475652,12.05152492068092],[92.71335834768303,12.049015915825281],[92.71097081902582,12.050734291399648],[92.70983155468132,12.049771900934626],[92.70931158202778,12.04639090241908],[92.70713957572069,12.047110282271658],[92.70067164033256,12.040720511979698],[92.69868823220257,12.042470415551552],[92.69728712921211,12.040671734759702],[92.69660337080575,12.042498089524628],[92.69680935246525,12.04020630260704],[92.7007357440625,12.040078691271946],[92.71316968483173,12.047926552420298],[92.7150492035639,12.051682242572658],[92.70957855806226,12.033919539171093],[92.70944937389984,12.032048263985331],[92.71043632336831,12.0310444015529],[92.71608653866019,12.049819577856205],[92.7196038743243,12.048512045830957],[92.72111125620879,12.051585279915411],[92.72544555302368,12.048849021796578],[92.72734436273095,12.054331371443803],[92.72807189474261,12.035490803159153],[92.74001327264861,12.02860631737477],[92.73856949420149,12.024263017950572],[92.7260154058159,12.025425076934944],[92.72494054065059,12.024602801537911],[92.72514208175323,12.02326468522021],[92.73833883767557,12.010729610712637],[92.7492507448082,12.019125275050365],[92.75146755828125,12.003208650580929],[92.76622024919156,12.012135341548575],[92.77051470055295,11.998612867829952],[92.76394436870054,11.986563871533221],[92.74394507189042,11.999725666421602],[92.7435662226299,11.994297075118219],[92.73050087955731,11.999708524027515],[92.72206379604233,11.993464653586813],[92.73156858477326,11.971072478261828],[92.71523201660986,11.967145595594973],[92.71048780456279,11.93308254210527],[92.71378325518,11.931399965663912],[92.71097217798454,11.925954005051084],[92.7141243481499,11.921920912395901],[92.72301464551559,11.931442119859625],[92.72506772023314,11.897259200162493],[92.71818569645517,11.892099417625635],[92.7133453670223,11.897873335467827],[92.71161962956117,11.89817679048088],[92.70987034849675,11.896518346939956],[92.70716371345179,11.900872181974878],[92.70390479012855,11.900760169918183],[92.71366835682942,11.889058747295737],[92.72421178426481,11.891175258922434],[92.7222154567046,11.878925966255679],[92.70980792513132,11.872832201261748],[92.70638162985317,11.864439046618184],[92.72332537844646,11.876832701526933],[92.72422208179248,11.856554440663306],[92.70170014539956,11.814333028470447],[92.69201925213557,11.81796989394403],[92.69723730498718,11.820992650608632],[92.70075455071854,11.829611921656104],[92.69167528774526,11.818372222693974],[92.69519781014495,11.812906314410384],[92.65474358712935,11.833847111136174],[92.69191729355168,11.813671101747932],[92.68074228774154,11.803891641587974],[92.67749603580945,11.79196771230877],[92.67454251422011,11.798563306265525],[92.67008264226766,11.798197969847232],[92.67237868551561,11.782769806806321],[92.69750117442085,11.812512494680941],[92.70580044374887,11.792693277394061],[92.69960648519901,11.809627986756],[92.72965041471997,11.854780571452505],[92.74425960790258,11.932098335626291],[92.78299231523494,11.93691589609955],[92.77914279698896,11.891630615821775],[92.789976521885,11.88545039210336],[92.75445437835444,11.700648571508534],[92.74340649525477,11.711536301343013],[92.7447229310742,11.690439457225283],[92.71654875470752,11.705421197716115],[92.7109492008407,11.693249782694867],[92.6964535272124,11.718876481408813],[92.68996706559389,11.69774399428267],[92.6890290173252,11.707264016381298],[92.68520415779187,11.70921313354889],[92.68529204944261,11.712716389540875],[92.68222379436497,11.714095743573631],[92.68627364325218,11.692207461143548],[92.7056767297315,11.700058947632852],[92.70772267842558,11.67050894220638],[92.69159269246718,11.66811283522517],[92.68263701676113,11.65071601063337],[92.66668829932806,11.6548097764309],[92.6601424513308,11.652230754212336],[92.67368998969097,11.623993370310739],[92.68112571390128,11.638077428648195],[92.68411752173407,11.626134088278654],[92.68657573761317,11.628217407884136],[92.6874877583224,11.626020375720408],[92.69120110909319,11.622471001674807],[92.68851904114364,11.62421649913533],[92.68720291111215,11.62331271380931],[92.68836636217799,11.618136657844001],[92.68488664756168,11.62024842535155],[92.6833734355211,11.620298498093915],[92.68174092025578,11.619340441893511],[92.67203210962866,11.609198595779134],[92.67294879519307,11.607367693459796],[92.68882474202063,11.617404266436466],[92.69219160367801,11.622692269920272],[92.68779075552186,11.627426063553195],[92.69064743328225,11.627425434568389],[92.69494579326513,11.616426414923916],[92.68928716278694,11.614511113156723],[92.68639587658788,11.602993881020177],[92.70163138217319,11.617726536582508],[92.6940653500731,11.652865180357763],[92.71014493579456,11.643313798976255],[92.7282088490013,11.658224996605702],[92.71437512822683,11.678435558193877],[92.75599215623079,11.66504711066949],[92.75484907621748,11.646395667729221],[92.7390339148042,11.641486597820553],[92.73772130338065,11.638716096032306],[92.74826626059803,11.640031298872588],[92.75428047098329,11.61415639255842],[92.7102269747701,11.477384922274776],[92.69691072096936,11.505783378867742],[92.66749825785324,11.50182936523338],[92.64520170833917,11.522526144182972],[92.64625072438274,11.572399415506375],[92.63239656827494,11.580785459645263],[92.61647912124883,11.563440774373866],[92.61939457935037,11.571844196991279],[92.61879386048982,11.582589129278388],[92.60183759002501,11.608648215861463],[92.62701466188828,11.626441180119667],[92.63490564540433,11.61547459961611],[92.6447011274605,11.635273198754804],[92.63406265645236,11.63309045385601],[92.63039006584839,11.65188165324846],[92.63040790085931,11.628299003276355],[92.60809037468127,11.632385016562358],[92.59770261332778,11.649086994575436],[92.58967952423818,11.707913780893822],[92.6037791358397,11.707020065779314],[92.58666480000595,11.716664768632208],[92.59129043506027,11.738281484725366],[92.58492226328752,11.713414419873873],[92.55805305364517,11.692299552594177],[92.55865444201903,11.772654460668416],[92.54957633204022,11.802233076592783],[92.54072139851667,11.785537188561305],[92.529408666928,11.794999195355878],[92.54284102688206,11.801349835043627],[92.54955598835319,11.809745817587118],[92.53165320839464,11.805929931793374],[92.5467377881718,11.82943995747089],[92.5469056155549,11.836179785779004],[92.54501756414204,11.843343881235478],[92.52382493083591,11.807369266632307],[92.505665931931,11.824516805393301],[92.5201328695408,11.839674437465069],[92.50750340047983,11.841495778096926],[92.50817175418372,11.85631798160837],[92.52038823144677,11.856218756185077],[92.51397524795628,11.872407942876523],[92.52756000437773,11.872494269491726],[92.52023912587727,11.89861877819731],[92.5385467330534,11.903502335304088],[92.54025955996552,11.931017626608742],[92.56777723553712,11.940973563159046],[92.56406588318872,11.950808895914397],[92.58054071081948,11.931374809503803],[92.58287160109958,11.877005414860852],[92.59896505546614,11.899644801272432],[92.5991012028604,11.86608627792573],[92.6047838252037,11.852864952085557],[92.61026351741874,11.847305316236007],[92.60030254332406,11.878914946109694],[92.60629427403636,11.913527107918458],[92.61977541469895,11.921831320971226],[92.62035369302062,11.931075298464815],[92.59866630186865,11.904494992477419],[92.59263339870756,11.918493678912892],[92.6076244757707,11.929804628367414],[92.62815914873994,12.043004698852114],[92.62204638695691,12.101387803066958],[92.66039326112853,12.21494148079398],[92.65530670796835,12.180109695870348],[92.67395444566193,12.217787103858914],[92.67517083147303,12.186850845730206],[92.68117275096081,12.191781110206286],[92.6962659330415,12.23893193549372]]],[[[92.87037146842326,12.22833787662011],[92.87152258363048,12.228337598072999],[92.87126591315814,12.22764049510516],[92.87037146842326,12.22833787662011]]],[[[92.7348333579229,12.23959258022562],[92.72953829583572,12.214421879251153],[92.73919667584076,12.223015416168302],[92.74236401347646,12.204757087661905],[92.73891290216702,12.236187221240648],[92.74410678871533,12.22787240433674],[92.76185723814291,12.229528543948645],[92.76295739835967,12.181770911592501],[92.73262333491414,12.184524384619523],[92.72850702124602,12.197679623750858],[92.72247034119381,12.18832515129695],[92.72086470947994,12.233233449243958],[92.7348333579229,12.23959258022562]]],[[[93.0823106811659,12.078830694785793],[93.04839035309904,12.111786852187223],[93.06844562628885,12.121481233589222],[93.04674353420597,12.118392557867764],[93.0352744030247,12.132089883350034],[93.06913147324167,12.212230599032456],[93.08793406936428,12.195141659990043],[93.07626166332616,12.179730361712878],[93.09190675540206,12.18188015706953],[93.08603605759579,12.156282534411597],[93.09730601523611,12.142470081547899],[93.08452896373343,12.119340513375002],[93.096575641533,12.138902445254892],[93.10158998471513,12.128769824497038],[93.0823106811659,12.078830694785793]]],[[[92.93433912325416,12.225906268684334],[92.94070138782558,12.215959675457604],[92.93232216183824,12.195440372180625],[92.92345763355864,12.212892455226275],[92.93433912325416,12.225906268684334]]],[[[92.69835837115248,12.247937236570456],[92.69482826759305,12.24646010712248],[92.69656661285038,12.250193232360775],[92.69835837115248,12.247937236570456]]],[[[93.0207417967284,12.224193955047657],[93.01869672873667,12.224383015381813],[93.02006125703834,12.225274039765042],[93.0207417967284,12.224193955047657]]],[[[92.73183129949865,12.252033600079718],[92.731379899896,12.25222970010551],[92.73142930009753,12.252665799748533],[92.73183129949865,12.252033600079718]]],[[[92.88225400972392,12.24062592096476],[92.88059487198326,12.239758134508321],[92.88169793220895,12.241710783213794],[92.88225400972392,12.24062592096476]]],[[[92.7239976723051,12.256109815039189],[92.72111565613545,12.255365012877123],[92.72141476438699,12.25635483708318],[92.7239976723051,12.256109815039189]]],[[[92.71707715677181,12.256901892608262],[92.71568929860119,12.258334973647129],[92.71676945651176,12.259030959360732],[92.71707715677181,12.256901892608262]]],[[[92.91216865424335,12.245136566547567],[92.91108199236517,12.24407842082568],[92.91145641349941,12.245631170033308],[92.91216865424335,12.245136566547567]]],[[[92.860850489758,12.245581912333751],[92.86877198558493,12.248443883271273],[92.86505138211086,12.23602550440377],[92.860850489758,12.245581912333751]]],[[[92.88092348611856,12.248598675942848],[92.8784371498924,12.248496493722826],[92.87921809622196,12.249940853387887],[92.88092348611856,12.248598675942848]]],[[[92.91158474803346,12.249034805544092],[92.91031181124346,12.247931758448518],[92.91040354983124,12.24936920704958],[92.91158474803346,12.249034805544092]]],[[[92.90786897699171,12.249380225172372],[92.90576407864688,12.249309976608808],[92.90683936293985,12.25084017920417],[92.90786897699171,12.249380225172372]]],[[[92.91181903875129,12.250370562474636],[92.91072062853914,12.25028909381362],[92.91144441088473,12.251371707919631],[92.91181903875129,12.250370562474636]]],[[[92.90616349481749,12.252677170711989],[92.9078503440327,12.251165710388289],[92.90625089271289,12.251177992337553],[92.90616349481749,12.252677170711989]]],[[[92.90521884659393,12.25456642795678],[92.90469949833815,12.254446608585429],[92.90493154727997,12.254754067072101],[92.90521884659393,12.25456642795678]]],[[[92.90774434933432,12.253800595523499],[92.90591517801401,12.254191372244913],[92.90859221079994,12.255278716286655],[92.90774434933432,12.253800595523499]]],[[[92.86416668223563,12.259308618942281],[92.86285910871018,12.259204876090386],[92.86305004120588,12.260011714372189],[92.86416668223563,12.259308618942281]]],[[[92.91880222953013,12.254382438830767],[92.91752406595302,12.254754412622225],[92.91835430427442,12.255195006787918],[92.91880222953013,12.254382438830767]]],[[[92.90070169298093,12.257727017458175],[92.89984112971467,12.25779549622881],[92.90081771771341,12.258186604363907],[92.90070169298093,12.257727017458175]]],[[[92.91904973711245,12.256309380390285],[92.91777280092306,12.256593938616128],[92.9191438798305,12.256795531515642],[92.91904973711245,12.256309380390285]]],[[[92.92047426092178,12.255589663064733],[92.91923118019378,12.255481239222668],[92.92029898358592,12.256839163818343],[92.92047426092178,12.255589663064733]]],[[[92.90767710098409,12.258274409123464],[92.90850929287986,12.256582810338628],[92.90689843906308,12.256272997235014],[92.90767710098409,12.258274409123464]]],[[[92.90297382655619,12.260054430083043],[92.90129868035443,12.257963650696919],[92.90219486663827,12.260838449917236],[92.90297382655619,12.260054430083043]]],[[[92.91446446219541,12.26135351897479],[92.91253367840193,12.261863567049886],[92.91307778696206,12.262534740154056],[92.91446446219541,12.26135351897479]]],[[[92.91733676582486,12.261416731779422],[92.9156673970463,12.26144552220388],[92.91637788457558,12.262353451647629],[92.91733676582486,12.261416731779422]]],[[[92.90209240790988,12.263885609218386],[92.90205134351042,12.263639226314064],[92.90194184039939,12.264159368652804],[92.90209240790988,12.263885609218386]]],[[[92.9156659472277,12.263543934945586],[92.91410679320539,12.263208588287663],[92.91448929644582,12.263877543303867],[92.9156659472277,12.263543934945586]]],[[[92.88464803835643,12.238569160875798],[92.8971912100961,12.256207144151588],[92.90515244328931,12.252019386091252],[92.90446361106027,12.247607962040247],[92.9136957232353,12.232152231525703],[92.91350822964338,12.22108688010783],[92.8910441879482,12.231315468481412],[92.87749014800185,12.209308215144558],[92.86968800436874,12.244843312446045],[92.87732021419184,12.248959555614112],[92.87911956194559,12.238251651240088],[92.88464803835643,12.238569160875798]]],[[[92.74861520939957,12.28788284797377],[92.74172062014563,12.255467437321908],[92.73457699252435,12.248134529846237],[92.73427089075831,12.270134454387604],[92.74861520939957,12.28788284797377]]],[[[92.7372670366358,12.29098985033238],[92.7343475602739,12.287464663661886],[92.73659859630564,12.292766361988743],[92.7372670366358,12.29098985033238]]],[[[92.75126194026183,12.291720983489421],[92.75092207903137,12.29063161348908],[92.75051061266164,12.290986273708686],[92.75126194026183,12.291720983489421]]],[[[92.88812851643989,12.280724376820814],[92.88971576851378,12.27233971707182],[92.88397929463382,12.274219078670859],[92.88812851643989,12.280724376820814]]],[[[92.75258315799465,12.293113460188371],[92.75218531957105,12.294234357392043],[92.75316210694754,12.294114782098179],[92.75258315799465,12.293113460188371]]],[[[92.76642183584782,12.272369307014465],[92.7522083579315,12.277873925701849],[92.76125142958044,12.29391120386617],[92.76725399358584,12.285369341379406],[92.76642183584782,12.272369307014465]]],[[[92.71043951608625,12.297059561219116],[92.723077311864,12.291021496706904],[92.71878317745073,12.283186354489441],[92.70992601901908,12.229657141541862],[92.6987260616425,12.274730796444038],[92.71043951608625,12.297059561219116]]],[[[93.10433630486473,12.2640136259458],[93.10744363585266,12.245138698210258],[93.10011879508237,12.200419523902982],[93.08773660647371,12.227342515172532],[93.0834266489607,12.21678158873023],[93.06180891126886,12.233453641732094],[93.07252577265291,12.262264160454869],[93.08654913477064,12.257043982444403],[93.08548326868709,12.238386123535216],[93.10433630486473,12.2640136259458]]],[[[92.77107029835223,12.293567347946018],[92.76594551629387,12.289572788214729],[92.76987717154837,12.295092612730667],[92.77107029835223,12.293567347946018]]],[[[92.76509148006923,12.297627546257775],[92.7627286600872,12.297459776361334],[92.76491411700667,12.299469470573541],[92.76509148006923,12.297627546257775]]],[[[92.87687567859302,12.284331441809163],[92.8879093440639,12.285669372087144],[92.88451821758464,12.279758617658688],[92.88136040781538,12.280320762049557],[92.87844315883027,12.284065090761608],[92.87687567859302,12.284331441809163]]],[[[93.02638705872609,12.280066741511114],[93.02532281233738,12.273437691012282],[93.02038429943391,12.274710962080531],[93.02638705872609,12.280066741511114]]],[[[92.88838304718846,12.296576542212554],[92.890911708138,12.293677313851079],[92.88722071839588,12.293464222967966],[92.88838304718846,12.296576542212554]]],[[[92.87924173395174,12.300441727778317],[92.88473321113935,12.297014360772069],[92.87603277677835,12.294787414071363],[92.87924173395174,12.300441727778317]]],[[[92.86322420606871,12.304333870142464],[92.86545125945491,12.303786506551157],[92.86351120189593,12.302966505797794],[92.86322420606871,12.304333870142464]]],[[[92.81047091108854,12.312951892093064],[92.8321210133709,12.292016145427114],[92.84699724608453,12.303658470120931],[92.85038438087322,12.283274413852784],[92.85484832073709,12.287922727918735],[92.85409891021716,12.286697887330565],[92.85417670612127,12.284507852648726],[92.8560082257603,12.283526725793365],[92.85375330945558,12.28122405215144],[92.85472317185126,12.28133009849907],[92.85607481546703,12.283158251587198],[92.8561416043039,12.283784345104879],[92.85472889389911,12.288386036425274],[92.85223945439125,12.285599779563627],[92.84900124664124,12.302051250128079],[92.87222643788206,12.301705788123671],[92.87151945240747,12.29539359885312],[92.86904867542648,12.295308245789318],[92.86600299952592,12.29316635525579],[92.86344139630212,12.286782157482232],[92.86651546727832,12.293186589417928],[92.87029195497512,12.294722654475676],[92.88205807956899,12.262525147848704],[92.88509001078614,12.270474395414102],[92.8912634762412,12.266436750801486],[92.8752493752703,12.250606664950622],[92.86963197371742,12.250970417460527],[92.86811890523758,12.257255626984309],[92.86424694691667,12.258307377397664],[92.86565855104028,12.261111817785318],[92.86373745746329,12.261419522370456],[92.8646040471021,12.262515530751907],[92.8629657554219,12.263569068700281],[92.86186935837603,12.262543206324594],[92.86195912123371,12.263566940262535],[92.86101850399353,12.259675275261404],[92.86900935299286,12.251693398205422],[92.85786529117978,12.244497563269086],[92.87149964691774,12.225459478965776],[92.86450137144928,12.20878932667178],[92.88286165695257,12.197677206862584],[92.87456442047298,12.192296479621797],[92.85316440178883,12.204332124968296],[92.82756266399885,12.203001425344556],[92.83324014167148,12.205887151098887],[92.83490638046948,12.211460396642273],[92.83318108420292,12.214380501695903],[92.83568770648131,12.213073989065812],[92.83842419362335,12.213030833831903],[92.83985091310319,12.212146963973336],[92.84053328472373,12.212332200317963],[92.84058691368797,12.219390459113267],[92.81739216529935,12.23296146165515],[92.81113751284077,12.234080243884513],[92.8069831127085,12.232260870142566],[92.8059169653703,12.231074291117553],[92.80506450660852,12.232003150127758],[92.80262185222828,12.232644929762168],[92.80572394215156,12.230764697385373],[92.81703368605311,12.232452906342168],[92.84046509906311,12.21908988311985],[92.8402691047772,12.212445269516236],[92.83351885422104,12.214791809310027],[92.83280426487967,12.21452523713443],[92.82676538904285,12.203003732212943],[92.84472042784665,12.200805284008382],[92.84002035478474,12.18526318493748],[92.85414098152182,12.191033665477528],[92.85483696647043,12.16179025797099],[92.8444634362564,12.147453720787322],[92.82238529486379,12.178138430976912],[92.82077418652807,12.159759461568047],[92.8172297989834,12.163723700771374],[92.80756553758029,12.160073750572296],[92.80677044953606,12.171159476875111],[92.80109394220898,12.170585204150441],[92.80713364801719,12.159944856187753],[92.82693270780383,12.156138466076088],[92.81641580219143,12.124614364380603],[92.80149280569887,12.13199193368458],[92.81811296805476,12.113180446208329],[92.78362540208128,12.106030467517478],[92.80079146526919,12.093535500209702],[92.76344496210179,12.063223543935381],[92.75204576833363,12.074402091023257],[92.75462660913348,12.076041288883006],[92.7581689341425,12.0813893961581],[92.76036063739745,12.08906729322793],[92.75906270785025,12.091065007339393],[92.76162135619359,12.089754664888268],[92.76375710800714,12.090141451703104],[92.75882151168207,12.09157122081187],[92.76068125049282,12.092900563330286],[92.76032961556338,12.095350429179637],[92.76222438869182,12.09521061389922],[92.76377892269849,12.0966189732337],[92.76335581288996,12.099617990309357],[92.76356531296187,12.0967929654446],[92.7599988408088,12.095427193437278],[92.75776519197555,12.090938182881462],[92.75784053584084,12.081497811853016],[92.74721146545014,12.074126269086294],[92.73776932066791,12.0975404399799],[92.75824736302413,12.14566788714627],[92.75855092191796,12.159388440496926],[92.76345884880338,12.1652406364944],[92.77080750585422,12.241573923488925],[92.75000018909569,12.232433402591258],[92.74113666847884,12.24537571359002],[92.74938838965262,12.274089806028368],[92.76323681973288,12.262482533368518],[92.7876820024204,12.280240858985211],[92.77537911806733,12.30118584290859],[92.76694928245165,12.297195600096693],[92.77077589883966,12.313014420533735],[92.79500494470865,12.303590193322478],[92.81047091108854,12.312951892093064]]],[[[92.85841487209451,12.311842265195484],[92.85782864421586,12.31121214800691],[92.85713683323166,12.31238665227403],[92.85841487209451,12.311842265195484]]],[[[92.93348576987216,12.311009034127489],[92.94301506534339,12.274797905678232],[92.92215174018233,12.229277981252647],[92.91986531479502,12.269136204129746],[92.90036547229349,12.271220405489323],[92.90091253234903,12.288238799717927],[92.91339074975058,12.304096763764255],[92.92753834997654,12.278086463401737],[92.93348576987216,12.311009034127489]]],[[[93.07060165783516,12.319651880418213],[93.06190687936494,12.314775788032893],[93.06125377431619,12.3152775365396],[93.07060165783516,12.319651880418213]]],[[[92.8579086788518,12.334825382517987],[92.87093622569695,12.328691326590754],[92.88522514847719,12.331954994266606],[92.90007911757459,12.32349909776875],[92.85822683494506,12.314064379963288],[92.86184371968434,12.321126387973399],[92.8602782429326,12.320105169073065],[92.86110635056173,12.323727912358798],[92.85718578875209,12.328305173793614],[92.85844570828698,12.329803460540155],[92.85503717972858,12.332052794485515],[92.85644652268562,12.333275171483779],[92.8571993230931,12.340091468045332],[92.85852779816487,12.338690016046963],[92.85727932787023,12.337203040899041],[92.8579086788518,12.334825382517987]]],[[[92.90595811220034,12.340078529963604],[92.90425949166857,12.338081844240419],[92.90392365155249,12.341108838371635],[92.90595811220034,12.340078529963604]]],[[[92.91393102402495,12.356365305731554],[92.9127287106201,12.330634363600907],[92.90674181486105,12.341671927953099],[92.91393102402495,12.356365305731554]]],[[[92.84291476708299,12.39566902837472],[92.84233079648946,12.395309679031751],[92.8422204420018,12.395849849158864],[92.84291476708299,12.39566902837472]]],[[[93.85312261090887,12.300217964446574],[93.8669963091599,12.275375960972484],[93.84536202396922,12.269172991324611],[93.83405403530142,12.278162157938567],[93.85312261090887,12.300217964446574]]],[[[92.89435672095071,12.39568414943523],[92.89725643527328,12.393307001874415],[92.89658760386142,12.392014218634065],[92.89435672095071,12.39568414943523]]],[[[92.84209751732452,12.40380973934268],[92.84150014666321,12.403722025001423],[92.84183769445853,12.404371260906418],[92.84209751732452,12.40380973934268]]],[[[92.86413455007178,12.408536721742813],[92.86476901427886,12.407720716405374],[92.8639343915903,12.407944661018472],[92.86413455007178,12.408536721742813]]],[[[92.88753187889597,12.408068087582445],[92.88226240345546,12.37370097065048],[92.8439056922666,12.39530049165737],[92.85100770278501,12.408545709761956],[92.88096785248104,12.398382554623058],[92.88753187889597,12.408068087582445]]],[[[92.87740267871129,12.408821815984911],[92.87383911773142,12.409169839089147],[92.8805947029717,12.410694443513032],[92.87740267871129,12.408821815984911]]],[[[92.88823315418607,12.412807552212755],[92.8886516239352,12.4128890205442],[92.88843010622047,12.412678096626149],[92.88823315418607,12.412807552212755]]],[[[92.89850684245754,12.411930027797286],[92.89706560838678,12.40832961235191],[92.89751573211048,12.412187568094774],[92.89850684245754,12.411930027797286]]],[[[92.88799836097837,12.4141386913128],[92.88943665583234,12.414054388729918],[92.88827906779026,12.413230245461019],[92.88799836097837,12.4141386913128]]],[[[92.90137378078254,12.412502871776935],[92.9024064526378,12.412524941330743],[92.9015334373211,12.4118933157842],[92.90137378078254,12.412502871776935]]],[[[92.88787180227963,12.41471495623037],[92.88818452673691,12.414455094226325],[92.88797064180973,12.414421185760698],[92.88787180227963,12.41471495623037]]],[[[92.86838433624874,12.414146067521049],[92.8578694232758,12.417085855188947],[92.8676177399748,12.420359061021976],[92.86838433624874,12.414146067521049]]],[[[92.83245790904813,12.42692114715283],[92.84198667083365,12.416009068794908],[92.85843000170837,12.413307713166901],[92.8382779066979,12.41131052400727],[92.83245790904813,12.42692114715283]]],[[[92.90083028574962,12.426122696512175],[92.8982990130601,12.421647391712135],[92.89860436017837,12.425627352270318],[92.90083028574962,12.426122696512175]]],[[[92.95618090264449,12.434615116763704],[92.96073286413369,12.421206870861141],[92.93018633987866,12.356770682359471],[92.91613046584642,12.363579604957254],[92.9248485937807,12.40408102828391],[92.95618090264449,12.434615116763704]]],[[[92.91592094444117,12.441826909992951],[92.91484757844187,12.441574373266882],[92.91529684524374,12.44214096497031],[92.91592094444117,12.441826909992951]]],[[[92.66179931748282,12.53287716970887],[92.68807178058975,12.550055171853609],[92.67813778264784,12.505564428754758],[92.66179931748282,12.53287716970887]]],[[[92.69919019807568,12.637136583428566],[92.70229735950447,12.637659961842532],[92.70220024686361,12.636182010900622],[92.69919019807568,12.637136583428566]]],[[[92.70152512649851,12.641190170494234],[92.70172668906172,12.637985560400782],[92.69887772663105,12.63895364060318],[92.70152512649851,12.641190170494234]]],[[[92.70089447016669,12.641059283328667],[92.7001624775844,12.640688875137643],[92.70098665219602,12.641461519982894],[92.70089447016669,12.641059283328667]]],[[[92.70094070839014,12.641750801481873],[92.70274551924489,12.643106203484423],[92.70283698329382,12.641162655087678],[92.70094070839014,12.641750801481873]]],[[[92.72685672804838,12.655373587321538],[92.72921280853221,12.653411050576068],[92.73013794340635,12.653121407712439],[92.72890425534747,12.653081228692013],[92.72699897744606,12.654248098788415],[92.7271878300608,12.65454181180379],[92.7268658454418,12.655152113439025],[92.72631806535927,12.65517944788386],[92.72685672804838,12.655373587321538]]],[[[92.72494072502685,12.652748328122248],[92.72595439079656,12.655143431626392],[92.7269945106164,12.654587086636],[92.72494072502685,12.652748328122248]]],[[[92.78179849405726,12.647607430830005],[92.77941582151267,12.648556828476975],[92.78099041317377,12.655836793343664],[92.78179849405726,12.647607430830005]]],[[[92.72489353017792,12.68355840542174],[92.72437014494457,12.683347499495497],[92.72480094105748,12.683715254383511],[92.72489353017792,12.68355840542174]]],[[[92.71469019826321,12.689583153208911],[92.71342097817033,12.689092148278261],[92.71365396727657,12.690085833610418],[92.71469019826321,12.689583153208911]]],[[[92.7242116995965,12.692130599569692],[92.72296969953014,12.691923600047787],[92.7233836994619,12.692475599676492],[92.7242116995965,12.692130599569692]]],[[[92.72272674702458,12.69259325779054],[92.72219195270002,12.69210443494169],[92.72239120624968,12.692741322747215],[92.72272674702458,12.69259325779054]]],[[[92.77633334092087,12.67611767037909],[92.7726007200187,12.673969142683287],[92.78199151014157,12.6882423736396],[92.77633334092087,12.67611767037909]]],[[[92.73193615685912,12.703774060875867],[92.72979430137232,12.701551204610121],[92.73026568543837,12.705790576186091],[92.73193615685912,12.703774060875867]]],[[[92.77699961475187,12.71791362048846],[92.78200069202389,12.71535735582515],[92.78389367203542,12.713391928250651],[92.78098780210865,12.711549167042275],[92.77699961475187,12.71791362048846]]],[[[92.7819705009963,12.718694616025326],[92.7807638027321,12.718736588214302],[92.78190516876592,12.719034091474425],[92.7819705009963,12.718694616025326]]],[[[92.73757595086289,12.734117493000722],[92.73846870798936,12.73287868185214],[92.73844557087887,12.732625584220331],[92.73740972450307,12.733091576269484],[92.73757595086289,12.734117493000722]]],[[[92.72196734021979,12.7376312133853],[92.72895449285915,12.730613774920982],[92.72732742651347,12.726600861360053],[92.72196734021979,12.7376312133853]]],[[[92.72601630709282,12.7536125670375],[92.72474282790225,12.752863509664992],[92.72524583956438,12.753879700334544],[92.72601630709282,12.7536125670375]]],[[[92.96894714217585,12.741245106008927],[92.96819181505157,12.740703012876029],[92.96842234153281,12.741561672714335],[92.96894714217585,12.741245106008927]]],[[[92.96711981380983,12.74313047031648],[92.96845016964153,12.742131144587217],[92.9681783808725,12.741783225013322],[92.96711981380983,12.74313047031648]]],[[[92.65629436847789,12.77402903945631],[92.653650843758,12.772533077297483],[92.65570503403015,12.774874307192288],[92.65629436847789,12.77402903945631]]],[[[92.71758383436908,12.774515452066263],[92.71593961693111,12.774000651427452],[92.71631753779704,12.774800575319222],[92.71758383436908,12.774515452066263]]],[[[92.71686169697446,12.776789199234846],[92.71525860798413,12.775460791234416],[92.71476644327295,12.777029354924029],[92.71686169697446,12.776789199234846]]],[[[92.96040077954244,12.755345950337714],[92.9605989043758,12.755888356961755],[92.96077380399025,12.755287107408025],[92.96040077954244,12.755345950337714]]],[[[92.95410594734723,12.757437416097334],[92.95600331271852,12.757360271335727],[92.95598016118068,12.756646151436708],[92.95410594734723,12.757437416097334]]],[[[92.95851298674658,12.756878581361335],[92.95885382906852,12.757226487201502],[92.95993131511958,12.75642175005793],[92.95851298674658,12.756878581361335]]],[[[92.71584643076808,12.783356984562644],[92.71494390915228,12.783655558136926],[92.71571774117939,12.78404405377499],[92.71584643076808,12.783356984562644]]],[[[92.71656668569196,12.788188606206852],[92.72346628414687,12.767421856863779],[92.72400288312566,12.762070057257697],[92.71656668569196,12.788188606206852]]],[[[92.93931307231861,12.769396723742334],[92.94103548931503,12.769265492911538],[92.93929460958152,12.769035186727992],[92.93931307231861,12.769396723742334]]],[[[92.71750526456809,12.790183469032684],[92.71662726983949,12.790068888800617],[92.71661369206052,12.790697166126312],[92.71750526456809,12.790183469032684]]],[[[92.94474067018216,12.771136428579547],[92.94669791076528,12.770521487964649],[92.94299276370378,12.769667632323179],[92.94474067018216,12.771136428579547]]],[[[92.71641731104381,12.795054454016089],[92.718604497831,12.793978067067117],[92.71886128246166,12.791094263064082],[92.71641731104381,12.795054454016089]]],[[[92.72184463487079,12.795586822956095],[92.72033912548427,12.79589566609304],[92.72251097419328,12.796571329753792],[92.72184463487079,12.795586822956095]]],[[[92.71541832998196,12.796144047879693],[92.71425787653098,12.796501451325517],[92.71505962537016,12.797545333395211],[92.71541832998196,12.796144047879693]]],[[[92.71640036096645,12.798937094813585],[92.7148069344569,12.799190665616464],[92.71533064671678,12.801186671061165],[92.71640036096645,12.798937094813585]]],[[[92.71657527960522,12.80423839084088],[92.71507316866656,12.803065678173118],[92.71596044096917,12.804799591938284],[92.71657527960522,12.80423839084088]]],[[[92.70750854748566,12.830050276349136],[92.71125276693148,12.777188518709767],[92.72480351781398,12.748346518470985],[92.71730519667622,12.756340778256474],[92.71656384084065,12.719169886037372],[92.69370382454406,12.79763639209114],[92.70750854748566,12.830050276349136]]],[[[92.72603142629671,12.834072159404352],[92.72406981327437,12.835591489109596],[92.72650786787518,12.838840533627549],[92.72603142629671,12.834072159404352]]],[[[92.72873105325404,12.856463000926714],[92.72947200344868,12.85481749667047],[92.7285738181575,12.855039276552823],[92.72873105325404,12.856463000926714]]],[[[92.7631838293939,12.851367778853215],[92.76562560864866,12.849422145743658],[92.76505815670944,12.84755950175127],[92.76538750380823,12.836070127357008],[92.7631838293939,12.851367778853215]]],[[[92.72626567429175,12.86540875047442],[92.71996753608326,12.840316094009204],[92.71130932443207,12.832078731158557],[92.71354276988612,12.855572729021304],[92.72626567429175,12.86540875047442]]],[[[92.76803377457375,12.86207599658043],[92.78078928422362,12.840073679592747],[92.78506907510594,12.83256838227674],[92.78363896519801,12.824653890188976],[92.76803377457375,12.86207599658043]]],[[[92.76024716994027,12.868344379138362],[92.76579769942705,12.856595363821437],[92.76279637788855,12.855469525958787],[92.76024716994027,12.868344379138362]]],[[[92.75591810590961,12.878821687151627],[92.75968155642639,12.877866455348165],[92.75595009407932,12.8762002865304],[92.75591810590961,12.878821687151627]]],[[[92.8310339456743,12.885728766586986],[92.83056623874818,12.885482411455195],[92.83046947968181,12.885721981576825],[92.8310339456743,12.885728766586986]]],[[[92.8319669628348,12.885809938248638],[92.83140934549007,12.885211039611129],[92.83127352878063,12.885554576765962],[92.8319669628348,12.885809938248638]]],[[[92.83497354932858,12.886964168932526],[92.83392528548977,12.886919106740597],[92.83542520119646,12.887669246553369],[92.83497354932858,12.886964168932526]]],[[[92.78145283887582,12.892069862060007],[92.7894770018691,12.885208737002015],[92.78396199303275,12.882492131746078],[92.78145283887582,12.892069862060007]]],[[[92.892698044533,12.899248077167634],[92.89078278569633,12.89850499392236],[92.89121493216726,12.899766415947521],[92.892698044533,12.899248077167634]]],[[[92.74804686701195,12.894598040066748],[92.75698740692135,12.90638942012084],[92.75267434134784,12.889585979945593],[92.74804686701195,12.894598040066748]]],[[[92.87920931816315,12.905745127335061],[92.88043534655276,12.903575779107014],[92.87872603783578,12.902219526498259],[92.87920931816315,12.905745127335061]]],[[[92.76742526777555,12.917769211011276],[92.76818815687092,12.916158238662474],[92.76705350596269,12.917141861287117],[92.76742526777555,12.917769211011276]]],[[[92.79031977148888,12.917116367811381],[92.79199041514417,12.892232782280786],[92.77351303630167,12.906275573990543],[92.79031977148888,12.917116367811381]]],[[[92.87946009839058,12.912053344387198],[92.87738620841506,12.910347904157064],[92.87866298090213,12.91291567105034],[92.87946009839058,12.912053344387198]]],[[[92.86396478728389,12.914431484372153],[92.86240487810544,12.913970876972229],[92.86261939603541,12.914752809285202],[92.86396478728389,12.914431484372153]]],[[[92.67351294143263,12.933123177250677],[92.67291853375244,12.93308696850792],[92.67343920216803,12.933394347059238],[92.67351294143263,12.933123177250677]]],[[[92.67255451217014,12.933231537003744],[92.67205685510513,12.933222486658144],[92.6724853393338,12.933669901313664],[92.67255451217014,12.933231537003744]]],[[[92.76124038153507,12.92212140085223],[92.76635555979877,12.920890203083411],[92.76384913585603,12.917744088358688],[92.76124038153507,12.92212140085223]]],[[[92.768721138443,12.928603744301515],[92.7751474454873,12.9268957036498],[92.77183256471471,12.917591123242758],[92.768721138443,12.928603744301515]]],[[[92.92905960418229,12.916954754570833],[92.93779187223701,12.917367731131318],[92.9334737831234,12.911471752241868],[92.92905960418229,12.916954754570833]]],[[[92.75921388095217,12.931558748029513],[92.76573501288667,12.928212483226265],[92.76247960217295,12.92548432975352],[92.75921388095217,12.931558748029513]]],[[[92.89749167424954,12.926809156491947],[92.90214168290149,12.920075645930524],[92.89900361641234,12.919352275320183],[92.89739175857751,12.91411056142635],[92.90035945178953,12.911529876350881],[92.9223210339949,12.915389839520584],[92.90588714294883,12.887016102816776],[92.92462580388548,12.88790391718232],[92.92638412778558,12.858140867102966],[92.94116054387204,12.855990867648392],[92.94026318328235,12.837583634276537],[92.93560111210603,12.839801132178167],[92.93041364078631,12.83840414542324],[92.92742594489579,12.83269793135812],[92.92901045001457,12.831628841835101],[92.92670260508376,12.831803061448591],[92.92412580341829,12.829962404384545],[92.92255604388068,12.826075389338161],[92.92263698150059,12.821954208455479],[92.92544191657288,12.817244316095714],[92.92748005489915,12.815757128924265],[92.92976022141488,12.816541168322647],[92.92622245527927,12.81305418180583],[92.92441848515143,12.801076416733974],[92.93057549632208,12.8163195706728],[92.92428869737091,12.829538659442528],[92.94910945129794,12.838187928674037],[92.95111796124962,12.795211785462854],[92.92641809930939,12.774390289241136],[92.93894177242026,12.767527938127103],[92.94987967465993,12.770071770807416],[92.96444335605533,12.725811907163463],[92.98004972158732,12.709395063511074],[92.963855310011,12.704400998744488],[92.95669572012409,12.624211098756566],[92.94553678225668,12.631346477583106],[92.92972887336813,12.616923243334112],[92.94559623780903,12.629895625983012],[92.95879757902586,12.619609343379006],[92.9754200161019,12.543007313335101],[92.96882709163683,12.496659734433422],[92.96006961626887,12.485670125736103],[92.94590433035623,12.499658318473967],[92.93636797754493,12.481431354495092],[92.93261901300586,12.481896810101906],[92.93283755092496,12.485237188948128],[92.93119300039506,12.487630569536854],[92.92680679518509,12.488602285327973],[92.92883997929123,12.48873566370106],[92.92921487150466,12.489158251866467],[92.92850877493237,12.490448784355493],[92.92720919577651,12.490380889959328],[92.92653305506823,12.488471178189009],[92.93261903301729,12.484715080376045],[92.9261448512058,12.476739241719523],[92.93430504639474,12.470090412632242],[92.92178251305693,12.465707841592344],[92.92027107501013,12.472885612529309],[92.91617028223422,12.473760027092494],[92.91970507776074,12.476155870840941],[92.91840778154862,12.478169467539407],[92.92088469170848,12.479875986893425],[92.92031183450685,12.483284059208609],[92.9112424298899,12.489256645158461],[92.91315337910508,12.492805118872862],[92.91216651246035,12.494362197962367],[92.91397186887194,12.496760174251461],[92.91457451025295,12.500025226821958],[92.91428694956446,12.50002527102031],[92.91182379616883,12.494375651633804],[92.91292109557948,12.492547408565967],[92.91086289066904,12.489326695059681],[92.92052825535471,12.479984400524284],[92.91824909467122,12.478601135543073],[92.91913244377221,12.476106146604527],[92.91516254857393,12.478108254079778],[92.9131111044208,12.47697578025819],[92.91263948207431,12.478399550848915],[92.91202771045171,12.478700126065414],[92.90921961974536,12.47744773907207],[92.9084791026406,12.476699631308957],[92.90827914075923,12.475372947833229],[92.9082261936418,12.476267921527878],[92.90736362758695,12.47693229559545],[92.90690366273908,12.476785279597602],[92.9072738921934,12.477497274831284],[92.90692885432978,12.477630542955541],[92.90664826603025,12.477409072718341],[92.90714506960421,12.477472362762041],[92.90671963324074,12.476746874204856],[92.9082792146413,12.475160526262439],[92.91236583046701,12.478331730464218],[92.91260745590243,12.47701640397333],[92.91388170545322,12.475811911224005],[92.90570377472834,12.47065367282542],[92.9077878355099,12.467218652266807],[92.90716894534334,12.469241376023962],[92.91180536611635,12.471038501651474],[92.9148705258739,12.477651669007038],[92.9154688694799,12.472996034043978],[92.9194454172548,12.472752256600044],[92.92156404475959,12.464835394624894],[92.94990991961801,12.476196678529883],[92.95783698138267,12.472705385233493],[92.94463775872981,12.45126870670338],[92.91238681029516,12.450569425796552],[92.91481809978382,12.444419993310674],[92.91065798993492,12.444844507827595],[92.90818821006266,12.443890550451906],[92.90742958701648,12.44231526115348],[92.9090420672067,12.437987419716181],[92.92288342813548,12.434654848498777],[92.91077680470994,12.40538861887716],[92.89704044504371,12.438494467301192],[92.8844518487702,12.441760320294302],[92.88992155027512,12.447872531481462],[92.89566380326045,12.44785760154117],[92.89896338289951,12.451094452962574],[92.88884467389904,12.463753624394942],[92.89628436614089,12.45010413801102],[92.88571285003574,12.449374666876226],[92.88360772314175,12.442460800317336],[92.87700951148308,12.445087815551014],[92.88621741332305,12.456484810741284],[92.88379303856952,12.458525171669098],[92.87869000138994,12.458060849698496],[92.88313599582574,12.466532432150949],[92.87891569328004,12.466913474322391],[92.87895239584641,12.46754180224531],[92.8813463441219,12.468154798608618],[92.88184528855706,12.468726626842795],[92.88158293123033,12.469775236719341],[92.88040962822564,12.471325427569859],[92.87860976063412,12.46725471340215],[92.87889503973955,12.466603830801056],[92.88051896313874,12.465815450121234],[92.881229877312,12.46441887889956],[92.87803687954772,12.45806073973619],[92.88527458844878,12.455953588205427],[92.87557187054793,12.446604049654178],[92.87199131172848,12.458063937917014],[92.869003685631,12.456941360233413],[92.86877598355956,12.446158751343892],[92.85544666924096,12.457050167917943],[92.86386401836506,12.458210295740924],[92.86281676596649,12.465682229878274],[92.85348952283283,12.470918089371105],[92.85368509099904,12.457308129443911],[92.8431906204716,12.470765850815596],[92.8432608202215,12.480341567338415],[92.83548882436646,12.500637575140326],[92.83817277244111,12.497376014686163],[92.84218409402439,12.497113415715644],[92.85113832638507,12.502128563751308],[92.85514648508394,12.509764504660719],[92.83505808115058,12.501416301664502],[92.83759043450287,12.493335152216309],[92.8225293176754,12.500023601149248],[92.83687263146902,12.491249218881087],[92.83559104850343,12.486586855125035],[92.83414221765388,12.488756663346727],[92.8328657777176,12.489258492173176],[92.82461514506751,12.482885729969508],[92.82260508956796,12.485313109677346],[92.81580399073054,12.486809450626513],[92.82447129423738,12.482174915964436],[92.83397657073893,12.488467365357753],[92.83487338204235,12.485800399754073],[92.84239127125042,12.479313413608404],[92.8405067719616,12.47139440964204],[92.8408431122198,12.476389077650476],[92.8334170536543,12.481515554951258],[92.831765722478,12.481050087437145],[92.8315701175397,12.48013481163991],[92.83356605739111,12.47539306018496],[92.82945381093613,12.474710835616087],[92.82872909866171,12.471684670601876],[92.82555997964027,12.473294033622098],[92.82516664694218,12.472936942443292],[92.82559894017638,12.471992222854881],[92.82908323372202,12.471616889506347],[92.83062902406357,12.474541290175642],[92.82993890522698,12.47207111535588],[92.83030906462245,12.470561340476777],[92.83154854553189,12.469297894453783],[92.83325510120001,12.46948080189572],[92.83479696552536,12.480159400657929],[92.83939058389011,12.46445620072162],[92.88337893967984,12.43652808124923],[92.87479124864583,12.431289785511114],[92.8845288487147,12.43610571479124],[92.89926490041704,12.416802819778681],[92.88479189505362,12.431258010101685],[92.87403437434938,12.413421654062459],[92.85955025821075,12.436826592416633],[92.84566367300422,12.423474047903719],[92.83705526546098,12.43075920579967],[92.84169649368474,12.437452905246957],[92.83600098156548,12.443605330711703],[92.83550768009721,12.430705103405009],[92.82149678403778,12.434075681984003],[92.82014933593112,12.437061265477622],[92.81076014328876,12.442858372009479],[92.8167967255607,12.444659627039762],[92.81210776290065,12.448323205388013],[92.81612300667506,12.446795412079798],[92.8182111037877,12.449050884826073],[92.81823894518358,12.451297190263363],[92.81766419473111,12.45198749364347],[92.81709104577106,12.45190285339064],[92.81599852708429,12.450720178175875],[92.81603326390818,12.454332388645444],[92.81525181721177,12.454717658301131],[92.81149283098546,12.448774029349655],[92.8163309313424,12.44480502700509],[92.81021926356074,12.442680676755005],[92.81948794443136,12.43495696518448],[92.80415838207425,12.441083091258315],[92.79584809236243,12.43788429368931],[92.79953704807777,12.464656261222617],[92.78575776017941,12.474714781921108],[92.78954091437312,12.477108444426227],[92.79072745187618,12.480776575844924],[92.79064221435549,12.482650221581874],[92.79000043204029,12.483583507572405],[92.7866102127465,12.483895105180142],[92.78542347529475,12.474680663967554],[92.79096801709167,12.469095709517326],[92.77186919531822,12.471035977161229],[92.79820086269606,12.46406630033325],[92.78724245900017,12.437087457201423],[92.82963454495888,12.428264662170292],[92.81497051437418,12.424895515946627],[92.83394225171553,12.410484565127158],[92.8157545695598,12.416994396782298],[92.80416111105147,12.411737452654563],[92.80331290224031,12.404564061092879],[92.80245066850047,12.404751624756566],[92.80176771615116,12.40594264410452],[92.80133775272829,12.405906430319538],[92.79965699286822,12.40431534021394],[92.7991306036891,12.400798645545947],[92.80360257034496,12.404475918813501],[92.80420018654598,12.411274113742232],[92.81571313800421,12.416381881885654],[92.83840050715784,12.408633136153021],[92.82164958760798,12.402288124385601],[92.81966498162448,12.389080390382954],[92.83240551625049,12.4006308258685],[92.84155090305588,12.39139315296286],[92.83997820181885,12.39111759881028],[92.83893425328152,12.389809174254033],[92.84087657331291,12.385334067062496],[92.83753634783635,12.389382146514313],[92.83565997037984,12.386936947743258],[92.83534241546315,12.384139002862172],[92.83239969937381,12.385725817187867],[92.82813458667684,12.381380043771872],[92.83004944341216,12.378457605688556],[92.82876665964133,12.378925509336998],[92.8275963864061,12.378808119207111],[92.82570184626448,12.377377566723473],[92.82556846817829,12.37639901837379],[92.825064694672,12.376390740039838],[92.82136140170992,12.380062738201017],[92.82010601776764,12.379165563371792],[92.8230762770669,12.374217398513789],[92.83939799147979,12.383426737267307],[92.84209295460471,12.386554324384434],[92.84007704690924,12.39058420482636],[92.84486355389441,12.387717946839093],[92.84232578280188,12.391795385842235],[92.86105751995085,12.369437672402771],[92.85081992381987,12.36761770258389],[92.84626304988355,12.365453157583689],[92.84665828586702,12.363884669386277],[92.84539371118639,12.36311185813317],[92.8446328767317,12.363676983996731],[92.84576855654552,12.363708462400755],[92.84592040131362,12.364528848568739],[92.84358009400168,12.364856873832846],[92.84460981266987,12.363166215846872],[92.88333059495392,12.357025495691381],[92.8989665299544,12.333759059230891],[92.87952862025925,12.344852065224288],[92.87144226935371,12.329968094081982],[92.85706228980064,12.345206012421526],[92.84789454047933,12.343478372626324],[92.85962940249125,12.34191717277273],[92.8594466303739,12.335344887735408],[92.85775019448923,12.33554414015404],[92.85898981044848,12.338631111543874],[92.8569993951311,12.340392048581853],[92.854722300287,12.332337577529708],[92.85568055554262,12.330452497234706],[92.85806411692903,12.329473551016187],[92.85420880611775,12.326841154862667],[92.84546980875581,12.329256147332176],[92.84254570886799,12.326799817690073],[92.84188379214886,12.327909574154848],[92.8429158793447,12.32789587697746],[92.84309772196539,12.330042913206917],[92.8418564132521,12.329717643092495],[92.84109351518863,12.33157773821769],[92.83930742773804,12.331306762084038],[92.83940412206995,12.332773524647685],[92.83716057687737,12.332635833528528],[92.83571263734811,12.33434005415558],[92.83195437426522,12.335703202957738],[92.83186471163864,12.335542722595896],[92.84281685020882,12.326458504551454],[92.84552621867982,12.328860538648591],[92.84744213675837,12.32579668667057],[92.84837367157893,12.328083495246084],[92.85136453840465,12.325955534445546],[92.85468689548964,12.326608276189715],[92.85676057181057,12.328212622454524],[92.8601194552322,12.319156009711982],[92.831450707764,12.302676892151519],[92.8098088647646,12.315648188084303],[92.77866890802552,12.313074250332175],[92.76948983833607,12.320684886825246],[92.7719804435953,12.327350200849407],[92.77159658354562,12.327757001571301],[92.77051391352514,12.327878813382164],[92.77078261124441,12.329302693434535],[92.76952276680854,12.330310486138453],[92.77105362403074,12.330604584361181],[92.77211078557991,12.332139265568252],[92.77206239444318,12.332905447322863],[92.77043478618887,12.333759476644415],[92.75281239202286,12.296094548566828],[92.73412504937062,12.302426354461575],[92.74360424031924,12.326528168514193],[92.74773630127946,12.344421486582258],[92.74745256202404,12.349813359525198],[92.74372276925882,12.353438678780407],[92.7464489795216,12.352389418359902],[92.74987145392218,12.355901979976455],[92.74965581142746,12.358851295968789],[92.74853821167864,12.360159616640503],[92.74293322517556,12.35931276718424],[92.74668770642404,12.361174169280567],[92.74917836357807,12.365617787053232],[92.7426114308135,12.359457425572119],[92.73875879085328,12.314966615665904],[92.71947705872964,12.300342449876021],[92.69903885589093,12.328278622214402],[92.6951290521224,12.400409285704754],[92.70693840002073,12.492790175875431],[92.69304871113383,12.515592329928491],[92.70736949464458,12.594005924671496],[92.68398464619791,12.609049866574248],[92.70258650191184,12.60478720739686],[92.71823991212325,12.644334952342815],[92.7199333752745,12.618408663644887],[92.7224360383993,12.615356852016802],[92.72747963067012,12.636159624224328],[92.73330182024627,12.624066745047923],[92.73491875284766,12.627252534771426],[92.73565898578622,12.625371976295826],[92.74003485292022,12.622373434184677],[92.74031932512838,12.62039362798387],[92.74086212517993,12.619701854076014],[92.74273977819603,12.619203829353152],[92.74410676292412,12.619203206604482],[92.74766153077495,12.62045923468264],[92.72852445002964,12.636037172557597],[92.73282793331423,12.6571067687331],[92.77314526684047,12.670389593062183],[92.77838502530165,12.641202043014536],[92.77544962581487,12.637833490449797],[92.7751021795804,12.631356274681716],[92.76523373601889,12.632057104634514],[92.76227138417762,12.627752767266069],[92.76186774107549,12.624421384573141],[92.77565932977923,12.630737273200042],[92.77848745589522,12.637888970527515],[92.77882175383488,12.629635695571281],[92.78437902289149,12.623974380870816],[92.77645165702546,12.590469394702204],[92.77892657088614,12.579975059574034],[92.78598974213195,12.62451738117026],[92.77908341324817,12.671020312437221],[92.78709696631896,12.7027803796847],[92.78097482396626,12.725368205490634],[92.78368698479343,12.72460531237414],[92.78698294030066,12.726405255584483],[92.78969515521231,12.725466031381426],[92.78124535319226,12.740382748118854],[92.76160097231248,12.722810953543158],[92.78181424087724,12.733689270723293],[92.77578392532861,12.718378669247285],[92.78301673566374,12.692410139364755],[92.76939416154572,12.673103239606464],[92.73195522443618,12.672596500121367],[92.72642109470273,12.694094897337637],[92.74471513337973,12.699167299184788],[92.74584060721955,12.72281881701766],[92.74044233307343,12.739047301405568],[92.72967832717465,12.743892593885272],[92.7200031095714,12.790293890034361],[92.73120198436513,12.797517670033178],[92.73211204072528,12.79334996400764],[92.73570902857503,12.793637966148053],[92.73274119610818,12.789308911182525],[92.73561463899598,12.788620857988484],[92.7350613020999,12.78708879426826],[92.73694353719945,12.784154665649595],[92.73570516142476,12.785135944112772],[92.73521233286239,12.785000522914432],[92.73508707185485,12.782971110331049],[92.73773333337628,12.779155309411019],[92.73903750309886,12.790924774320525],[92.73121302810763,12.801707655983709],[92.72046629619045,12.796996833885904],[92.72207114915669,12.825227904542514],[92.73052801797358,12.83624926467296],[92.73530992476515,12.807252183123286],[92.73773580215281,12.80438565406466],[92.73911899897142,12.837019086417111],[92.74031636409909,12.836476241741737],[92.74183400613613,12.821862714451356],[92.74257959193474,12.820660123094887],[92.7560952038963,12.846794896955881],[92.76143563406958,12.84211258251202],[92.76191311814047,12.835249054553579],[92.76426488114801,12.833269482230078],[92.76207030586576,12.828762891590795],[92.76342027156963,12.8259493173314],[92.76084750899304,12.826597700433936],[92.75555977893593,12.823681786527844],[92.75444526132097,12.822031912976067],[92.75484395884506,12.81982616851434],[92.75371543495879,12.819584239704755],[92.75344148221677,12.8189400758595],[92.76553747335092,12.818835053253565],[92.77269891757632,12.842563068003301],[92.78383154046273,12.762146259220255],[92.7933784629011,12.774363640222294],[92.78041588074218,12.805052129168201],[92.78983300136018,12.814713578146725],[92.79220275209593,12.809682808187485],[92.79034188102342,12.807497414944459],[92.79202056257202,12.799639470952362],[92.79275282518536,12.799106084811012],[92.7942797353608,12.799718510187848],[92.79493607384532,12.798651722058157],[92.79179479886325,12.797340994233496],[92.792446443088,12.79342445724427],[92.79466637644204,12.793668497043274],[92.80062972305423,12.81282839731663],[92.78921363811251,12.828858878602528],[92.78207172793941,12.809181191697451],[92.78566902132403,12.832924543068602],[92.7817968716755,12.859983334273421],[92.79300517104033,12.844506877420532],[92.78839635955401,12.861490702961593],[92.80041070395463,12.848459299878318],[92.7927569379031,12.863678290759264],[92.79443165288872,12.863705390182027],[92.79665462967642,12.864830730759634],[92.8001672185425,12.860570491027456],[92.80439878455591,12.86107195699255],[92.79656478135281,12.86507482571444],[92.79204289613422,12.864629729664864],[92.79079030911741,12.889935556653805],[92.80883634964673,12.897489713162683],[92.82975069614307,12.884618795844696],[92.83413257277006,12.885675637318036],[92.84069257165287,12.891609018779631],[92.83960193995115,12.876677669052686],[92.84769681678455,12.876067035235943],[92.84439548807315,12.875132217548634],[92.84240442906248,12.871952783400866],[92.84320344290106,12.870513027974933],[92.84144533701806,12.868045549339051],[92.83988889835045,12.868120166385442],[92.84069011091498,12.869817554728174],[92.83932925241665,12.872254073138434],[92.83885681865286,12.871519647989347],[92.83635162188361,12.865856665419674],[92.83973925181708,12.861385758751172],[92.83837842382377,12.864179374364486],[92.84255794944646,12.868502863057216],[92.84370760950428,12.870911360826316],[92.84277532941198,12.87192565980762],[92.84450596750682,12.874833860097578],[92.85388011842417,12.877111614164418],[92.85267509064751,12.873538828891292],[92.84971173772233,12.873988112827437],[92.84670698472692,12.869326344744684],[92.84814378611813,12.86706768819963],[92.85107603589073,12.86631872515474],[92.8450587989834,12.862224598394496],[92.84955723634171,12.845100410254949],[92.84864278178986,12.844955937322197],[92.84878082915743,12.846970420251008],[92.84750323779367,12.847730879890205],[92.84554129370282,12.845961920508437],[92.84138009784833,12.846382889910789],[92.83819007651206,12.844445280078553],[92.83625060935353,12.847110855328078],[92.82593641388506,12.830991509293327],[92.82344076930671,12.82310450120718],[92.828861740974,12.818889070086009],[92.82910326551254,12.817225404111934],[92.82805522029605,12.817043503075181],[92.82702570594503,12.816270331520128],[92.82669828490552,12.814030153825609],[92.82763681009564,12.810329584866322],[92.82840526106997,12.810057398271267],[92.82697457353855,12.813971860191382],[92.82944272404846,12.81721265850314],[92.82901533109549,12.819227870647106],[92.82365735262134,12.823210697077908],[92.826175795672,12.830885721280108],[92.85007478273096,12.845001126204414],[92.84546817712435,12.861987876734876],[92.85189439488524,12.8663391153218],[92.84975557604726,12.873139870051197],[92.85284699898612,12.872980888845602],[92.85474868359903,12.877571331157856],[92.86055840209724,12.87731653664643],[92.86219890011924,12.878253979540268],[92.86122753297131,12.873224962080323],[92.86151259912411,12.871172822882263],[92.86396319212487,12.869630793320875],[92.86444191980574,12.8685413360468],[92.86328121032763,12.869493148597867],[92.86165530787086,12.868577242654085],[92.86127830743727,12.865771552850012],[92.8624263491114,12.8635899898561],[92.86461019110189,12.868817030430575],[92.86248692350752,12.878278788107973],[92.86189723479083,12.87844167027162],[92.86050552966022,12.877653357677213],[92.86031215384409,12.878069242035265],[92.87432431287964,12.882337226791634],[92.87131469556012,12.892373741797716],[92.89107816567967,12.895207289246427],[92.90011318867872,12.902843982667193],[92.89240585309038,12.915658362775254],[92.89749167424954,12.926809156491947]]],[[[92.67756767745374,12.947175821539817],[92.67680255987909,12.94652957990137],[92.6766000008638,12.947483264589925],[92.67756767745374,12.947175821539817]]],[[[92.67005626856836,12.947804752505412],[92.67217184034772,12.949603434005596],[92.67197805002196,12.948387642630781],[92.67005626856836,12.947804752505412]]],[[[92.67460968755766,12.94976140519768],[92.6748628537381,12.94836026397363],[92.67216708290032,12.948853158449174],[92.67460968755766,12.94976140519768]]],[[[92.66629170141222,12.950223072639039],[92.66836100570237,12.951054564871072],[92.66841601433349,12.949463615272274],[92.66629170141222,12.950223072639039]]],[[[92.66700167211162,12.951823011999506],[92.66817220203602,12.951822933140747],[92.66816292441185,12.951488473531258],[92.66700167211162,12.951823011999506]]],[[[92.66942108331841,12.951868039312],[92.67092307784816,12.95011426700517],[92.66892772710646,12.950471479139393],[92.66942108331841,12.951868039312]]],[[[92.8891431663744,12.93261063292918],[92.89181141568226,12.932434573599474],[92.88918939639498,12.931720208791877],[92.8891431663744,12.93261063292918]]],[[[92.66997887551727,12.952803581206727],[92.66884978973373,12.95265903483978],[92.66948124314825,12.953205875629804],[92.66997887551727,12.952803581206727]]],[[[92.85847670393439,12.931988497034189],[92.88553450265402,12.923549412751834],[92.86267788079955,12.91804783614814],[92.85847670393439,12.931988497034189]]],[[[92.66866146727983,12.956030767148436],[92.66828754675265,12.952559641118565],[92.66673461995899,12.95314731048119],[92.66866146727983,12.956030767148436]]],[[[92.88753943734926,12.933053350767794],[92.89327172754716,12.937524140349062],[92.89327651799424,12.936457458493809],[92.88753943734926,12.933053350767794]]],[[[92.89933391927451,12.940514606896228],[92.89909196055943,12.940358635851167],[92.89840289144496,12.94154275233225],[92.89933391927451,12.940514606896228]]],[[[92.90280652500817,12.937373470868106],[92.8988658569771,12.941688878454228],[92.90231095000345,12.94051025671744],[92.90280652500817,12.937373470868106]]],[[[92.89907115086496,12.94229540598526],[92.90145830041023,12.941834496427417],[92.9019284462484,12.940781426621838],[92.89907115086496,12.94229540598526]]],[[[92.89822312447039,12.942363145471043],[92.89906427041593,12.942125457290052],[92.8983753034515,12.941612825572186],[92.89822312447039,12.942363145471043]]],[[[92.87885718427532,12.96196067381218],[92.87783878122968,12.961531632517199],[92.87771133439254,12.962700070360425],[92.87885718427532,12.96196067381218]]],[[[92.88326430039838,12.965450400230326],[92.88302289989,12.96522469992351],[92.88306190037031,12.965497000162747],[92.88326430039838,12.965450400230326]]],[[[92.8822622397873,12.966452726267779],[92.88197272070033,12.965485394184023],[92.88159919010982,12.966475253057935],[92.8822622397873,12.966452726267779]]],[[[92.69481548871366,12.991353717005266],[92.71925359257483,12.980966554816211],[92.7097791352792,12.946035298135135],[92.72145581781947,12.944571996543845],[92.7206550619011,12.889601141129916],[92.71821002333638,12.88132139096518],[92.70731524807574,12.883932397216295],[92.70589135320246,12.883046852548933],[92.7038355954554,12.88003709220748],[92.70402355388009,12.877239214911784],[92.703056400596,12.878188632021235],[92.70202893814323,12.877872481551599],[92.70160030893896,12.87731663130855],[92.71870965808142,12.874835156556797],[92.69959843116023,12.840226554379873],[92.67108489710925,12.83762342825381],[92.68805341020605,12.816973809175723],[92.66727911893503,12.782593475976611],[92.64686317694373,12.862005672049255],[92.67899512791143,12.94219492037699],[92.67948964857798,12.94853605042991],[92.6680625790174,12.957196899774214],[92.66971409752668,12.966105162588518],[92.69481548871366,12.991353717005266]]],[[[92.88709841601141,12.979644644799578],[92.8858446573853,12.979904446312055],[92.88667886721066,12.980397211753425],[92.88709841601141,12.979644644799578]]],[[[92.88809850059654,12.980923909204796],[92.88882204717748,12.98121777918655],[92.8886055382808,12.98071610366786],[92.88809850059654,12.980923909204796]]],[[[92.89305079898838,12.983988911173135],[92.8934080425967,12.983116587150679],[92.89279042044558,12.983125606327365],[92.89305079898838,12.983988911173135]]],[[[92.9781438417859,12.986968621887204],[92.97671892052658,12.986868958230701],[92.97792492431435,12.987724240374062],[92.9781438417859,12.986968621887204]]],[[[92.833078493409,13.002052000754315],[92.83086385048053,13.001378053186928],[92.83250939039753,13.002793029972493],[92.833078493409,13.002052000754315]]],[[[92.9739352004712,12.993740500155235],[92.97378680032087,12.993699700055029],[92.97385200047265,12.993826000565774],[92.9739352004712,12.993740500155235]]],[[[92.9733465137979,12.994490357587864],[92.97284856809416,12.994158296495947],[92.97288323349213,12.99442044653125],[92.9733465137979,12.994490357587864]]],[[[92.78748469991186,13.011738600426526],[92.78672569998766,13.010841599984188],[92.78624269983104,13.011531600413672],[92.78748469991186,13.011738600426526]]],[[[92.78445791560821,13.013495878457842],[92.78473906694869,13.013220333143455],[92.78446727837122,13.013138915041466],[92.78445791560821,13.013495878457842]]],[[[92.97040213151261,12.999560077868514],[92.97030983923894,12.999126205043233],[92.97022000728427,12.99952173021418],[92.97040213151261,12.999560077868514]]],[[[93.00735907786974,12.999188235563702],[92.98139194244585,12.967904944204262],[92.98207430622755,12.93203440008226],[92.96804646057208,12.94247857257427],[92.95320473282527,12.93427520447623],[92.95730348011439,12.948961318121988],[92.97259013120787,12.946385933454772],[92.95371176055276,12.95792331599124],[92.95783178415127,12.989490043649253],[92.97200270746514,12.970253729197736],[92.98444370310963,12.994449321023847],[93.00735907786974,12.999188235563702]]],[[[92.98600722632992,13.00105252151027],[92.98820643304053,12.9983802068019],[92.98566685452523,12.997894543293702],[92.98600722632992,13.00105252151027]]],[[[92.94838475378941,13.024677682360084],[92.94796262982452,13.019490726298706],[92.94419112293282,13.025559008026933],[92.94838475378941,13.024677682360084]]],[[[92.9313383001745,13.028437600148736],[92.93025420039542,13.027722400647093],[92.9304818002247,13.029282800050412],[92.9313383001745,13.028437600148736]]],[[[92.92068569481482,13.031308570151202],[92.94233593189841,13.019249234205246],[92.94159901132258,12.994170543797464],[92.91347255015289,13.01098247282167],[92.92068569481482,13.031308570151202]]],[[[92.78565403977227,13.055449418169424],[92.78527607529249,13.05525960867708],[92.78550187751976,13.055675276659226],[92.78565403977227,13.055449418169424]]],[[[92.78796008163187,13.060912557423833],[92.78782190724161,13.060248374671191],[92.78747617010687,13.060505883983984],[92.78796008163187,13.060912557423833]]],[[[92.93310607663258,13.051496993405362],[92.93022552452415,13.051155767956919],[92.93120263871471,13.054472307504394],[92.93310607663258,13.051496993405362]]],[[[92.79505652098094,13.076021124816345],[92.79451266724524,13.075880907360512],[92.79489505521249,13.07697450976441],[92.79535148040411,13.076382606356734],[92.79505652098094,13.076021124816345]]],[[[92.91577333199254,13.06320804461532],[92.91878589613195,13.054221142581122],[92.91306972852092,13.067303814253739],[92.91577333199254,13.06320804461532]]],[[[92.91435101605231,13.06839966438634],[92.91293603969832,13.068388179735335],[92.91318020219776,13.068998262325211],[92.91435101605231,13.06839966438634]]],[[[92.91078974260564,13.076078423566447],[92.90985634319395,13.075002916393856],[92.90948981526611,13.076290690830081],[92.91078974260564,13.076078423566447]]],[[[92.7310210371813,13.093827354371477],[92.72812994356059,13.093891818117418],[92.7313630996942,13.095775272247664],[92.7310210371813,13.093827354371477]]],[[[92.7193938726413,13.098690775544371],[92.70600776218525,13.070857529918994],[92.699594216453,13.070253827754923],[92.69511585117313,13.097216116876249],[92.7193938726413,13.098690775544371]]],[[[92.79288105769585,13.093387678358347],[92.7933282863456,13.092495369477088],[92.79267364274803,13.092660239742218],[92.79288105769585,13.093387678358347]]],[[[92.79279105595099,13.094115223992494],[92.79330051221737,13.093882520953004],[92.79292713323093,13.093638484834182],[92.79279105595099,13.094115223992494]]],[[[92.84075994335997,13.143349325475533],[92.8400452540851,13.14361148126995],[92.84057552650125,13.143945855671976],[92.84075994335997,13.143349325475533]]],[[[92.80871122013615,13.149280575818938],[92.80767607987089,13.148083116897737],[92.80856819960417,13.149904144220875],[92.80871122013615,13.149280575818938]]],[[[92.8072187000471,13.15291269945568],[92.80645969993851,13.152429700297184],[92.80639069980342,13.152843699820673],[92.8072187000471,13.15291269945568]]],[[[92.80336212345884,13.15299679896356],[92.80475472358806,13.152508937340325],[92.80420140445378,13.15219705902501],[92.80336212345884,13.15299679896356]]],[[[92.80980122310257,13.163256835684491],[92.80927548411762,13.163134834412322],[92.80955219371882,13.16400245976764],[92.80980122310257,13.163256835684491]]],[[[92.80954053407616,13.167400491856991],[92.81042821758318,13.166447076283006],[92.80922238500959,13.167011874859684],[92.80954053407616,13.167400491856991]]],[[[92.80990016637851,13.168525648741536],[92.81037518923195,13.168982098203696],[92.81060574915304,13.168729059847314],[92.80990016637851,13.168525648741536]]],[[[92.79609778205838,13.170729712788432],[92.79246173518459,13.169353327740632],[92.79314162057088,13.171395920598119],[92.79609778205838,13.170729712788432]]],[[[92.79154146254278,13.171275943337474],[92.79258370379073,13.171239951918427],[92.79187353143537,13.17091443767423],[92.79154146254278,13.171275943337474]]],[[[92.75534800437924,13.201697695933648],[92.75453617772752,13.20201819902933],[92.75526938543214,13.202705316855836],[92.75534800437924,13.201697695933648]]],[[[92.82272542929321,13.20819792236979],[92.82601401043534,13.208724322967951],[92.82248554133034,13.206941772168921],[92.82272542929321,13.20819792236979]]],[[[92.82661830728716,13.211236705194827],[92.8261985641402,13.209212270914941],[92.82552522442104,13.211286475179694],[92.82661830728716,13.211236705194827]]],[[[92.82868460707908,13.210884117720246],[92.82782670162324,13.210328354901035],[92.82770690052072,13.211652416504817],[92.82868460707908,13.210884117720246]]],[[[93.05831941216358,13.227008199282821],[93.06103864498304,13.219853998806546],[93.05623875682343,13.22691272410167],[93.05831941216358,13.227008199282821]]],[[[93.0619012014258,13.227030826705969],[93.06137476725185,13.22673327632748],[93.06153498565283,13.227397041567489],[93.0619012014258,13.227030826705969]]],[[[93.06095587031774,13.227694708260362],[93.05909677667113,13.227052449211225],[93.0597147214098,13.228331724467695],[93.06095587031774,13.227694708260362]]],[[[92.83938427318614,13.248872871959117],[92.83869240834606,13.248895584810931],[92.83918368629668,13.249155414444726],[92.83938427318614,13.248872871959117]]],[[[92.84040769948194,13.249719699818483],[92.83951070009553,13.249098699563092],[92.8398556995557,13.249995700082753],[92.84040769948194,13.249719699818483]]],[[[93.04786267298472,13.263279326171604],[93.04952905864148,13.262895514194001],[93.04874000877096,13.262140229458923],[93.04786267298472,13.263279326171604]]],[[[92.80032679430225,13.28603218036951],[92.79976389348667,13.285783433538715],[92.80008657560647,13.286899896263167],[92.80032679430225,13.28603218036951]]],[[[92.79362570022292,13.28808370009575],[92.79300469937849,13.28711769962818],[92.79293569962931,13.288014699412372],[92.79362570022292,13.28808370009575]]],[[[92.81306731243019,13.287138347332846],[92.81919579206723,13.285706984429437],[92.81675564841946,13.281616104834402],[92.81306731243019,13.287138347332846]]],[[[93.06802322943288,13.266815695574074],[93.0675662403316,13.266937668014368],[93.06793544831994,13.2671683344592],[93.06802322943288,13.266815695574074]]],[[[93.06839231332394,13.267588913194627],[93.06804159991802,13.26721357148713],[93.06806000538661,13.26746676537863],[93.06839231332394,13.267588913194627]]],[[[93.06817985780579,13.268149503156572],[93.06782914539555,13.267774160115463],[93.06784754971359,13.268027355457395],[93.06817985780579,13.268149503156572]]],[[[93.06969470024069,13.266900700010101],[93.06948770033546,13.267935699743239],[93.06990169982534,13.268073699654062],[93.06969470024069,13.266900700010101]]],[[[93.06849817771565,13.268891059427864],[93.06818432927395,13.268777959044074],[93.06832736117788,13.269031181485854],[93.06849817771565,13.268891059427864]]],[[[93.07099908302199,13.272829614017116],[93.0707221535477,13.272725567066942],[93.0708651974279,13.272942617671571],[93.07099908302199,13.272829614017116]]],[[[93.07054207458951,13.27299680391088],[93.07027436307949,13.272951535062242],[93.07040817867679,13.273155020033542],[93.07054207458951,13.27299680391088]]],[[[93.07011273140571,13.27329511664225],[93.06981736351243,13.273073511690633],[93.06991423319259,13.273362892826484],[93.07011273140571,13.27329511664225]]],[[[93.07114201866095,13.273548524311472],[93.07090667312153,13.27325007176713],[93.07107738093666,13.273616329510093],[93.07114201866095,13.273548524311472]]],[[[93.07069423765519,13.27372928019409],[93.0705050398064,13.273485092899222],[93.07056036085478,13.273801592680117],[93.07069423765519,13.27372928019409]]],[[[93.07170504850572,13.274055021655455],[93.07135432122686,13.273679684963131],[93.07137272952203,13.273932879293017],[93.07170504850572,13.274055021655455]]],[[[93.07040802792254,13.273837729974906],[93.07007564363215,13.27401850980551],[93.07031100489738,13.274240101274637],[93.07040802792254,13.273837729974906]]],[[[93.0711788035064,13.27420411469762],[93.0708649462268,13.27409101690762],[93.0710079836069,13.274344237634017],[93.0711788035064,13.27420411469762]]],[[[93.0708278797361,13.27472850692176],[93.0703708773663,13.274850483918941],[93.07074009981397,13.275081146179309],[93.0708278797361,13.27472850692176]]],[[[92.81722369996668,13.2987096994244],[92.81611970008188,13.298502699822597],[92.81667169968574,13.299123700229824],[92.81722369996668,13.2987096994244]]],[[[93.03257817072198,13.280681135971355],[93.03207084289328,13.279528031572873],[93.03124884412493,13.2804455481577],[93.03257817072198,13.280681135971355]]],[[[93.01341054832893,13.2847968968335],[93.01650786003303,13.285015247858155],[93.01534547081125,13.283061568568632],[93.01341054832893,13.2847968968335]]],[[[93.02139232086064,13.294511907963813],[93.02096761044302,13.2945388636202],[93.02132759527241,13.294742465444179],[93.02139232086064,13.294511907963813]]],[[[93.02191366426482,13.29522195519468],[93.02144741758121,13.29522176759949],[93.02189516042039,13.295312372753303],[93.02191366426482,13.29522195519468]]],[[[92.98509542583312,13.30000690917511],[92.9830872986976,13.298489158873119],[92.983138457965,13.299374999708036],[92.98509542583312,13.30000690917511]]],[[[93.04917728035116,13.296108578787848],[93.0485180419142,13.293223823750964],[93.04468623420328,13.294167597044385],[93.04917728035116,13.296108578787848]]],[[[93.08015756876499,13.295134717275591],[93.07980216389647,13.294858859605332],[93.07974213043414,13.29497640153334],[93.08015756876499,13.295134717275591]]],[[[93.07585973011841,13.295459467469065],[93.07557807566641,13.295762337966035],[93.07577195197675,13.295807587243983],[93.07585973011841,13.295459467469065]]],[[[93.07606744166377,13.295572537711072],[93.07645054400349,13.295834843114875],[93.07620131710652,13.29555899939365],[93.07606744166377,13.295572537711072]]],[[[93.07759540832619,13.295735587327801],[93.07729993645857,13.295880213525258],[93.07752149191884,13.296024934206438],[93.07759540832619,13.295735587327801]]],[[[93.07819092481243,13.29566787748798],[93.07783081020885,13.2958938747647],[93.0780708314884,13.296038597799651],[93.07819092481243,13.29566787748798]]],[[[93.076958329687,13.295880150495563],[93.07667674572022,13.29582132117531],[93.07683825228865,13.296155923677558],[93.076958329687,13.295880150495563]]],[[[93.07587341799253,13.296273295122328],[93.07600736028773,13.295925184637472],[93.07566575349121,13.295925119440827],[93.07587341799253,13.296273295122328]]],[[[93.07863399738227,13.296169815352588],[93.07838010880813,13.296120035948496],[93.07848624323154,13.296337075147335],[93.07863399738227,13.296169815352588]]],[[[93.07611340704943,13.296576264511712],[93.07605346084742,13.296241680980648],[93.07593337882244,13.296535539539333],[93.07611340704943,13.296576264511712]]],[[[93.07770149229036,13.296214859228266],[93.07743370684909,13.296418266505444],[93.07764142745708,13.296490644550047],[93.07770149229036,13.296214859228266]]],[[[93.07876775701202,13.296780207985165],[93.07850004761768,13.296576704235322],[93.0786200179664,13.296866085475715],[93.07876775701202,13.296780207985165]]],[[[93.08212833965705,13.297391154655509],[93.08177755337788,13.29707008823251],[93.081925197296,13.297522237833505],[93.08212833965705,13.297391154655509]]],[[[93.08002783283771,13.29778414768266],[93.07970473594644,13.297526380365586],[93.07992624625537,13.297933331438927],[93.08002783283771,13.29778414768266]]],[[[93.080558604506,13.2983946083217],[93.08079409342065,13.298087202958243],[93.08054479937009,13.298145937224076],[93.080558604506,13.2983946083217]]],[[[93.08144489487172,13.29868411786564],[93.08111712424886,13.298729275167778],[93.08145870216109,13.298919225579077],[93.08144489487172,13.29868411786564]]],[[[93.0821186732183,13.29990496787766],[93.08190636518398,13.299642699931363],[93.0820124789081,13.300008938706178],[93.0821186732183,13.29990496787766]]],[[[93.08258951247514,13.30009493778721],[93.08230794580247,13.299904999315412],[93.0823263538474,13.300239574418967],[93.08258951247514,13.30009493778721]]],[[[93.08300495334753,13.300298461715542],[93.08282955523876,13.300153753016867],[93.08282952564574,13.300330081502022],[93.08300495334753,13.300298461715542]]],[[[93.02181294324001,13.315232972978366],[93.02155911115449,13.315029414544096],[93.02159591726148,13.31533235300648],[93.02181294324001,13.315232972978366]]],[[[93.02236668535085,13.315857126837571],[93.02207588289905,13.315739458254162],[93.02217734349671,13.315992688382607],[93.02236668535085,13.315857126837571]]],[[[93.02220485473138,13.316444824637978],[93.02187710280063,13.316363310732678],[93.02205705387065,13.316603008545245],[93.02220485473138,13.316444824637978]]],[[[93.02151614040905,13.318406768675619],[93.02127156206565,13.318148959080379],[93.02132683105361,13.3184609468099],[93.02151614040905,13.318406768675619]]],[[[93.00782631301725,13.320887562247327],[93.01282528535187,13.302872620904205],[93.00215133980703,13.30430096167074],[93.00047157969685,13.303043242626593],[93.00022373606494,13.300199253686417],[92.9979498048623,13.30051481485591],[92.99695823923298,13.300178690571242],[92.99486841819743,13.297588919664507],[93.00782631301725,13.320887562247327]]],[[[92.99720670484072,13.322147847128843],[93.000215588535,13.31623612556678],[92.99434367159657,13.31894927787013],[92.99720670484072,13.322147847128843]]],[[[93.02279526053866,13.328842314078647],[93.0198041625476,13.316457415012255],[93.02313648209113,13.307583548224597],[93.0212000603837,13.301601156143555],[93.0138474936506,13.308719044443183],[93.02279526053866,13.328842314078647]]],[[[92.96391727341258,13.335418127511373],[92.96750718536559,13.332976189973829],[92.9660855632769,13.332804962432215],[92.96391727341258,13.335418127511373]]],[[[93.00702457679846,13.33681553431107],[93.00828555049823,13.335749098933402],[93.00660525883934,13.335079184146377],[93.00702457679846,13.33681553431107]]],[[[93.01499305655663,13.33820709927913],[93.01294288120395,13.338590516894225],[93.01508491023603,13.339301278413762],[93.01499305655663,13.33820709927913]]],[[[93.0157757278512,13.343248615117343],[93.02013656888083,13.338109786131527],[93.01742695247025,13.336666388333278],[93.0157757278512,13.343248615117343]]],[[[93.03857087446832,13.343365807861218],[93.03531133061587,13.342785973449018],[93.0380949093093,13.344477871355592],[93.03857087446832,13.343365807861218]]],[[[92.82981731642971,13.36894388609193],[92.8289079989488,13.368618309635982],[92.8292356056471,13.369368635494778],[92.82981731642971,13.36894388609193]]],[[[93.0361403631642,13.361332363168476],[93.03528164714155,13.360920632928176],[93.03496745032321,13.361476634487165],[93.0361403631642,13.361332363168476]]],[[[93.04033132762513,13.366515104401442],[93.0361347352182,13.364135524001085],[93.0401968553764,13.368147224218001],[93.04033132762513,13.366515104401442]]],[[[93.08092976347672,13.36641668511032],[93.0806666031105,13.366158930533262],[93.08064348805635,13.36631264862766],[93.08092976347672,13.36641668511032]]],[[[93.07210561263938,13.36556505526554],[93.07734234141974,13.363829914778522],[93.07658991584037,13.362572875266402],[93.07210561263938,13.36556505526554]]],[[[93.08139613296963,13.366493623757327],[93.08108213660007,13.366470965807208],[93.08134069494788,13.366642815213254],[93.08139613296963,13.366493623757327]]],[[[93.08083270950056,13.36689139710299],[93.0806434267626,13.366656261420884],[93.08064339171898,13.366855195842477],[93.08083270950056,13.36689139710299]]],[[[93.08232411553726,13.367470361088877],[93.08199628963882,13.367298501399963],[93.0820147390635,13.367425098905189],[93.08232411553726,13.367470361088877]]],[[[93.08287343025766,13.368591713551531],[93.07922089458152,13.368270094206638],[93.08169562964804,13.37026889640885],[93.08287343025766,13.368591713551531]]],[[[93.03602474638687,13.37462925554286],[93.03481510659282,13.37400942644531],[93.03468097333253,13.374601660111399],[93.03602474638687,13.37462925554286]]],[[[93.0472971529791,13.373574933893318],[93.0407796445656,13.365330690005825],[93.0403581567798,13.369074128405074],[93.03634481396217,13.370623558761938],[93.0472971529791,13.373574933893318]]],[[[93.04570474928417,13.375853968098053],[93.04516334082551,13.375516865855863],[93.04512724702292,13.376029541552805],[93.04570474928417,13.375853968098053]]],[[[93.04485349808286,13.376178412352987],[93.04408233962988,13.376114873787968],[93.0443823498814,13.37657161151838],[93.04485349808286,13.376178412352987]]],[[[93.0779910187112,13.376647702504814],[93.07761237962362,13.37651651939152],[93.07778318405646,13.376814950420481],[93.0779910187112,13.376647702504814]]],[[[93.0800551310397,13.377005241644394],[93.07969498059722,13.376774597668804],[93.07993043897592,13.377063995965042],[93.0800551310397,13.377005241644394]]],[[[93.07731668677607,13.377312200431652],[93.07706273930712,13.377131304525975],[93.07701189659478,13.377370920533565],[93.07731668677607,13.377312200431652]]],[[[93.0778431117406,13.37737107130506],[93.07754759807509,13.377212775633655],[93.07757987593986,13.377461448089813],[93.0778431117406,13.37737107130506]]],[[[93.07901597925886,13.377746541355354],[93.0792194655459,13.376096331086847],[93.07802785166149,13.377230946708858],[93.07901597925886,13.377746541355354]]],[[[93.05376394859219,13.38306684639169],[93.0880624011249,13.346036089332152],[93.07148222136146,13.322662937023475],[93.07805693509458,13.296287264049504],[93.05846572696143,13.32889470639657],[93.03840746402,13.322219910291466],[93.04476585440747,13.34744144645742],[93.03843047422387,13.36189377577963],[93.04961782642853,13.365224915974162],[93.05376394859219,13.38306684639169]]],[[[93.05940645221159,13.385550487968697],[93.06690140280422,13.38594109734247],[93.06081112034501,13.382489972488255],[93.05940645221159,13.385550487968697]]],[[[93.08327517095745,13.396478658598861],[93.08298888221145,13.396229945885288],[93.08303500494709,13.396587128848246],[93.08327517095745,13.396478658598861]]],[[[93.08259604525557,13.39794794400016],[93.08164492373271,13.396564298191189],[93.0820925853594,13.39836381411158],[93.08259604525557,13.39794794400016]]],[[[92.84722841352861,13.419742988035836],[92.84604183865707,13.41957111317835],[92.84677586608582,13.420384733828737],[92.84722841352861,13.419742988035836]]],[[[92.86297725083469,13.421597216013463],[92.86118120450638,13.421249118329042],[92.86154127959252,13.422451368329622],[92.86297725083469,13.421597216013463]]],[[[92.81078707695106,13.432025499940616],[92.81757645241248,13.403987073118742],[92.80945196029474,13.399958104851969],[92.81078707695106,13.432025499940616]]],[[[93.09206952005596,13.422662216463708],[93.09325686986105,13.419917988034573],[93.09020571834601,13.40677898012245],[93.08580292587332,13.416101098802617],[93.09206952005596,13.422662216463708]]],[[[92.84118510794704,13.450466963308259],[92.83869125469975,13.4207407944284],[92.82080918891796,13.420615645190301],[92.82417578067161,13.439630563272134],[92.84118510794704,13.450466963308259]]],[[[93.07217927520466,13.43227559014814],[93.07133806631352,13.41334060882294],[93.06962937212842,13.412580689147822],[93.06553033880932,13.422643996908102],[93.07217927520466,13.43227559014814]]],[[[93.07424837222754,13.43313954854826],[93.07306606244917,13.432483742497489],[93.07342153673278,13.4333744902474],[93.07424837222754,13.43313954854826]]],[[[93.07695493730026,13.43379111014531],[93.07648877603025,13.431964458799904],[93.07574948970377,13.433307118294874],[93.07695493730026,13.43379111014531]]],[[[93.08755102453178,13.432101892137807],[93.08659025170554,13.432373026658983],[93.08715365009463,13.433105542734937],[93.08755102453178,13.432101892137807]]],[[[92.86981008478307,13.453890417656265],[92.86930675079775,13.453822614885024],[92.86974543011739,13.454224871956367],[92.86981008478307,13.453890417656265]]],[[[92.87104369970552,13.455063700053323],[92.87049169990875,13.454649700066717],[92.8706297002831,13.455132700353285],[92.87104369970552,13.455063700053323]]],[[[93.09579122528507,13.431406650192104],[93.10432660390693,13.435652830965692],[93.10442410402375,13.429110663315265],[93.09579122528507,13.431406650192104]]],[[[92.86690527139461,13.462663011032028],[92.86437462203104,13.463413192298644],[92.86712688699393,13.46428105292903],[92.86690527139461,13.462663011032028]]],[[[92.86734931074886,13.512765447399861],[92.87251338692167,13.501760038395684],[92.86511403824225,13.503133916300621],[92.86734931074886,13.512765447399861]]],[[[92.90504369151033,13.521062085641669],[92.90666117659273,13.520296009204182],[92.90510611553238,13.519968426845661],[92.90504369151033,13.521062085641669]]],[[[92.98406417299029,13.529685027993203],[92.98521435482435,13.529370743984433],[92.98456375035946,13.528401949172226],[92.98406417299029,13.529685027993203]]],[[[92.87326629356828,13.53830174046885],[92.87772410355113,13.538206763261574],[92.87569610915176,13.535278046919899],[92.87326629356828,13.53830174046885]]],[[[92.90306163063826,13.535145073555759],[92.91197692455437,13.533846660830845],[92.9045206090452,13.52939134071649],[92.90306163063826,13.535145073555759]]],[[[92.97826664700473,13.53664414533421],[92.97793355525879,13.535523315117556],[92.9776568392459,13.536553962409185],[92.97826664700473,13.53664414533421]]],[[[92.91652406740569,13.542826475809369],[92.91303156409805,13.54223499903164],[92.91439006036705,13.544196307402663],[92.91652406740569,13.542826475809369]]],[[[92.98638839809354,13.534134173185436],[92.98543218067968,13.529728061403116],[92.98433748118718,13.530293884519667],[92.98382482671815,13.529795601249603],[92.98382821424816,13.528948020544671],[92.97839024782907,13.530761036321008],[92.98638839809354,13.534134173185436]]],[[[93.05076122061607,13.565473378924954],[93.05564242247412,13.562129065198768],[93.0528751293713,13.558909251725847],[93.05076122061607,13.565473378924954]]],[[[92.99822439031922,13.570678412772232],[93.0023116991641,13.570699419680025],[93.0000000006044,13.568609533521581],[92.99822439031922,13.570678412772232]]],[[[92.98356900021031,13.578027000277057],[92.98331599989699,13.577728000503473],[92.98345400029903,13.57811900048607],[92.98356900021031,13.578027000277057]]],[[[92.81604258592958,13.183480508188849],[92.8320012299112,13.215443458659024],[92.82247650098341,13.216706738787192],[92.825512186755,13.237172309164002],[92.85042412931263,13.238625047514093],[92.85224171595092,13.221858277414274],[92.85519449897919,13.21946970519599],[92.84780534854416,13.212726170540398],[92.84832360035715,13.208080818085378],[92.84990095225892,13.207488624827787],[92.85418629247567,13.209054211672719],[92.8584841074671,13.20612947467551],[92.86123943950122,13.206378389997564],[92.85821788915472,13.200774823576273],[92.85912623362834,13.199373808131826],[92.86292599672291,13.196469876490546],[92.85717019405017,13.196224605670494],[92.85607693092814,13.19516292552295],[92.85537743229382,13.190739201016394],[92.85661265812706,13.188240205773516],[92.85827783171301,13.18766606259197],[92.86043229163006,13.191737009772483],[92.86091071220284,13.185519190810208],[92.86166913930889,13.184294468832023],[92.86311962621866,13.18482510292115],[92.86051354418915,13.192033827115717],[92.85572688788064,13.190536350198526],[92.8638114020558,13.196081076659778],[92.86211859489421,13.206601027104124],[92.85460575444756,13.20969089753795],[92.84894369632663,13.208388936701631],[92.85601659395482,13.219636398703159],[92.85483675691786,13.233957995507918],[92.85152468382171,13.239657585375372],[92.84249570910058,13.24081790279439],[92.839018930271,13.245895823939543],[92.85017195341868,13.262173021800509],[92.8551314383683,13.25058897815243],[92.85467031409041,13.25406048527636],[92.85802016081735,13.252257341921204],[92.85944561390106,13.25649693212182],[92.86047005143301,13.254106050821674],[92.86238951107691,13.252940053007919],[92.86885359690196,13.25460351949311],[92.87039922489546,13.258305202143335],[92.81109645487044,13.270826204461441],[92.84081748771553,13.301204283116435],[92.82046391820928,13.310845894160133],[92.83001578304068,13.369093070670361],[92.84935188407621,13.377814148335716],[92.84787619896959,13.363454951985307],[92.8499861210817,13.359373877548544],[92.85158329743014,13.358732226326136],[92.85436205523385,13.359175383596943],[92.8506722924471,13.376264019426223],[92.86973724456651,13.390678311390417],[92.85887493208386,13.3839390598462],[92.863583428004,13.38981939934721],[92.86329224829252,13.397674592321932],[92.86238259343283,13.401294815106871],[92.85811314123006,13.385209044887079],[92.84042250186755,13.388452465035808],[92.84206320277139,13.409649964609487],[92.87048481144579,13.413986297629203],[92.87298725426446,13.402393350913226],[92.87892889836314,13.396133543653558],[92.88270527725156,13.395084872193795],[92.8825713500733,13.393869082684267],[92.88013376118889,13.393014936913463],[92.87916885112416,13.39111217356102],[92.88570470861566,13.36722089197051],[92.88576163049603,13.398036095726331],[92.88908078298266,13.39419870720323],[92.8938867229248,13.394781408115223],[92.89495289485475,13.391735057215522],[92.89863222526347,13.391043209836079],[92.89847500680325,13.388543841263624],[92.90291163367773,13.389935430255168],[92.90233890017502,13.387531025206929],[92.90597600287043,13.382378148480917],[92.91597509797477,13.382408314059948],[92.92476633892589,13.390207662085412],[92.90724554875213,13.382667243567175],[92.90395551886593,13.394341995650535],[92.8987289761807,13.389140414237065],[92.89900617246232,13.3911109680276],[92.89312507277666,13.395933986363607],[92.88897464249864,13.394854067659463],[92.89942751978718,13.402803334044984],[92.89678765998787,13.412611283242647],[92.89602019789955,13.401257928494346],[92.87450155293628,13.402067933996372],[92.87320878678769,13.436358679170485],[92.89000604703769,13.423061292970994],[92.89858043386893,13.42616108624028],[92.89898702198592,13.428764374550777],[92.87082609454174,13.44513133009146],[92.87422004884151,13.459639452956596],[92.86886765835686,13.473998346956515],[92.89105812972014,13.478517445961527],[92.88787099745075,13.469030897846464],[92.89822425154445,13.465147719377413],[92.90186223426079,13.496287716459221],[92.92489557797002,13.498923545323327],[92.92469313077056,13.480786255226503],[92.93181910525493,13.48073951126591],[92.9210615129743,13.47234878108611],[92.91870082672199,13.467883798899155],[92.92078722684975,13.463051907324347],[92.91957747712902,13.463820472223661],[92.91556904339173,13.463473158629341],[92.9201591434659,13.462812482591337],[92.91850099246393,13.461108873435046],[92.91836621958637,13.456498849214537],[92.92037005867665,13.455020558040223],[92.93222335420253,13.47186282729927],[92.92761984476995,13.475131564091209],[92.93282133865661,13.481024014842118],[92.92748172934466,13.497702701550985],[92.93040470850646,13.495202696150482],[92.93480502597352,13.500024136871328],[92.9132575062821,13.51236443338542],[92.9271612030332,13.51468489257855],[92.9261465494935,13.521618290405469],[92.93290867730697,13.520251803830062],[92.93611619252171,13.527184174565395],[92.93942751954971,13.524674892959723],[92.94132635640773,13.525840448743887],[92.94002760792698,13.523205840027202],[92.94045685535804,13.522003491799051],[92.9418148442086,13.52182685145934],[92.94324717832468,13.523155230904543],[92.94387438470842,13.519756263937648],[92.94426692403854,13.519462373517005],[92.9451724598462,13.520081305530455],[92.93802977204851,13.53158583086173],[92.91444136007749,13.520427342706698],[92.91355235628498,13.53509835310172],[92.9652079669904,13.549977811041066],[92.97964356508552,13.526975467327652],[92.98703473713255,13.527691364266689],[92.986210301781,13.523018052338834],[92.99200689371614,13.522016834225152],[92.9905683082523,13.51788166172251],[92.99540552799786,13.519900081793978],[92.99576350849165,13.524415360542726],[92.99983823499231,13.523388045096354],[92.99999999994206,13.523913492645471],[92.99548655272723,13.52480419377153],[92.99473587970134,13.52014896102779],[92.99102361357932,13.523246662515598],[92.98699581084959,13.523537542054651],[92.99103139486057,13.539057443313],[92.98208807403813,13.569439482232113],[93.00367726039835,13.56626029339951],[93.01051602333766,13.548662556450557],[93.02732946474153,13.57939980532283],[93.0431650106975,13.50490553431049],[93.03372368257214,13.465861941494238],[93.01862216658007,13.466303743878804],[93.0161478345266,13.462337620315378],[93.01440482454997,13.455315457558536],[93.01191577986239,13.453605360658663],[93.01201501146657,13.458813824277007],[93.01035619089201,13.459776103482088],[93.0080605237291,13.459368159933792],[93.00945930138815,13.461303865852837],[93.0077357358763,13.462361043497468],[93.00608657894307,13.462360284384182],[93.00511141662096,13.46328215414878],[93.01156485464826,13.45329324277063],[93.02989591492165,13.461077134550582],[93.03659659099198,13.441285710570936],[93.01844314751342,13.431639628712489],[93.01285800371527,13.443731471814688],[93.0153983370866,13.433785920650374],[92.99651926070143,13.441060828942918],[92.98908778572944,13.427405938448631],[93.00005779700322,13.435822490829219],[93.00751201564013,13.41820686765921],[93.00798059492487,13.433203930751404],[93.0390401144652,13.427912812967278],[93.0463314206267,13.404563084173578],[93.06106433216735,13.421471945663741],[93.06849682043661,13.39662960771796],[93.05112046288257,13.389798202084439],[93.04704284845802,13.374610218146774],[93.041923844048,13.38196012992472],[93.01287905733096,13.37730128403416],[93.00364972909597,13.392393446131205],[92.9992071836677,13.395949788055033],[93.00372861328633,13.3916339177573],[92.99640899989406,13.387570667249916],[92.99677638570904,13.383764923232043],[92.99991589701251,13.382241785752571],[92.99704342044214,13.382354654619986],[92.99435571507065,13.380407971293929],[92.99114296084257,13.38087049050712],[92.98875461945606,13.377319122089217],[92.98906937716009,13.379104250866494],[92.98589838389871,13.380014132731555],[92.97962935177671,13.379917402202338],[92.98872666678294,13.37678129337523],[92.99225521976105,13.380291453461545],[92.9949076416776,13.376335478729349],[92.99382917224438,13.379843262705574],[93.00014066352968,13.381879916941228],[93.00318006196125,13.389603629811203],[93.01412884029362,13.37073700491412],[93.03432547658642,13.374398079717304],[93.03143707410403,13.343896817045817],[92.99918885613481,13.35049481083237],[92.9841620799702,13.32801590161289],[92.97304264613423,13.359341960539279],[92.95081755687583,13.361528190091313],[92.96211043917612,13.35482180341887],[92.95462462077425,13.344284382570693],[92.94935994863043,13.350057656495323],[92.94540451753318,13.3510215003906],[92.95191427056514,13.326943156020105],[92.96117585409405,13.323080310590568],[92.94946635382709,13.321185798603015],[92.94790104754522,13.318736581390592],[92.94842676068156,13.317375996317553],[92.9607041078291,13.320309896195447],[92.964606955571,13.328344555080763],[92.99697227226689,13.314893846582185],[92.9826953702981,13.299226038922368],[92.98289343683341,13.298398848360844],[92.98466057302196,13.297674930161707],[92.98627925405049,13.295278774925455],[92.99024216255044,13.292877025930107],[92.99055088132991,13.291905147434186],[92.98616214766925,13.291504870315457],[92.98429126365147,13.287207446545727],[92.98167066089798,13.288288782007498],[92.98062941833287,13.28153225246264],[92.97836007384784,13.283811129764883],[92.97386014069515,13.281905620553154],[92.98105843964716,13.281247329751723],[92.99250759944795,13.292107628399926],[92.99439813485532,13.279772452494946],[93.00000000024866,13.280854286772863],[92.99719828689481,13.290186800590611],[92.98635949487544,13.299156647728474],[92.99504354566157,13.29711878638948],[93.00084307859001,13.298725625846146],[93.0025300867113,13.30390779442025],[93.0102311284968,13.302256581666379],[93.00512782185962,13.297185919131087],[93.00501307861269,13.295824967986931],[93.00749851745357,13.29193331913408],[93.00959945120229,13.300606041434245],[93.02100821291059,13.296772379328479],[93.01202075478905,13.295588527923128],[93.01109234085787,13.276824894790042],[93.02535331818227,13.28257283756494],[93.0335532944472,13.277607028832714],[93.04571933892392,13.282747224940492],[93.03974140954084,13.269769291347401],[93.04370690401213,13.254267158849828],[93.0658013759684,13.273782455328357],[93.03175438338297,13.17858365862755],[93.0343264499064,13.081416800410155],[93.00343680779616,13.028155692449872],[92.96641361583926,13.029686497010426],[92.97469877895334,13.014243790082613],[92.95963930456442,13.014228009369052],[92.93319581961741,13.042238782087274],[92.9484724019005,13.05150308944363],[92.9381417322536,13.058857342681456],[92.94655610246835,13.066612756990779],[92.94662541705979,13.068822255286035],[92.94986564073403,13.06743935367895],[92.95256690761151,13.069989777404839],[92.95673089871633,13.065638090781183],[92.955982751247,13.072822487334394],[92.93729382886866,13.065449723815979],[92.93489979140901,13.089275472466525],[92.93895179449578,13.091055558800448],[92.93908537716848,13.088665369427662],[92.93989204600486,13.088077855643284],[92.9409753377669,13.088077890834628],[92.94212785709988,13.089148698726676],[92.94411465453892,13.088988162559598],[92.94558514772388,13.089656830906902],[92.94219235052087,13.089449104432509],[92.9406342766499,13.088258619344884],[92.9393573504417,13.088570416634791],[92.94614101964034,13.12351437692067],[92.94445168163936,13.133907532852573],[92.93975141043596,13.140125361584857],[92.94038313413678,13.140735328147242],[92.94209600339914,13.139564885183782],[92.94329251076978,13.139750158461762],[92.94122257737318,13.145525000387565],[92.93926873055533,13.139981007859918],[92.94569832167446,13.123719662663765],[92.93359352293275,13.109292933552169],[92.93455125821446,13.060596960630452],[92.92872290218062,13.072536948414808],[92.92259297464275,13.05348940654777],[92.91222756224681,13.079982469160763],[92.90087421866544,13.081866494262947],[92.89886226605935,13.095513214698503],[92.88711432536103,13.093340056356864],[92.8924167470987,13.100755941685366],[92.89229437008261,13.103314669898724],[92.87716883728794,13.149908841706749],[92.87299148691672,13.149080906922324],[92.88876198131346,13.107926133270793],[92.88148708610947,13.108401364094881],[92.87319918663381,13.103462917642934],[92.88896736191639,13.10710150815365],[92.88556795626475,13.092300509133322],[92.8983139786506,13.093450462456222],[92.89982607994034,13.08128794233877],[92.91213865976785,13.066793125105608],[92.89506485961468,13.058662391180931],[92.8857800630232,13.045360776585477],[92.8580325252798,13.0799013088822],[92.84358977069473,13.050892510031321],[92.8602838906802,13.0655978198306],[92.86355675784641,13.043651288603423],[92.87006463829522,13.054799232335903],[92.87258079352945,13.043520886524506],[92.88651316300842,13.043903728804546],[92.8970974918911,13.0581498392276],[92.9145824007887,13.05553123052283],[92.92110710069505,13.039690215470273],[92.90825304637393,13.019395054931845],[92.90219497367347,13.02274011679395],[92.89634509216019,13.02007796027438],[92.89533614107445,13.01808297971751],[92.9104683405962,13.007516640621963],[92.9015893150087,13.00244385080225],[92.90150126528823,13.006365680023938],[92.89774544504606,13.008054971491525],[92.899809681206,13.009677371548786],[92.89767133764468,13.011046109622416],[92.89647804455927,13.009509643419744],[92.89658378763038,13.011100094305156],[92.8942659282,13.011110996380694],[92.9014165439282,13.00201007224034],[92.91280943811448,13.004828450450134],[92.91838787718072,12.987279359701303],[92.93303209483902,12.991294488650881],[92.93938131962948,12.968795991301102],[92.91045768013865,12.945305236724163],[92.90613181840368,12.98356633506426],[92.89620965955972,12.995313233144511],[92.88620377184397,12.9824555715142],[92.89058365975404,12.9973038119712],[92.88304634087459,13.00551292594905],[92.87067336434238,12.935591807238982],[92.84941977993388,12.945571095251296],[92.85420830399393,12.954725025893692],[92.85127874971732,12.961024279876018],[92.84001092238148,12.94991281820208],[92.85883775431138,12.917886334757904],[92.84477473145364,12.912634311383261],[92.87494107319385,12.90817323836093],[92.86861240188597,12.890458644011883],[92.87281591349607,12.883655053893232],[92.84227269357105,12.876923950142181],[92.84260092218678,12.892194466384808],[92.83837131259901,12.89276264716727],[92.82878185649662,12.886836416421618],[92.8286388918316,12.899363548884633],[92.8045682876111,12.900415000646893],[92.804663178279,12.906272770297283],[92.80817432481454,12.905886082952673],[92.8085107324755,12.906107480566547],[92.80904072214432,12.907454459984761],[92.80870668619366,12.90811436970712],[92.80955001429726,12.908602394129481],[92.8097527980585,12.909194549439233],[92.80427615138669,12.906349655648937],[92.80136360566934,12.899734888254805],[92.78998116677958,12.960932983553379],[92.79937395128708,12.991846929729158],[92.81112307796215,12.97251181835706],[92.81536629433542,12.987080350385002],[92.81746927685941,12.986579354710988],[92.81993472439214,12.983247865634825],[92.82145115867695,12.982705290778124],[92.81968823937476,12.979120689166278],[92.82208180828925,12.977166009793939],[92.82163117124243,12.982784903182916],[92.81643494697376,12.99099319306846],[92.8059489275679,12.994620312862796],[92.80702102294524,12.999014704340677],[92.82285575293926,13.006505029497049],[92.82466311410566,12.998481589472654],[92.8419822008282,12.99137598502301],[92.83310853322429,13.004722285827038],[92.8228142168696,13.007399490614816],[92.82595954358239,13.016752518855037],[92.82928663573703,13.015238844737121],[92.83531440510268,13.018742544118021],[92.83713731337235,13.023066481504321],[92.83503337990514,13.019054310553217],[92.83163251042497,13.020446169014544],[92.829203708909,13.016083712892337],[92.82602573646032,13.017669268028277],[92.8204803085356,13.012150583101572],[92.8181773739009,13.012319997287909],[92.81762975143383,13.015928050755845],[92.81504720126746,13.016691322696554],[92.8135560841179,13.022055500209099],[92.81277278622379,13.021846652926294],[92.81431239135378,13.006854937076165],[92.7879593014141,13.019546551135912],[92.79923122487389,13.04338927814454],[92.79170600635375,13.05334927678689],[92.79676353015893,13.067992142739849],[92.79284429512852,13.091982482274958],[92.80081942098681,13.09134851479116],[92.79764659793666,13.081475238190475],[92.81412406866133,13.07230846194297],[92.80557851303787,13.100916885644274],[92.82057730141877,13.091209386171386],[92.82934149178764,13.108847405159835],[92.80847937815571,13.127277126025346],[92.82306981418425,13.13480096605396],[92.84721879929482,13.118154295951372],[92.84842654549146,13.15022362610341],[92.84657033250518,13.148222087891854],[92.84701689429927,13.143206356533957],[92.84537981071351,13.141381048490047],[92.83811374588204,13.148627319988268],[92.80792709287778,13.15379018938885],[92.8141564734097,13.174734511622143],[92.82726242690788,13.16731480314634],[92.81933519891672,13.16212743158792],[92.82702703791028,13.163397148269912],[92.8277881278469,13.167646948172678],[92.82512512226911,13.171092476087225],[92.82635885644721,13.175019159980966],[92.83716497785275,13.161993586248881],[92.8444138155699,13.160865476740645],[92.84724529184221,13.161800525167976],[92.84833830167533,13.162780961996964],[92.84867007075475,13.16125355474732],[92.84917891439979,13.161115344180116],[92.84828756250988,13.162930094074001],[92.83748319563551,13.162196926606713],[92.83460201219239,13.175289938438683],[92.81604258592958,13.183480508188849]]],[[[93.00422299981885,13.5847200006656],[93.00362499980493,13.584398000293024],[93.00341800026861,13.584950000589993],[93.00422299981885,13.5847200006656]]],[[[94.2651082288364,13.463348625309553],[94.26495088567928,13.443420989705137],[94.24530388416933,13.43286273851087],[94.23944527706688,13.44774762240988],[94.2651082288364,13.463348625309553]]],[[[92.88538652132948,13.59760848939072],[92.90392872959386,13.594474597543327],[92.88332920368242,13.574205780118536],[92.88538652132948,13.59760848939072]]],[[[93.01479934377431,13.632269522172871],[93.01519801740227,13.62976950533936],[93.0144031082224,13.62932609314308],[93.01479934377431,13.632269522172871]]],[[[93.01391515062089,13.63502251193755],[93.01283429180857,13.633091518931991],[93.01347591482394,13.635171519511495],[93.01391515062089,13.63502251193755]]],[[[93.01037228515709,13.63884583437752],[93.01034933523418,13.638493175578613],[93.01008103821121,13.638854746318794],[93.01037228515709,13.63884583437752]]],[[[93.03523270753267,13.64303773013695],[93.03424375077321,13.642051779576123],[93.03484415350039,13.643652469080948],[93.03523270753267,13.64303773013695]]],[[[93.03467254776199,13.645176029130624],[93.03332252461529,13.645451343828169],[93.03474127588005,13.64687147618178],[93.03467254776199,13.645176029130624]]],[[[93.04268506162937,13.642692071078063],[93.06825292152739,13.650705751660562],[93.04612715359045,13.619843329223745],[93.04268506162937,13.642692071078063]]],[[[93.03175399976296,13.662299000041378],[93.03106400062158,13.662276000349411],[93.0311100001817,13.662712999920442],[93.03175399976296,13.662299000041378]]],[[[93.03019533637648,13.663440427205407],[93.02975611181621,13.663343870356668],[93.02975250163058,13.663606937710973],[93.03019533637648,13.663440427205407]]],[[[93.10853845939359,13.656283439354068],[93.10799305802603,13.655777221976896],[93.10804387655445,13.656509439584942],[93.10853845939359,13.656283439354068]]],[[[93.10623200561737,13.658104729827265],[93.1057421409314,13.65772507509094],[93.105922396247,13.658231272831529],[93.10623200561737,13.658104729827265]]],[[[93.11068285377488,13.657775094041728],[93.1103501048822,13.657449631092833],[93.11050253848255,13.657955838074766],[93.11068285377488,13.657775094041728]]],[[[93.10786329714837,13.661196289140968],[93.10732262422472,13.660739800196978],[93.1073455964831,13.661648263357012],[93.10786329714837,13.661196289140968]]],[[[93.02724600008129,13.671384000099893],[93.02692400061156,13.670970000063516],[93.02685500038454,13.671430000573183],[93.02724600008129,13.671384000099893]]],[[[93.01548674315828,13.676956624749243],[93.03257428215102,13.63121855716865],[93.01931091249672,13.622085295882105],[93.0133612604589,13.64333663316471],[92.97131985435553,13.649658495018562],[92.979669701238,13.666609695851285],[93.00956128815552,13.662753193127406],[93.00371683082219,13.67316716124566],[93.01548674315828,13.676956624749243]]]]}},{"type":"Feature","properties":{"OBJECTID":18,"STATE":"WEST BENGAL","Shape_Leng":6081893.12992,"Shape_Area":82340450259.8},"geometry":{"type":"MultiPolygon","coordinates":[[[[88.00997016983118,21.558227812313177],[88.01855792358691,21.55166772457092],[88.01374908317446,21.546837276631088],[88.00997016983118,21.558227812313177]]],[[[88.167018419702,21.60294701857895],[88.18614616920439,21.58194768543349],[88.19848615053087,21.54165341976944],[88.17567302075203,21.549857760364464],[88.16394300146283,21.58610410697877],[88.167018419702,21.60294701857895]]],[[[88.4935023469755,21.59473024821558],[88.53719975544749,21.578013647981823],[88.53065295742907,21.56355511341271],[88.54785772828498,21.537151575341476],[88.53556076100703,21.527594489883512],[88.48477479375394,21.552197889085463],[88.4935023469755,21.59473024821558]]],[[[88.83401051101157,21.60803659865971],[88.89188923666887,21.58119815746464],[88.90598794579594,21.547560220291192],[88.87609487227981,21.53440392668059],[88.83117917924359,21.55116919565008],[88.83401051101157,21.60803659865971]]],[[[89.15105234425471,21.60003581344331],[89.14452791615767,21.592653477037857],[89.13518997926687,21.596415798498384],[89.13701073901342,21.60141458458938],[89.15105234425471,21.60003581344331]]],[[[88.53894939241776,21.638931618927028],[88.58697766203366,21.605935663489415],[88.55592625508358,21.560348115198348],[88.5355781898793,21.59250829000721],[88.51201807622952,21.601624456419234],[88.52240246484787,21.658456943104653],[88.53894939241776,21.638931618927028]]],[[[88.0459430028941,21.697387100269705],[88.04441039993762,21.69880883412252],[88.04542962542499,21.69939638283258],[88.0459430028941,21.697387100269705]]],[[[88.05007284172534,21.70000816798346],[88.05133115660084,21.69622913063195],[88.04941380459654,21.694489713826854],[88.05007284172534,21.70000816798346]]],[[[88.04470325021468,21.702285994716284],[88.04231546831328,21.70344081938795],[88.04276651131492,21.70896820115559],[88.04470325021468,21.702285994716284]]],[[[88.05624797757316,21.710135002580348],[88.05371071659334,21.71087900465453],[88.05574963669194,21.711394684124787],[88.05624797757316,21.710135002580348]]],[[[88.64120822581698,21.67963145944905],[88.63158325408325,21.649413079694735],[88.63087873063333,21.673287559914897],[88.64120822581698,21.67963145944905]]],[[[88.30938010828797,21.704860877630974],[88.35142036663291,21.677283513043406],[88.34430472034859,21.62760185423387],[88.31784771406828,21.605219244273435],[88.30644701783119,21.614946217452022],[88.30938010828797,21.704860877630974]]],[[[88.19387146853974,21.687634646262644],[88.20044439230433,21.67376551770996],[88.2264235865773,21.668781068308732],[88.21283872482721,21.598386557605256],[88.18016142916272,21.68518376001195],[88.20365657184357,21.725842083580318],[88.2135726087861,21.700129207242266],[88.19387146853974,21.687634646262644]]],[[[88.74978334805019,21.649620305694434],[88.76897773393299,21.655950465391214],[88.80004792684505,21.59123948442198],[88.74202634814135,21.562188191722555],[88.70859160059003,21.584719384901753],[88.7188402947201,21.63473522416819],[88.68442609347723,21.68430652745957],[88.69251088648814,21.72015618225668],[88.70179695876556,21.687869716834268],[88.74978334805019,21.649620305694434]]],[[[88.20475098543777,21.737628631384144],[88.19501283064044,21.724382729607232],[88.20648312224745,21.759760945512983],[88.20475098543777,21.737628631384144]]],[[[88.40164577783206,21.73727550769758],[88.4281387722433,21.70250784322416],[88.41332607320177,21.692929504441636],[88.41105122691795,21.655829093091274],[88.43194904933111,21.620447465615385],[88.39694182199725,21.589933613867196],[88.38093809978568,21.66289062284345],[88.40423731029006,21.71662948601941],[88.36876110438189,21.72697692627091],[88.3891179113596,21.735750568539736],[88.39582885850818,21.754637629022287],[88.40164577783206,21.73727550769758]]],[[[88.3876845547624,21.762793564058775],[88.38592838017209,21.740465115114244],[88.36327588655986,21.72590641264673],[88.39450898499409,21.713221512986916],[88.35706616309372,21.686461452115513],[88.33843884765568,21.71158335274909],[88.34853150482543,21.722540365127198],[88.34367207192705,21.754829611440144],[88.3876845547624,21.762793564058775]]],[[[88.19260910224635,21.779712608766978],[88.19747027627334,21.764840595253585],[88.19264755041056,21.758191086552685],[88.19260910224635,21.779712608766978]]],[[[88.2891127957955,21.7787516274392],[88.30495946817952,21.732457183476136],[88.29189316001487,21.71206278373366],[88.2797582030875,21.734923467105393],[88.2891127957955,21.7787516274392]]],[[[88.61888437848796,21.73919358815277],[88.5790233910468,21.727098446007943],[88.58458473441655,21.748431898784435],[88.5692874651898,21.770137282219395],[88.58388526749461,21.77617907207265],[88.58726119630192,21.753303746317403],[88.61888437848796,21.73919358815277]]],[[[88.18569014808699,21.790214016298147],[88.17634007334154,21.792601345393297],[88.17905015421974,21.79933331828123],[88.18569014808699,21.790214016298147]]],[[[88.60840007997339,21.784587187641502],[88.6297450695376,21.75147049148636],[88.6275649203244,21.72930898448602],[88.6109180684504,21.70477465990774],[88.59705723839376,21.715678034213283],[88.62172635984044,21.740047132555375],[88.58738584246127,21.757209834919866],[88.59044457829809,21.780777559889383],[88.60840007997339,21.784587187641502]]],[[[88.42217628800174,21.81058103486933],[88.42999138485467,21.799271578129623],[88.4555742455145,21.789128350399146],[88.47143996703659,21.792466109609723],[88.45279555700819,21.71841154708879],[88.4715062938828,21.673876961611132],[88.45016090222386,21.611770274251175],[88.43399496427428,21.603711531203988],[88.44113065591182,21.622828423890958],[88.41914062425842,21.682925880139432],[88.43248841827852,21.704380392848105],[88.38341676386943,21.777690870418084],[88.42217628800174,21.81058103486933]]],[[[88.57968139758503,21.71738003379553],[88.60861977089894,21.681482723269625],[88.59100728940875,21.658341639234727],[88.60267086170376,21.6125400900821],[88.54234490590461,21.640897683721594],[88.52621925156726,21.662866206984024],[88.50628552446469,21.758358756886224],[88.54226792931348,21.811443006987485],[88.57327122201703,21.788492489697084],[88.5600699742024,21.76791754948028],[88.57968139758503,21.71738003379553]]],[[[88.48317709386941,21.834914662846007],[88.49989801869407,21.811330713005063],[88.46392607128942,21.80021448756032],[88.4518882622376,21.813636246371594],[88.48317709386941,21.834914662846007]]],[[[88.19072196065717,21.830559093824203],[88.17814288743944,21.84471541032706],[88.16636244099938,21.86973944945533],[88.19466825012385,21.840383479097557],[88.19072196065717,21.830559093824203]]],[[[88.13180715560279,21.87357339770983],[88.17100246487847,21.809315116825676],[88.17125190345116,21.74009635073813],[88.15324198107247,21.681956512335304],[88.13419491397858,21.67847916125782],[88.14507628541813,21.638977281000404],[88.11868139022599,21.625403889882467],[88.062103333685,21.637398804125635],[88.0413518300121,21.64953216893345],[88.04135104908012,21.675556058687764],[88.05100700729601,21.687617554243904],[88.05692954686663,21.709715376245875],[88.05521334144393,21.720945065958627],[88.07649069049553,21.751757330596078],[88.07681046479448,21.77741979097336],[88.13180715560279,21.87357339770983]]],[[[88.08295858934079,21.842231050198812],[88.07235950089655,21.858310292252103],[88.0811327443093,21.879846391791414],[88.0967176748846,21.861343334934375],[88.08295858934079,21.842231050198812]]],[[[88.1740730163684,21.867737009113238],[88.16924540085485,21.868785961614655],[88.1652813118664,21.879163730564642],[88.1740730163684,21.867737009113238]]],[[[88.5664568964175,21.879987317115305],[88.5739549289225,21.856057272259726],[88.55668542427254,21.827692985705237],[88.55997268670387,21.851509574150025],[88.55405438802867,21.875674394707044],[88.5664568964175,21.879987317115305]]],[[[88.10496554037763,21.86732156166858],[88.09760323169527,21.874021029349354],[88.08561954888327,21.914371596112506],[88.11961874330119,21.891428180639767],[88.10496554037763,21.86732156166858]]],[[[88.49279985987413,21.90386173619054],[88.48219601517084,21.900881740650654],[88.49336633830386,21.90662570259832],[88.49279985987413,21.90386173619054]]],[[[88.5414311404659,21.902188322152774],[88.57615122001906,21.883061151812672],[88.55297502594262,21.876676411397238],[88.55199517989905,21.816623136444516],[88.53089486691763,21.847652467427185],[88.5432588831659,21.854595080351583],[88.55046760081,21.87938009714126],[88.5487819913401,21.891968730615137],[88.5414311404659,21.902188322152774]]],[[[88.1263399989734,21.947451029322163],[88.14545223564113,21.924710012324535],[88.12671759241346,21.933896601705868],[88.11894437442754,21.92835255238621],[88.11693441465131,21.923982520468492],[88.1450150353138,21.91733724971231],[88.1300128786855,21.899131490793195],[88.08985743198093,21.92654890445844],[88.1263399989734,21.947451029322163]]],[[[88.63664048436168,21.92177531682965],[88.67006796227213,21.912418800386956],[88.64456489306072,21.78793783390622],[88.59197312800885,21.797643767743672],[88.57682697727061,21.81792851723811],[88.58481288608961,21.844983693973276],[88.63664048436168,21.92177531682965]]],[[[88.91182028163149,21.93088233825277],[89.03134321530042,21.863962350369032],[89.01236612896858,21.794226215510783],[89.01945950235962,21.76615201043518],[89.05592380266147,21.732524123211775],[89.09355610147195,21.663679505223627],[89.09419893411297,21.641339263226584],[89.06072037895036,21.615725676479116],[89.02917704124532,21.635129135972118],[89.02407012821422,21.658217231039593],[89.01996155472888,21.640433630378276],[89.03654169220054,21.61833413682472],[89.02378216687343,21.602913711331684],[88.99797549418415,21.60322568773746],[88.99726803810442,21.621971086823393],[88.96828797574203,21.61983349774527],[88.93872306618317,21.64614239357241],[88.95130953471401,21.69385391048688],[88.92126242236776,21.721520800472124],[88.931708715364,21.744425725908425],[88.92084010246228,21.762386559199914],[88.91467307567657,21.716179027690345],[88.94013249272425,21.68904163511078],[88.92296700568313,21.63230765576974],[88.89106865534993,21.652394782735904],[88.86964814492205,21.70416753933902],[88.87722031637794,21.766613411452845],[88.83505651075355,21.782792208786365],[88.83679970593244,21.843026301698366],[88.8545063395775,21.87967815528691],[88.8197472784716,21.93060589443458],[88.8492972821542,21.91271764127297],[88.89190119180316,21.917311720811075],[88.91182028163149,21.93088233825277]]],[[[88.5443772171152,21.970857595951543],[88.60997929657987,21.924710480994392],[88.58362352805342,21.89164283124883],[88.56678688138955,21.912359473423493],[88.55009633590625,21.922381553016173],[88.55079571477654,21.935869851998323],[88.54266973030516,21.960276858054566],[88.5443772171152,21.970857595951543]]],[[[88.08563160330314,22.006208095555344],[88.1426111461968,22.013604584081115],[88.12523255893758,21.99598434702804],[88.08563160330314,22.006208095555344]]],[[[88.6071001776415,22.000046738124354],[88.59860774065962,21.96757946711038],[88.61503075813329,21.937508018558535],[88.61002232173243,21.929266643013474],[88.57648690605208,21.96064283765105],[88.57807701564673,21.98208750736872],[88.59580990997863,21.988585165256843],[88.59963917221182,21.99149827003642],[88.60299351556031,21.997450224463694],[88.6071001776415,22.000046738124354]]],[[[89.80489387217033,26.349712155425294],[89.81960405567506,26.318352666189543],[89.79269317386617,26.34109746538814],[89.80489387217033,26.349712155425294]]],[[[88.03493682310405,27.220983094272224],[88.07916613644109,27.20108729868911],[88.08884962083033,27.14326365879873],[88.13663360445823,27.11464583992353],[88.15634930873571,27.1100041828682],[88.1946267921992,27.134849881360058],[88.23002325073925,27.118980502321666],[88.30229352830635,27.129290169310853],[88.32154083207868,27.104746730883736],[88.34139051051946,27.110122857392298],[88.43294659000134,27.07925957014441],[88.4595770319916,27.090577129748972],[88.47624259675092,27.12230231289103],[88.53235354671058,27.15006048246303],[88.52076551263912,27.172889597475937],[88.54298248225105,27.183183856207418],[88.59286262901671,27.19121856090718],[88.66025948862355,27.160552035122304],[88.69153224844536,27.17839213482806],[88.72896199450201,27.136268794861188],[88.80203326536115,27.139495204492206],[88.8424790763042,27.111152680363727],[88.86770770924926,27.112442620058943],[88.8811718797973,27.06199661391671],[88.87713217225708,26.94435915311974],[88.92168375750938,26.99392723576622],[88.95247525798334,26.968406944856216],[88.94392382482539,26.934147348194124],[88.9803462152234,26.91718594617921],[89.0215724872516,26.940685890467268],[89.05089595488423,26.915969949726737],[89.04885848007127,26.89911450763096],[89.09569882964352,26.891673151557644],[89.10069402025088,26.84252621352925],[89.13448349106237,26.80763888329199],[89.17629537731615,26.819140585625693],[89.26239526180034,26.813777934070163],[89.31849532672774,26.8513199898795],[89.32680978585645,26.84322955229299],[89.37898177000716,26.862178266802594],[89.3897707823289,26.84185405235467],[89.4394791936187,26.840335188403856],[89.46952633198612,26.802692963710633],[89.56016942459321,26.812860154747508],[89.56590098904421,26.799353426592152],[89.65057895888702,26.77629616947489],[89.64352240170871,26.748541214946457],[89.61744849567127,26.72930689423935],[89.62377905069462,26.71844890776204],[89.65787419010593,26.718652948569414],[89.67175549726826,26.73980958638516],[89.72408387897279,26.722288383686546],[89.75280468200256,26.735313000616248],[89.77137167017251,26.70100426946398],[89.81234850718315,26.710629560089316],[89.86333402986082,26.700847334347547],[89.87693426806936,26.6485062156818],[89.85825113236938,26.623377996697016],[89.87842155358264,26.615533794785318],[89.882602189702,26.583393107186893],[89.86448745840374,26.573243306936096],[89.85610046448566,26.518428097391606],[89.87323532781531,26.451324788073354],[89.84990797089648,26.42211166521058],[89.85801941419037,26.411325867760937],[89.8358387758292,26.411392185640924],[89.83033025942412,26.39645230339321],[89.84993587549849,26.402893406146102],[89.85941322858942,26.38350300523633],[89.83316766471984,26.383474558070542],[89.82277435658202,26.350861089014998],[89.81420570609218,26.370485231110454],[89.78347399939815,26.351030776460323],[89.78131405227023,26.32767532734135],[89.75152173644788,26.32086010240612],[89.75812476043694,26.287785754689793],[89.71981309775718,26.307319907925837],[89.73853927345297,26.269943541328917],[89.72202042463336,26.2574590777862],[89.70585268523081,26.270430174998317],[89.70261583503476,26.257863326648533],[89.73215802078342,26.237829900898657],[89.70039355185236,26.21844838485483],[89.73323032375248,26.211992096358987],[89.71160000365992,26.202966946650708],[89.71307454460317,26.187716559250063],[89.69860048189342,26.191177011427893],[89.70923729150016,26.172807760603234],[89.72557663508522,26.177978354251238],[89.73655049828542,26.17278938254974],[89.70137806989582,26.151754834607075],[89.6813188082062,26.16358619377509],[89.70205997283516,26.17397664837502],[89.67347177911327,26.20142810008952],[89.69150420843106,26.21167110852005],[89.67941017355524,26.214790047259225],[89.68605056824383,26.230659562571237],[89.67871403167182,26.238207047649976],[89.66199652993801,26.21922016214182],[89.63443996664819,26.22941009059477],[89.64999613964007,26.190205658943416],[89.63018178006108,26.19576213667329],[89.62781306306138,26.18390909145109],[89.65866104005403,26.176226940595733],[89.64609624465541,26.164436323354646],[89.63249271115752,26.18077515792405],[89.6074557927012,26.17914127402506],[89.61975992798669,26.167758722932916],[89.60901998667858,26.153623830346245],[89.591398046239,26.157613121784987],[89.59659704614783,26.135032411684985],[89.60423969178701,26.1174542127977],[89.6253460207935,26.128596623897764],[89.63035752534088,26.118272463915694],[89.59388269266671,26.102161313335138],[89.60862236714243,26.088393079154006],[89.62995876407108,26.107043466418734],[89.6499009551542,26.06248414208694],[89.62051104487534,26.053277315466197],[89.60539913519187,26.063753460500592],[89.612826184277,26.052643894062793],[89.5787222320583,26.026261729483227],[89.5851796779526,25.97589844957891],[89.5689067803327,25.9677564667111],[89.56596873792819,25.980342215317425],[89.55600525017236,25.965216487068442],[89.53825288127116,25.973185278589522],[89.54089599301575,26.005901428040232],[89.48035245821904,25.996067727369876],[89.42873888782621,26.012265251735865],[89.43280210075635,26.03750118625602],[89.42384338653802,26.046920117678994],[89.39085705999928,26.022921228967935],[89.3927929144038,26.007190603615356],[89.34906210077243,26.010350728349884],[89.3004372020276,26.05043223219671],[89.27575601485036,26.04908017452311],[89.28105458431767,26.065615448694928],[89.25440736265749,26.064120771369225],[89.26679880861211,26.092637288903116],[89.25162275376525,26.091350361606],[89.22943734439647,26.123853613861016],[89.15538056002788,26.138610820104038],[89.15728018381327,26.16319633644706],[89.13461188059422,26.181170913206742],[89.14940570105301,26.20905013336781],[89.14094249733692,26.235840787130428],[89.1001047003405,26.27946765567528],[89.10471117799437,26.315799787515342],[89.12212669550875,26.28714615987819],[89.13630774534974,26.32010687436896],[89.08348668068508,26.322360092678096],[89.10134320364904,26.336533849776075],[89.09831593876312,26.3589297038471],[89.07970787296425,26.362822328514607],[89.09625062057586,26.391154896279932],[89.03356036062598,26.395442378103954],[89.0054845567715,26.42156728758201],[88.99403962971242,26.412818628954835],[88.96514009611583,26.457808185521134],[88.94616886079656,26.44793846091325],[88.94476665674333,26.425591665910268],[88.92619277152073,26.432050523796995],[88.92655973935379,26.406788242356527],[88.90478891439781,26.408458957538457],[88.91822410295389,26.40037737083128],[88.9101130001765,26.369801600519033],[88.95842952089724,26.361681017442887],[88.94629373326188,26.345826586137928],[88.95602518288518,26.329987839850123],[88.96141061291313,26.352295647383023],[88.98721889564254,26.348320907725384],[88.98554621851477,26.332763798892223],[89.00096802664703,26.329747490113665],[88.98265767098623,26.3094970834373],[88.99573826073195,26.29023779572326],[89.00685174096355,26.304390038698536],[89.01840626620725,26.28981309608039],[89.0215861416402,26.30901899776694],[89.02008376711984,26.28909424147202],[89.04512381455402,26.275136389054946],[89.04586873384193,26.295351054066426],[89.05946685277938,26.29343471098016],[89.05068565549594,26.24165338403362],[88.95731684594229,26.240296477698415],[88.92628083152458,26.283778077115652],[88.89826902698246,26.2886438758469],[88.86138512301447,26.272663264770518],[88.87786454979235,26.23337795240338],[88.84172564400222,26.230719679638494],[88.81294211070957,26.25599022253122],[88.81911006244418,26.2944942191647],[88.79356444412142,26.30997000421097],[88.66622666382455,26.262656828712085],[88.67513057153421,26.320072043438746],[88.69573307292124,26.328726076158247],[88.69326758424026,26.313985096198795],[88.71882384640318,26.312115048044735],[88.74650833890192,26.322385462562146],[88.74874230094099,26.33192741354238],[88.73386667574869,26.32865527578956],[88.74587031673263,26.347066519436908],[88.73326228726904,26.353831740710685],[88.70276387875109,26.334394469564486],[88.68101203916103,26.379407854483762],[88.70227015399249,26.388443579877084],[88.6237714397438,26.434787711939858],[88.62289046221923,26.4710785162262],[88.59475359232513,26.470637171794667],[88.5929521556636,26.449814083413134],[88.5609291725411,26.45646254643975],[88.55676396585218,26.484799190414492],[88.52648165263209,26.48137885309077],[88.52139336047874,26.510507221403838],[88.48975087669392,26.510358941598923],[88.48500966197074,26.540685318227606],[88.43596995680939,26.54502675756147],[88.4092569689602,26.634847902808296],[88.38695687029222,26.61198441596893],[88.39841794263863,26.603512006655137],[88.37603924308944,26.59469556507577],[88.33186767568297,26.48180632316468],[88.35482356182456,26.44702163371792],[88.37123918931199,26.48820544500076],[88.40500847265236,26.48580876834985],[88.41975933706372,26.465746060288087],[88.48524556165684,26.460256697000666],[88.52323807935453,26.360542719924254],[88.48236202374412,26.349702817822383],[88.45772338940644,26.376659938329052],[88.43557756472971,26.335766697143445],[88.40435057112086,26.329834806685554],[88.4149386721646,26.314822871182184],[88.3846612174128,26.313258650544316],[88.34966801764568,26.28224986443351],[88.3505099652812,26.220422701547665],[88.2693420022225,26.186483729102672],[88.24182606260223,26.18908333819995],[88.17727617937689,26.148056594997627],[88.15837967010451,26.079826432206904],[88.18334549967351,26.072885595214302],[88.16953672851189,26.045199473236774],[88.18320767634667,26.026777040877413],[88.13971266206462,26.012916974940257],[88.11517845770852,25.96277613037816],[88.12237449068441,25.948372613107278],[88.08627881098248,25.917472904311513],[88.1030167944744,25.889249679993608],[88.09417237183848,25.87336604944423],[88.11387033873979,25.854502527535654],[88.10116606551469,25.82897556030112],[88.12011364177685,25.812435023806536],[88.11447678765423,25.797940844955235],[88.1442589398373,25.793637747083498],[88.15149473897482,25.775550922321553],[88.18377310617291,25.80169017654821],[88.20950959822243,25.786808749021187],[88.23626701910273,25.80944018159822],[88.26955367342029,25.80817673072535],[88.26650662994429,25.78244874214759],[88.32094996165121,25.737472172606275],[88.37425189415633,25.717066194759372],[88.37149168354759,25.696539013756105],[88.40518339813251,25.68422000077597],[88.40168556558173,25.67256158947776],[88.45381539445218,25.66493750781412],[88.44435187572029,25.59692239663121],[88.49991542222047,25.583949292253333],[88.49350521933248,25.55884708851445],[88.52349200062807,25.535160623042703],[88.53309225114752,25.54209917356432],[88.53995281293845,25.50829608371773],[88.55235623016536,25.52078686680257],[88.59550672647507,25.50587588149309],[88.60908689651717,25.51630217727453],[88.62247656189608,25.496955332552318],[88.64836400395833,25.4963989227484],[88.64705172688586,25.47781931722962],[88.69949536456295,25.471194147296227],[88.70751659026486,25.499867447451518],[88.74214975497796,25.504994634007044],[88.74004047140212,25.48930422888464],[88.74503098765892,25.487853282893067],[88.76884572584595,25.498540638113596],[88.75869005551894,25.52524449138255],[88.81052670879345,25.52314159164224],[88.81366388744824,25.487976002425636],[88.82965698416093,25.49025474083842],[88.83933121690333,25.458338518619843],[88.83000128400411,25.4169445809527],[88.81229503486965,25.41054357027914],[88.8408559451799,25.39763409253881],[88.8401848753573,25.363760364439486],[88.86891999066341,25.352208615873327],[88.88512253655311,25.32561572000693],[88.9062947042053,25.33768983040593],[88.92946144193431,25.304083301009936],[89.00944194934884,25.299034357114962],[89.00762941830867,25.263616556590446],[88.98682124547612,25.274450838773507],[88.95494091959411,25.25333358944022],[88.96177124645082,25.20907053546226],[88.93643700180856,25.21052245545865],[88.94881933876226,25.176579016390622],[88.9325868580934,25.18088296396656],[88.92307563028908,25.164908858545566],[88.91098289604885,25.180305543617468],[88.87526446189275,25.179344147778373],[88.87495356927695,25.196223699357784],[88.86438024894152,25.18999238420598],[88.84376288636966,25.213807084811684],[88.80586040422193,25.170450625421733],[88.76940115296892,25.189845138379376],[88.74909617143575,25.176852356999497],[88.71148149020401,25.207659745431286],[88.61272205509779,25.204171398292143],[88.56557923142199,25.17508811925921],[88.55761443846772,25.192610973123102],[88.53397746012662,25.187520212113025],[88.53777768905208,25.1978176233405],[88.49914505105008,25.21038594081595],[88.44368775251121,25.19729690077386],[88.46140356008013,25.149385582438],[88.44141953380752,25.12750809203805],[88.45286975591473,25.079304933265902],[88.43496554447665,25.05596223475204],[88.45265836637802,25.036871081511084],[88.43653949385171,25.00645381414637],[88.42556922257415,25.01643431576734],[88.41209299292704,24.99881118438757],[88.4174275521906,24.974833056158715],[88.39524747228006,24.96907878635497],[88.3988380357371,24.945320221814967],[88.3816145831951,24.939130300350044],[88.3640402567669,24.953286185267295],[88.34090439778585,24.940631463715317],[88.3242793738884,24.91682311092751],[88.34700762063703,24.892433361243985],[88.33061902242613,24.870139789897184],[88.3210588857912,24.883468501072823],[88.30191755848949,24.871890574685114],[88.30200724952469,24.885841978334145],[88.2760838162308,24.897795375496134],[88.2582662534611,24.877550192681934],[88.26051868846727,24.919181997653265],[88.22611274414439,24.959706128730648],[88.13804435161553,24.936160964017635],[88.17501913624436,24.860151239214886],[88.13191237682605,24.836012374372746],[88.1362840769148,24.805275112094588],[88.12354498494953,24.823109429829326],[88.10609799049253,24.779567254378506],[88.06830691994801,24.76915016021853],[88.06284556973073,24.721596493538822],[88.00875639983828,24.667834286765245],[88.14075534947521,24.51124047913629],[88.19840139116427,24.462495466430525],[88.27192315323862,24.440580501002454],[88.33398422788223,24.38139259748879],[88.44643242427115,24.378580596115775],[88.52711916944402,24.34437871713973],[88.5551348868732,24.293341349233092],[88.56768818999903,24.32665364875501],[88.62848838606618,24.30509336598786],[88.69658757923425,24.315353359687478],[88.73543909410625,24.276495497162873],[88.73140803517238,24.173387262014263],[88.74649069541007,24.147064666829813],[88.69319025153052,24.111152898947257],[88.74163131073107,24.057122441534357],[88.72475435594892,24.041612038058993],[88.75749064848365,24.03209504369536],[88.72904550864234,23.99611357152128],[88.76019491123492,24.006058245915348],[88.7689455024123,23.982197339156738],[88.73823914894903,23.982986089559148],[88.73340350957402,23.91097507356986],[88.70639705798558,23.91627281565957],[88.70433863455077,23.899174941088212],[88.66428281760976,23.882422347107624],[88.66758590975817,23.869445008622044],[88.62641170780962,23.864941647098593],[88.61643904919067,23.876512051946087],[88.60804829106345,23.862349266142814],[88.58748951656013,23.871452350555675],[88.57564057812895,23.861551709847433],[88.60212907249235,23.817215884661103],[88.5851471410655,23.81364550468621],[88.59620207381862,23.804888868282124],[88.57812679245964,23.78657607520852],[88.5712656005852,23.783027790398684],[88.55930371621285,23.78597857225719],[88.55603531077925,23.784211356371937],[88.58081486462329,23.76053559674453],[88.56450631356908,23.711329105604662],[88.57382059521082,23.66694088099007],[88.55820803804217,23.649154337192343],[88.56217025231506,23.63708826573659],[88.59376491402887,23.640810242496844],[88.58007392392236,23.602966930871965],[88.64553159130308,23.609283935533963],[88.65425320787799,23.556153441268002],[88.69575331140386,23.517311432391587],[88.72513478267122,23.51183288273119],[88.7414214868038,23.47967984062021],[88.76090567436911,23.47838564626524],[88.76067890273407,23.489919321843605],[88.77488749329244,23.479814347074754],[88.76824731638436,23.490126273788597],[88.78595153164275,23.507240089089077],[88.80078695718214,23.497124098981974],[88.78731223165543,23.469082202973215],[88.79531628995899,23.443023479879713],[88.76431444048156,23.448205645584505],[88.74926152725477,23.400553926156867],[88.76543450573688,23.367883893870353],[88.73203204988846,23.35198659033607],[88.74529847285844,23.307820192497996],[88.73041699393042,23.3195825367799],[88.72464425186,23.298303584960767],[88.71123525627645,23.312736447328643],[88.69636127259652,23.302290322015875],[88.72440987011028,23.271621282912154],[88.7188942134267,23.25479816553276],[88.76953760978823,23.244844199943145],[88.789801003283,23.218340436746157],[88.81143897339429,23.221547792788332],[88.81146237767281,23.256087757481392],[88.82879892646079,23.24486860681313],[88.82382157341232,23.233414412312072],[88.83651393329342,23.24330886852987],[88.84489678689536,23.230513982748995],[88.88617317208033,23.225945214948162],[88.90685103767696,23.23596497158484],[88.91458691202921,23.21347041903175],[88.94262970046103,23.20611381412882],[88.97088218357375,23.22265070076152],[88.97873142244457,23.21448296057542],[88.97593103178873,23.224432668926816],[88.99572467839158,23.214700209843006],[88.9796699083252,23.212857965550143],[88.98038469724439,23.182547307022315],[88.96230752547591,23.193144687858712],[88.93909405111366,23.176803858705217],[88.91789700029871,23.12908018358429],[88.86844631059704,23.10106772230057],[88.86100711851057,23.07730534861914],[88.88411721436916,23.04043268614527],[88.87975463209092,23.006325593032372],[88.84508628876833,23.009858276750283],[88.87096746697864,22.97863305022145],[88.85704887831166,22.968883475557565],[88.85944484154842,22.943189540030115],[88.89426437518043,22.951998936298857],[88.88689057924712,22.93320874674505],[88.90813587549803,22.919780356337668],[88.89567887953214,22.9130738728956],[88.90942970183534,22.8798560677891],[88.94537481878682,22.880674606574566],[88.96846256954167,22.845043218909964],[88.95788652251954,22.795864767616003],[88.93808685543826,22.7929695925181],[88.91100487183448,22.757730531100602],[88.92790419892472,22.71807109531049],[88.96236641319813,22.69497238521758],[88.92711365024905,22.64964718426763],[88.93494582730557,22.62119698469101],[88.96008140084899,22.61663317803296],[88.93893890937177,22.592205310758693],[88.940697393605,22.56134834170879],[88.9618646262715,22.548733384624672],[88.99612364421918,22.46895240286388],[88.9884902684277,22.445113547799977],[89.0000701585307,22.429839515174116],[88.97190680906722,22.409885842993937],[88.99425138589953,22.38873319956966],[88.98447968857319,22.32669716810473],[89.02430203993613,22.298428923747686],[88.99509731320883,22.28626458286221],[89.02046609103093,22.268503364816887],[89.01388090031028,22.253963190262393],[89.03419971324355,22.25825832086757],[89.03889439156104,22.230694402710096],[89.07161385214643,22.19688791313434],[89.07106915812938,22.14727557646379],[89.0987080456836,22.151866715841145],[89.03785669935041,22.094214050219815],[89.0768631976352,22.008409742019243],[89.06798674696532,21.931647104271054],[89.02830641840599,21.928691051256703],[88.99739347881881,21.950249475186194],[89.014098058158,21.976722651219074],[89.01181664444982,21.984261983576758],[89.00122623370568,21.986403634178888],[89.02717447161957,21.997511439013486],[89.02906007867226,22.001733649704452],[89.00032264500301,21.987667921783746],[88.98937899991834,21.974264994018036],[88.98629084747074,21.98682322650587],[88.96869070168236,21.996193823320414],[88.98771499435149,21.971644727792366],[89.00975333944726,21.979504154790206],[88.98830928600228,21.951586365487938],[89.01832622682555,21.92354455361817],[89.01250120887572,21.90327026438191],[88.94547523874793,21.92929860708091],[88.92485525524864,21.9636465574635],[88.9442539367755,21.987097860794535],[88.93817295765943,22.01185962151855],[88.917806020291,21.980930740097637],[88.91510648271162,22.008462811271592],[88.90246834588639,22.003853085743327],[88.90436150889637,21.927890704926334],[88.85824089829022,21.92036380841315],[88.81613890919874,21.941770974938336],[88.79987450415979,21.926754524453802],[88.83980096815021,21.88636010430755],[88.82006655652678,21.83775840782585],[88.8308325719494,21.808069530572514],[88.8214762359177,21.781442505651157],[88.86469530046277,21.76144254327074],[88.84116452770007,21.71688004674928],[88.86154869754341,21.640940769357513],[88.84558795374686,21.61910268878256],[88.80449477580487,21.637163417687635],[88.82244268923294,21.66702486059911],[88.81459449537577,21.7107278519119],[88.76270887076583,21.70197187715093],[88.79383448973473,21.737005474083755],[88.7904915810969,21.750034474088107],[88.78989789621538,21.737872494440914],[88.75586936010572,21.73531581437663],[88.76720853291421,21.763307961384225],[88.75013278524624,21.770489607597167],[88.76567971096539,21.786360686563764],[88.78114707517479,21.82516738482891],[88.74552623798633,21.77324241423037],[88.75976631542132,21.76179647482065],[88.7523520932837,21.733299077717128],[88.77757327362193,21.721283497898096],[88.75654855041532,21.702972698906652],[88.76870328703663,21.693687862720076],[88.8099326063032,21.704483913032345],[88.80794232818685,21.662676942301484],[88.7447904264214,21.660831901766976],[88.71140803223949,21.689581086706067],[88.69375974536104,21.74530785675945],[88.71127659490136,21.78698238639585],[88.69604321123539,21.84258665291641],[88.7254942946652,21.97954310713778],[88.75146465535846,22.00623092350787],[88.71019916194392,21.995954095115533],[88.68964721098229,21.971632785554263],[88.69558233619205,21.95133867200881],[88.67862016288352,21.94309488857232],[88.63071753273744,21.954360312073145],[88.6235051973036,22.01145908842845],[88.60896552391134,22.003859787025043],[88.60243191991789,21.997246982254925],[88.59940670952682,21.99183237382406],[88.5950352118777,21.988720413556717],[88.58116426217798,22.000041838997905],[88.571243281766,22.00043953715517],[88.5841363357747,21.98971135377269],[88.57409895236272,21.97789588928829],[88.57389212880211,21.961089078660223],[88.5539840069435,21.976362006706218],[88.5348951430624,21.968727764296553],[88.54883436216521,21.92027221864599],[88.56874527992676,21.90408310989261],[88.54103126138457,21.907421586577694],[88.53876465043352,21.863235623589894],[88.5297220444806,21.87249652284846],[88.51862714887547,21.87560540291359],[88.53672765510724,21.85622176787842],[88.4964304590534,21.87713518496039],[88.51113278028647,21.927561987706646],[88.47955507108712,21.906660535652794],[88.47437662756516,21.89366421193465],[88.44958961259528,21.90566485963932],[88.43875553215125,21.906012504861835],[88.43109861187341,21.90120157310229],[88.42120430844805,21.90407651342051],[88.41804890964997,21.9026052172489],[88.43431063661959,21.8989698299903],[88.45066353557567,21.904919330467525],[88.483035288757,21.872032754754457],[88.48786301490692,21.84037535166199],[88.44736652610082,21.812988023056203],[88.45987418924632,21.79206134787969],[88.41742356334134,21.813156135800572],[88.37936550729013,21.787616378556834],[88.3746324767464,21.768131444775786],[88.34280530319283,21.761327415531134],[88.3442983169424,21.721035902922683],[88.3338908813996,21.713930417521883],[88.32725499059933,21.726485156422694],[88.32080181811523,21.708737971959035],[88.306145953882,21.717677991385006],[88.30948258175246,21.733854402252028],[88.29996476525521,21.781409729103835],[88.28297386386295,21.789456428796136],[88.27484344832546,21.72739740757398],[88.30377795965022,21.66986047343643],[88.28441580944165,21.600706413638534],[88.31030138302192,21.581635239776062],[88.27647876699635,21.556677904961585],[88.24842337943558,21.561738949517235],[88.23627873556606,21.604988563671206],[88.21846246472063,21.615931918326748],[88.23749181743914,21.64431951243646],[88.22977923059824,21.673170709455803],[88.19975399974288,21.682696684621444],[88.22043034266648,21.701882410449187],[88.21529219867256,21.778031249276825],[88.19724652583292,21.84102358369149],[88.16344403753624,21.883670716998147],[88.1710538656039,21.928562414034435],[88.14975429158767,21.956883756305736],[88.19806493955274,22.007865307419706],[88.22315689689916,22.070685349732894],[88.210433035097,22.14894501015188],[88.1880125618915,22.18803134726669],[88.07277991159327,22.209477612727188],[88.08767732524291,22.242421546793476],[88.08460597907091,22.25634207156796],[88.06057129430407,22.20577053189274],[88.02217685906818,22.21776584922088],[88.00013671304018,22.24296411110269],[87.98649030105187,22.238258943790353],[87.9559318949943,22.26973229535257],[87.9476431304727,22.2547541832292],[88.00674892179813,22.202628672687286],[88.03477680431894,22.208932336493568],[88.0737047432492,22.187131218344796],[88.13668125201738,22.18419545538383],[88.19010883875329,22.11626696117371],[88.183412591652,22.094450828849553],[88.08626533909126,22.023377556562327],[88.05569287825813,22.02018144606648],[87.96808393141636,21.854770635208737],[87.91189215551262,21.80204997588067],[87.88326654918292,21.79334983474203],[87.8076390205794,21.70519374439785],[87.7854615506402,21.69419637221901],[87.74906748799154,21.700805870740865],[87.73313720350474,21.67546358038905],[87.67396256665,21.652528724924476],[87.644820391635,21.64968054895248],[87.64393317640955,21.66310577233304],[87.6319523744151,21.647802931536933],[87.55355773337554,21.638046510366053],[87.48478695509021,21.611261207910506],[87.48601481422662,21.632235846687834],[87.46037040048046,21.65139727879378],[87.46918439278438,21.732516541051666],[87.44477815828286,21.734032052359616],[87.44555326406964,21.76816428859276],[87.38506268800707,21.776767118593135],[87.36966036607681,21.765432937616946],[87.35551645992258,21.79217326601767],[87.33857154814925,21.784764632688873],[87.29698221071779,21.811554414650182],[87.27678280329452,21.805501563399105],[87.23438147535917,21.900638326136377],[87.24981263672564,21.934972661676923],[87.23180514919358,21.957043489332463],[87.19680864933106,21.959550255299856],[87.17041372063096,21.979937904970598],[87.16140260494976,21.934920250279433],[87.09709967300776,21.913937528702967],[87.09793169437258,21.866921652718293],[87.0356029689119,21.869170346870302],[86.99972183382101,21.913245487498525],[87.03035344305303,21.985343132390877],[87.0266956442218,22.037085657326706],[86.95795966392296,22.088552598239623],[86.83373819772484,22.098699813082735],[86.82462135483472,22.118921867410464],[86.8064141392168,22.119705271219104],[86.7938453008563,22.157484373212895],[86.71971071610365,22.14728148036087],[86.7249619793179,22.218020086382975],[86.7764135745983,22.21786463360862],[86.77767528439473,22.236594184273947],[86.79490514362996,22.227787729858104],[86.77907332911623,22.216915513455383],[86.8024145822218,22.217549780346847],[86.8120229808871,22.24122682676492],[86.79486176888558,22.24316935699879],[86.7922617480433,22.266301959590894],[86.80399246350757,22.243584584133426],[86.81359205704419,22.267390985377922],[86.8182516150213,22.25372020189918],[86.82395562744676,22.26675523783248],[86.88632464651604,22.257238556438992],[86.8877901537328,22.29745943526527],[86.83211073862374,22.32722783714911],[86.84635415578896,22.399083087368933],[86.76186591561513,22.43170414616062],[86.749871307046,22.482947635255375],[86.79256790513783,22.477755949479313],[86.80238804602747,22.503040403897703],[86.76595152480417,22.57511599617132],[86.65902930788306,22.575065103442302],[86.63312277226026,22.611269083711125],[86.63805490845553,22.662978450301352],[86.54419525601656,22.721602891363613],[86.51293119564079,22.71661879787839],[86.51132507949589,22.704995768335834],[86.46018220328122,22.761910604136652],[86.41760869683449,22.783676331647655],[86.43884570901115,22.83102329044982],[86.43497122149088,22.860512396932272],[86.4507716830357,22.861535270879774],[86.46713797616813,22.89992692083894],[86.43534008538528,22.92518517092417],[86.47631807326103,22.951175428434613],[86.48913337729782,22.9372427603034],[86.502580333136,22.951873390201992],[86.52598000937851,22.947605258796273],[86.54560616297128,22.990278275797753],[86.52119420391897,22.97070965441212],[86.50114751292429,22.993590349615705],[86.44642249926291,22.988236642079134],[86.41925887302587,23.000274068735777],[86.39854777943445,22.979893325656825],[86.37275176001766,22.998153256076584],[86.33953328235226,22.989814059515535],[86.30373837528103,23.015998448118765],[86.24849921589619,22.994910300478484],[86.18502557858604,23.005383632327717],[86.14198004149426,23.054249727762716],[86.14625706933556,23.07495905981406],[86.05125660816101,23.105526164972343],[86.04452189850677,23.144237814795684],[85.95761440562278,23.161045541348805],[85.92770726203472,23.148569993505685],[85.89454222791642,23.155128287867242],[85.88252317636129,23.198729002399133],[85.86381453226673,23.22238179244755],[85.83658095505808,23.22052615383648],[85.83860565464413,23.246834408898632],[85.81967347271504,23.268120116525292],[85.88306784851063,23.35078212405351],[85.87081251246713,23.388814230921962],[85.90254287587499,23.3971147471283],[85.88258247345398,23.430584223804654],[85.86389238524106,23.431355858689273],[85.87000123680615,23.474945537050917],[85.9071998945712,23.48370562981233],[85.95499321205821,23.471016214932817],[86.05383642660841,23.487056708849202],[86.01627777353349,23.547317205691993],[86.04206437873358,23.586881388330056],[86.07742904649379,23.57921268796175],[86.08086736359827,23.565678933271073],[86.15834686646774,23.559980478762473],[86.14882496681275,23.465257284435914],[86.17828830798126,23.469841651310077],[86.2283833000036,23.44288243946115],[86.23261660056824,23.46224305979945],[86.2455679151675,23.459317243323753],[86.22987118656113,23.43082279475216],[86.2473934820638,23.41113516823919],[86.2640927858917,23.43076843430382],[86.31055333683845,23.411359252707424],[86.30576634619167,23.434824556534846],[86.35145896305812,23.442093714027482],[86.36409013877658,23.47168895401394],[86.37946276805881,23.47363977014453],[86.3624199052114,23.48424861847896],[86.3751946107405,23.510342510021115],[86.36510775861922,23.532689589373867],[86.3881588697987,23.573948700176956],[86.44708442008144,23.598135930528127],[86.4618067239155,23.630299514565813],[86.53539741859166,23.631236918362113],[86.59757012013807,23.67375656927567],[86.71494770218486,23.698875560173423],[86.74733548266232,23.678786597973474],[86.79903755694954,23.68903249096995],[86.82836602071254,23.760195304650473],[86.80335745966934,23.80129900533558],[86.80476079975325,23.836846608816433],[86.82653562146751,23.81393976701304],[86.87421553131028,23.847309701800665],[86.8902967676717,23.82050223254312],[86.88024322003564,23.86232471302584],[86.91555783539557,23.882431647098976],[86.94515317967372,23.846883672932545],[86.97323922618112,23.86877268406418],[87.12177621272498,23.796654689594998],[87.15048784467089,23.797564768873002],[87.1670157325597,23.824526350795765],[87.1300203215301,23.8539117048084],[87.13306427931904,23.87019069965752],[87.19610450158287,23.857810055374614],[87.18858242763496,23.843154846227925],[87.23368389305821,23.857133846598504],[87.21654050460037,23.8317058827583],[87.23869859545906,23.826427577478857],[87.2549386592454,23.847035327980688],[87.24512321151714,23.908201707274568],[87.26914962124364,23.874583957242994],[87.29503314978888,23.902341044455518],[87.28354465826646,23.920906813575936],[87.29324905132306,23.95863468138662],[87.26153166920747,23.967575221754153],[87.26415581831586,24.00060796053033],[87.25050341899983,23.997036405801175],[87.23288775876078,24.023743739354373],[87.24539607070643,24.045064757077732],[87.28745819633686,24.028862464649933],[87.33712301229632,24.03430948918599],[87.31917414280014,24.00848170857736],[87.32816606261443,23.99866506082103],[87.36042394523811,24.01309177950253],[87.46039431806342,23.98382908322073],[87.43833789199579,24.013554152021896],[87.47612905224851,24.01227022456402],[87.51198047306877,24.035835708249316],[87.490614217899,24.070594312425722],[87.51074936986598,24.082246570101912],[87.48983001129271,24.09011482548368],[87.49761673712605,24.118973272175758],[87.55992026332338,24.0819688719319],[87.58022134255643,24.086368767833974],[87.57659710370122,24.11225723088188],[87.61023024754597,24.132533690882497],[87.57614515600513,24.16128221385807],[87.6944234430807,24.150242426220498],[87.69860658781377,24.187812746386005],[87.67634569391961,24.193730784649016],[87.67558356872614,24.208334699355774],[87.6386058591977,24.213989425168275],[87.64662673355261,24.231526370000815],[87.63437456327304,24.241652894955248],[87.63877708804294,24.25438279220083],[87.65916625959873,24.23611962579762],[87.7058911704015,24.261436386285965],[87.713673802734,24.294399242117073],[87.72930167163231,24.28842170903558],[87.76160237843315,24.308467138890542],[87.76440261400471,24.339328163560747],[87.80110276811115,24.382217192538842],[87.79395013161236,24.399285879855416],[87.8112768936583,24.417833825090465],[87.78883141514757,24.41654955714133],[87.8031362139561,24.454001613698768],[87.82377237447267,24.458456634994082],[87.81070416722369,24.47636341323418],[87.82815100104007,24.49861540200328],[87.81168329913628,24.490768294164287],[87.80933950341054,24.51451757460062],[87.8012633553883,24.49372012654988],[87.79414325671263,24.501137431854723],[87.80858811587106,24.546694770532564],[87.79245903128026,24.571660964634486],[87.77018804923745,24.570489536183576],[87.77121771417298,24.58301938618717],[87.81217993772509,24.57855948694617],[87.84940778588194,24.553835090595953],[87.8892682040367,24.565051878236588],[87.89193152534585,24.584181613233458],[87.91327683057379,24.59346380865977],[87.91076750648432,24.61043437689318],[87.87583229094852,24.61522944623102],[87.90603424989014,24.61500545181972],[87.9057715669407,24.629275707842506],[87.88791677418165,24.630343965075127],[87.91414166487921,24.637709481464636],[87.91660898726407,24.665753013362668],[87.88774914838288,24.679987245940584],[87.90835194494781,24.72161752117933],[87.81639409990863,24.75968905206581],[87.83623697178042,24.790209694218873],[87.83740162899855,24.76578526006283],[87.86923324157196,24.775025635757327],[87.88160440107929,24.80536817352534],[87.86912154560822,24.824637820666908],[87.90027122313955,24.824098973183094],[87.89132784218393,24.85603571621287],[87.9529279576573,24.90776353423179],[87.96282530328605,24.934534048011226],[87.9405382820162,24.990854794998874],[87.89936035222561,25.006784673403644],[87.85727514644415,25.054630927474463],[87.80579044701979,25.07265225642469],[87.77436444406871,25.121363929645963],[87.79068432525538,25.221646368690607],[87.84005569151766,25.201501702333612],[87.82433838150475,25.23653212482911],[87.86240844034988,25.274105802478868],[87.85543497214299,25.296885084460904],[87.7959601250353,25.32620287118224],[87.79231199642587,25.373548007766882],[87.7696626148659,25.3789766500597],[87.7643249004822,25.41314004685804],[87.77519226541918,25.408909715018464],[87.78725760929142,25.450401146638274],[87.82268371907735,25.437080997544026],[87.83934606656105,25.467841084449276],[87.86323181256977,25.46411253635197],[87.88437067433233,25.52057280433548],[87.90276169091625,25.505324179873657],[87.92772244546482,25.537196092219382],[87.96333390042194,25.539535239937244],[87.99379856556055,25.522412614018748],[87.99577532544434,25.49954454525834],[88.0135212601046,25.511211527510262],[88.0119747297481,25.50036901670839],[88.04926137075172,25.486013379611734],[88.07338014323058,25.484311896269087],[88.07653494506872,25.50809616403207],[88.03727572102815,25.538322165456808],[88.02582143972754,25.558855295949332],[88.03851174990209,25.56939783194707],[88.02026488362239,25.59114943140126],[88.05526082677088,25.637820995545546],[88.03680093465378,25.64164268821735],[88.04816528545119,25.64622125840108],[88.04814151029456,25.697899195833777],[88.0206455818069,25.69586435571632],[87.99885480059662,25.721903592365948],[87.96570106496785,25.725620452845867],[87.93797262299522,25.773932151368225],[87.90417113387238,25.77113067805008],[87.89945775585315,25.807486036382066],[87.91588479254499,25.81639623720676],[87.88803704733124,25.83066304275285],[87.9146902249706,25.853946860513652],[87.82982778646854,25.87064800988606],[87.80737415046882,25.9298523500959],[87.81958565324993,25.933942156803763],[87.83310944018629,25.927908112546266],[87.8384338401412,25.931493138455163],[87.85592510424715,26.035976305380068],[87.92804842596966,26.08306734735589],[87.94550210346843,26.060760797194124],[87.95291250859452,26.07646719725662],[87.98562162130628,26.077660176527743],[87.96360547143425,26.0946262626741],[87.98680325079252,26.1014071675474],[87.96927149035379,26.11762150699502],[87.97490219294447,26.14337381446751],[87.9920707408005,26.1509604167124],[87.99987941693946,26.13839577042552],[88.03723404870925,26.17870717030733],[88.07184826187793,26.174202393055463],[88.11441643064039,26.223724623733904],[88.13981542681336,26.22719500211654],[88.14439787907277,26.252241173919245],[88.21063176647228,26.277791410997352],[88.24725272549566,26.328120852003693],[88.26838110906205,26.33798506916849],[88.27469311964985,26.328571006397365],[88.27890857142445,26.34939387795774],[88.29379580957956,26.3517297241012],[88.27626499187122,26.37943793554046],[88.2322150351793,26.379598202671612],[88.22793765024974,26.392747390616684],[88.2695789371636,26.42044519086022],[88.20982311203494,26.46922530131748],[88.22436018203436,26.481946823718964],[88.21073358436489,26.473092330849063],[88.17988661642217,26.487643107549044],[88.22968332005163,26.53504471021091],[88.22548756132896,26.55674524238581],[88.21095328495453,26.56091998669965],[88.21161029023239,26.539944012679985],[88.17939290604114,26.548254210884384],[88.13005294534018,26.51602452692908],[88.10349250651299,26.538523702924405],[88.1125780634919,26.57180906137458],[88.13038023323236,26.57383418105452],[88.1420984754328,26.625754654277138],[88.16029940032436,26.63643905388817],[88.18785161526436,26.771805897594234],[88.17396633218803,26.865316832120236],[88.13635761456091,26.898520143149376],[88.14470390672916,26.922477956960716],[88.1201347395462,26.9507077142136],[88.13440408976355,26.98623990625709],[88.09214284201421,27.00469557601562],[88.07768601406434,27.035422151096476],[88.03784521633504,27.0363229544079],[88.02102123480859,27.08782910974265],[87.99088352527349,27.105608557834483],[88.01922224014572,27.17105101403456],[88.01425664034204,27.212914407036784],[88.03493682310405,27.220983094272224]],[[87.82691023391071,24.4829677027235],[87.83165304147006,24.48018115568367],[87.83111406300948,24.483688512651643],[87.82691023391071,24.4829677027235]],[[88.93834256752749,26.334942055312883],[88.92126924188356,26.335442626409208],[88.92402807561295,26.29523020106413],[88.95440314854048,26.2746380670427],[88.98145854394323,26.2829736961113],[88.98290279671743,26.301090222368394],[88.96077880113168,26.294954820687867],[88.95167402763002,26.316519462633416],[88.93750387667944,26.312902763020205],[88.93834256752749,26.334942055312883]]]]}},{"type":"Feature","properties":{"OBJECTID":19,"STATE":"KERALA","Shape_Leng":1862121.09439,"Shape_Area":39477600068.9},"geometry":{"type":"Polygon","coordinates":[[[74.98903045973772,12.795463061325211],[75.00508917921131,12.790311583490379],[75.00944829926642,12.767512328461157],[74.9832672784667,12.737196293698723],[75.0133996247118,12.727954546811201],[75.00098652255942,12.716393164403504],[75.05245776429834,12.720081100063425],[75.04664200095785,12.66756567389153],[75.08516610629994,12.674760818921555],[75.08600914031358,12.704034562725125],[75.11145748108552,12.68181922870173],[75.15200259301923,12.68324057362544],[75.16203353233901,12.671956426199761],[75.13850696168166,12.643436386909668],[75.16068309816204,12.622126921633635],[75.20174189341338,12.6300225522683],[75.20114222895819,12.587733180653627],[75.22031833447855,12.569102548844292],[75.23749739081545,12.569758049497196],[75.27634946395354,12.618507455774704],[75.31215682457687,12.589718820596104],[75.32701338979965,12.592393810376679],[75.31539325717456,12.572537155351524],[75.29053690087379,12.582609026301261],[75.27288658592502,12.568968930668182],[75.27055600528159,12.548336914120805],[75.28030976944673,12.525311636419662],[75.3040976551691,12.523281857676885],[75.30455975720638,12.504077235419976],[75.33299720711794,12.498331291485506],[75.33660426614873,12.464082325572118],[75.36081761955269,12.464968383370298],[75.38223084805799,12.50201575708095],[75.41613310017532,12.500027856433531],[75.42325914834831,12.46677941468785],[75.39340386182671,12.45137265949245],[75.36563038525159,12.456745246512908],[75.3726109253603,12.400253656199423],[75.4219284737155,12.372663630806214],[75.41040451174946,12.347193195849085],[75.43215016121223,12.30899476849762],[75.41355989657072,12.291201905529295],[75.47940295943782,12.295413386484233],[75.53968964160184,12.216807342723614],[75.53261306472893,12.201446219587336],[75.57719735806288,12.157754266355568],[75.63605392856344,12.149174938222446],[75.66198166095155,12.099182935567116],[75.70326259596538,12.108171381385525],[75.71473128718497,12.070442779331104],[75.75348465086789,12.084131209565742],[75.80255087308488,12.078562814501327],[75.79396097928253,12.055029459224025],[75.82725702213048,11.987683623461205],[75.8704492572609,11.952580852006907],[76.00319854811907,11.931391669049402],[76.11230336852428,11.978655106862858],[76.11994405453204,11.85046789553085],[76.19038625329746,11.87121343577071],[76.2074736402705,11.861536607487999],[76.2237191747058,11.808204884340936],[76.28022314753169,11.811607498905792],[76.3397380341287,11.739004333456636],[76.41423241239285,11.758848091653984],[76.41047835497845,11.742084201413393],[76.42744304685137,11.725977081217948],[76.40346212453122,11.707759670056976],[76.44342803655246,11.643623441660084],[76.43191645770175,11.63091529179268],[76.38809582025328,11.629667432978037],[76.37798143491737,11.601909715168544],[76.34125093743474,11.587243812326067],[76.33587650597171,11.59573619777842],[76.30238378639058,11.5712255785978],[76.27890633384835,11.600942130148022],[76.2345198776641,11.572147176627919],[76.25150541683172,11.537776621207493],[76.23848168569907,11.526266905570031],[76.25228649465465,11.50000033865313],[76.24757339939063,11.468540696837694],[76.28443504315662,11.482920295792903],[76.32547051637785,11.453328887673178],[76.34222596010174,11.467592623964725],[76.39767727586229,11.43502298174427],[76.41870494775067,11.441783227288695],[76.41507825807643,11.422627319589557],[76.4620823123655,11.387469769628323],[76.51775232671352,11.371563304050076],[76.50818455364379,11.354123437719963],[76.54785726256084,11.358885575932543],[76.54575558734895,11.300310348954296],[76.52217783414264,11.271338081847489],[76.45308789700815,11.239367345760394],[76.43862275167656,11.198961220438967],[76.45844286579643,11.187681468766323],[76.4723663942115,11.20875070649119],[76.50328008541551,11.21160895323752],[76.53385100178963,11.196753563591322],[76.60090082352471,11.206594471642594],[76.629722639955,11.194173749762504],[76.69826981685144,11.239601638830672],[76.73141614173447,11.215585792982312],[76.72903856726418,11.19103966107141],[76.70023854042357,11.181819436856314],[76.68955640619328,11.159574427216372],[76.72875405326928,11.130451640561153],[76.74829611524082,11.135837326352538],[76.74612893072907,11.054823560623515],[76.77815990419296,11.0420909826082],[76.80085956679508,11.053965554178774],[76.76659984996546,11.029093007969907],[76.71088737635284,11.038721692695924],[76.66678531477335,10.968334874034726],[76.65909484294237,10.930496453370468],[76.74078741926505,10.890970033098434],[76.82831543962097,10.871909633566437],[76.85378353108626,10.838958580918431],[76.84817226464531,10.818804550395912],[76.90068203525841,10.807304936233123],[76.90721024873707,10.782688013818877],[76.89294007194637,10.721460458499456],[76.86758909334955,10.694775139603752],[76.88247547619416,10.639707105055425],[76.81418242951246,10.63585618476848],[76.81009734326422,10.624180958039863],[76.81731226675413,10.603203458339427],[76.83826712335573,10.59666730409516],[76.84309609456224,10.537285305489469],[76.81637855633517,10.423519040575812],[76.84878538443992,10.368228671524651],[76.83017248361934,10.303862231397483],[76.84871568729562,10.285278130780977],[76.87313532955186,10.298484464812693],[76.87342194428875,10.276335870492131],[76.91159803781579,10.235286967393185],[76.9393602383116,10.238904306974051],[76.98244620596101,10.220120441492153],[77.0510811496227,10.2621093506837],[77.0428767353973,10.283767207449001],[77.17662319723682,10.358441163352676],[77.23584135345735,10.352006559578056],[77.22774714078142,10.315416050312189],[77.26292596104257,10.26333191713845],[77.2597230541654,10.230274146836187],[77.28193702121729,10.236555908095632],[77.29495562937306,10.217898372946557],[77.27530480218023,10.184418497812457],[77.26777640889796,10.1216136129819],[77.23824087820448,10.130077315044476],[77.20126488819842,10.10582144635644],[77.20397634056,10.087728811248505],[77.26189970815035,10.029725211940633],[77.25319359880604,10.012812329391885],[77.27285475897803,9.964194674976733],[77.24654236116686,9.951396481919673],[77.21825256413639,9.90429442041269],[77.21245005623973,9.876884814608614],[77.23718402887434,9.85138075382754],[77.22293527999294,9.84487972308318],[77.22177782043006,9.822451409317003],[77.24666602740314,9.797886555582046],[77.22266345555444,9.787791771583313],[77.23239972638129,9.768573654838162],[77.22390836476747,9.730373356996909],[77.20355571489125,9.722106368440398],[77.20671616193056,9.694656359593427],[77.16586297776273,9.612862729394958],[77.20895729121247,9.613443529097779],[77.2343017960153,9.58154528973238],[77.26971372245994,9.572769119017948],[77.31781874300329,9.602504872702136],[77.3394908228815,9.573313942378482],[77.36112810173644,9.60226174757239],[77.35026320108511,9.567081123250416],[77.3655637357638,9.535089525796177],[77.38517837437624,9.519231526134803],[77.4005073190377,9.527363840582339],[77.4123964159938,9.508977437036696],[77.39261336426901,9.45935017437676],[77.36600016317061,9.46008217615659],[77.34940585542313,9.441175442947776],[77.3252883197036,9.3371147051215],[77.2999727455002,9.336653035051267],[77.29953742591475,9.310911975024162],[77.28298734442669,9.301332728796949],[77.28171242812782,9.21657005588485],[77.25142608128255,9.188635883562092],[77.26515944198162,9.181260479469193],[77.26681439088225,9.152460789615544],[77.21240695730471,9.100482392391164],[77.19745574796009,9.046972727280899],[77.16746703957021,9.045299483948742],[77.14655534579188,9.02181524291926],[77.1962881472613,8.9545831351165],[77.19279559048032,8.926195977051407],[77.21823964921029,8.918687879789797],[77.25657091157032,8.87756684306389],[77.26275777008678,8.841992211130087],[77.2319843795723,8.807726253577675],[77.2297088773029,8.784587518339732],[77.2130654332201,8.77861591775673],[77.21795359572661,8.768236273295582],[77.1973285616667,8.768898273993626],[77.19246385173535,8.744440972723016],[77.17001187049463,8.741794720663757],[77.20671673817378,8.684195526389981],[77.20069269281457,8.66907637007791],[77.24408420270157,8.621820759626367],[77.28384684447087,8.546728597207933],[77.26170763281202,8.506152368543065],[77.24012424788874,8.4970536893549],[77.21430904701522,8.5128132580823],[77.20238409007592,8.501190418575671],[77.2280999866615,8.447252374793429],[77.20659986842112,8.44470257253388],[77.18167096371596,8.395794284746055],[77.15110730216692,8.384471721058413],[77.16129401834695,8.373978040847428],[77.15301721080064,8.355144173433663],[77.17429424707996,8.358632820563425],[77.17577926899752,8.320290406829223],[77.16929397965676,8.332945251944503],[77.13979333170253,8.329867880077847],[77.09598197555086,8.293018226221937],[76.97909806716999,8.381849179744696],[76.63143318749437,8.836529686244381],[76.54508523218614,8.907275269770018],[76.49913169761993,9.05822251783657],[76.34028628729597,9.407370725535529],[76.30716952759799,9.541546578120903],[76.24120356600191,9.967648086850522],[76.21850076833879,10.003513074359981],[76.1003279886815,10.381474912890384],[75.91010100155074,10.786134817749224],[75.82838245306222,11.119143144991101],[75.80251428451712,11.156034509652573],[75.69767447044708,11.42487777831529],[75.66373273503649,11.462464868324497],[75.63418696150748,11.461027488788663],[75.61678020894769,11.476408937148445],[75.5361801642799,11.693606205116389],[75.54423234686328,11.704542141858848],[75.53003670928334,11.70356990413652],[75.45369676970168,11.77027504383128],[75.38575851526811,11.856338022163717],[75.35568235121461,11.859804394473942],[75.2503328669412,12.008188888953773],[75.229109692464,12.022605801182968],[75.20105633813537,12.006088967048639],[75.05806452801917,12.351703985857599],[74.97381370928922,12.50038961463394],[74.86433709987008,12.759138578687928],[74.8823125609203,12.754048560044696],[74.9511168930172,12.784370973426611],[74.98193208525632,12.779628919687633],[74.98903045973772,12.795463061325211]],[[75.53771298087176,11.762797559485763],[75.54145967444909,11.73888891236074],[75.52668793968758,11.726633676900532],[75.53100342533598,11.70826301200524],[75.55534065860174,11.721468829673126],[75.53771298087176,11.762797559485763]]]}},{"type":"Feature","properties":{"OBJECTID":20,"STATE":"CHHATTISGARH","Shape_Leng":3321742.55077,"Shape_Area":130355358422.0},"geometry":{"type":"Polygon","coordinates":[[[83.32145122484168,24.106016878657982],[83.43224736115683,24.085980821867242],[83.45288940827642,24.041990406693845],[83.51594377889423,24.026960545424192],[83.51530315648289,23.980689428740988],[83.54739020525822,23.93754484836172],[83.55344413993336,23.89806817605212],[83.58575792235818,23.886402682429097],[83.57119005339577,23.862135442454406],[83.65949413244459,23.849263455021926],[83.66449076423169,23.827655477161034],[83.70534703293572,23.820757313535104],[83.7460679655416,23.71949489458275],[83.72285964863873,23.685864698459326],[83.76112381013245,23.651463045087983],[83.75191928699063,23.63866555079924],[83.77248174411979,23.610898298690472],[83.80722347019633,23.587471075577632],[83.8153736431559,23.596201550180336],[83.93769377699134,23.568992070066916],[83.93190612990315,23.620413472573105],[84.01659327570727,23.634378899507446],[84.0077051189798,23.62229590865664],[84.03005926051786,23.599995445885856],[84.02805603737333,23.545601910743038],[84.01464892721525,23.503498382052637],[83.97394312391843,23.4598518507375],[83.98576242447913,23.42583008323195],[83.96700240896327,23.387584529275312],[84.00480351154866,23.354009398534885],[84.02386153762748,23.37650326634326],[84.05083711369404,23.374768451699627],[84.07482053371179,23.333121687968436],[84.05373419221226,23.24729889855726],[84.06316626809011,23.205649556370595],[84.03239425976865,23.160484848664375],[84.03746900682543,23.139878618468938],[84.06640329977633,23.110667936943678],[84.09317095544091,23.112781396058676],[84.13346048910628,23.083089703932675],[84.12554954301595,23.036478171878507],[84.14924842193152,22.96567388722571],[84.17551352045558,22.976008880388743],[84.18580180149404,23.02709172047288],[84.21917568195389,22.97913081312749],[84.25302502320447,22.97292694564976],[84.2770217988454,22.99339189888496],[84.28109108123336,22.963687875892063],[84.32810688042198,22.981900754584064],[84.37532223408651,22.976889057056386],[84.39555052141309,22.928732181171362],[84.37518779916131,22.904503686643423],[84.38051385478917,22.876667052410536],[84.3242192678753,22.850942301328185],[84.315098033781,22.800652883971765],[84.2979397586505,22.794273651773892],[84.2873997671047,22.764013277188347],[84.25964540973487,22.766987235511092],[84.23126524676225,22.73996172782459],[84.23820264223217,22.691454318423744],[84.2241214229085,22.669887393962746],[84.15246752978496,22.636800602151553],[84.08401621004275,22.638116449364386],[84.05412571898195,22.59810720391169],[84.00950540988352,22.573048560678433],[84.01232771156086,22.527527080928405],[83.97466071105382,22.511886037450136],[84.04724716200273,22.469220904201585],[84.0472466801273,22.438233060304494],[84.01338564297349,22.39742045328176],[84.0102922602893,22.371584391509966],[83.92328379687828,22.35841017739107],[83.89033477458995,22.33654513712692],[83.86426388680158,22.34327541093815],[83.83055623254909,22.32340158853364],[83.82635937219386,22.292821878213818],[83.79484506503556,22.285948248032962],[83.75775083364562,22.240339452732282],[83.69147301144892,22.244123893672345],[83.62725487002943,22.203782532596865],[83.60815475637484,22.1543680402912],[83.56181433745888,22.09891754608169],[83.60642423099372,22.06658766300678],[83.5867088488486,22.048731164523286],[83.54780863689525,22.059152387194896],[83.53672064204888,22.0434846178441],[83.55615170878977,22.00781751235051],[83.53901075745217,21.965988162198514],[83.56169152678368,21.948009027415807],[83.55672077959477,21.93534507792907],[83.60592330804626,21.91411844636202],[83.57421175138684,21.87510833912753],[83.59088754319835,21.851101343224823],[83.57691308967571,21.8312995416072],[83.55177030619214,21.84071414331317],[83.53187111609063,21.83095898974431],[83.54104463984854,21.799313650005192],[83.49290607056416,21.818366355317686],[83.46939424252064,21.787561998980053],[83.48931519702656,21.745392932386135],[83.45947709098171,21.6985509462502],[83.43164652862582,21.69990517437011],[83.41869341273335,21.68065386695479],[83.48961200158388,21.631464725201987],[83.47355620876776,21.63249458373242],[83.45610775068523,21.609996053429786],[83.44264908733606,21.655406799290784],[83.38268482587719,21.620129854860483],[83.36497339446953,21.57607584271532],[83.37316219440788,21.558162378991423],[83.33788256102008,21.502100216925733],[83.35437149244257,21.448070517218465],[83.39892706808881,21.405342658153014],[83.4068802299435,21.351625843152057],[83.37888191491398,21.34455299038382],[83.28405059472334,21.380327896326573],[83.2687283608666,21.378589904447168],[83.2573441629311,21.32049944287025],[83.27859463154054,21.289316474508645],[83.27094737234034,21.272569700938256],[83.25059078746575,21.282383384459912],[83.22295418741481,21.26576910626814],[83.19254894550323,21.139514645470676],[83.16691470805061,21.13878817647186],[83.13149174834173,21.105814831704283],[83.0778130877219,21.111949755416042],[83.01599705843522,21.146306639229483],[82.9903222408299,21.139859465470014],[83.00376430731522,21.166930463365123],[82.98056268807355,21.170026229277163],[82.98808507548526,21.182812135866847],[82.96555901006418,21.175331123761605],[82.96493439588878,21.193274945797782],[82.94384477018214,21.1778536587645],[82.94768330724939,21.16177841086889],[82.90210681563515,21.166993638481248],[82.88217633657855,21.148430397310797],[82.87636400271482,21.163546565656556],[82.85088229799823,21.16863235817568],[82.80031528649965,21.155946189644887],[82.793678623652,21.142545167869148],[82.7559068405186,21.16643429034116],[82.64061012927561,21.154874042718845],[82.64990559427721,21.106467732444894],[82.61198325923371,21.07469360181978],[82.62879176452984,21.038035843084966],[82.55914790718859,20.947937533535853],[82.48874282147642,20.909402061862583],[82.48668141108163,20.86164642613584],[82.46448544168196,20.828995984946488],[82.41995469741484,20.8315616622417],[82.40544822230781,20.870187684477134],[82.36460831112832,20.870671890486378],[82.35119265678186,20.889740414930316],[82.34171494447712,20.76775714799928],[82.37649747826909,20.632410243254636],[82.33223444598482,20.561906500767453],[82.3576491496275,20.529325938860843],[82.38969901346097,20.517603215066195],[82.39605870888663,20.459571090321354],[82.41763350414352,20.48174238620867],[82.4378622198404,20.434391195957087],[82.41660920735046,20.407652814284727],[82.4003790517961,20.34158105634781],[82.43781113152076,20.29440765255983],[82.41234151205421,20.26704231377816],[82.4206182710428,20.204918673319447],[82.38579773234306,20.146436516043348],[82.39829194301646,20.05817887383084],[82.50911247461609,20.018162852223004],[82.55010864393824,20.017772518423406],[82.5957325430794,19.991570645530764],[82.64150663558492,20.006713285792088],[82.71544687983456,19.995926707551423],[82.7074082020069,19.902040928168187],[82.71978975859827,19.856848208474222],[82.70392341513917,19.832013250694718],[82.65215916311675,19.832165858131138],[82.62712747704049,19.793657973855225],[82.59181283387078,19.77586272675179],[82.57578795366426,19.833394533901085],[82.59712711315,19.872692914398446],[82.53141886661203,19.87823886416558],[82.49733859874094,19.90413039971828],[82.44599099610156,19.91019177180674],[82.39487055378942,19.888015077000357],[82.34395275820133,19.8350890100649],[82.303119820727,19.889385562085735],[82.26916945773472,19.975261214469402],[82.23712351275026,20.003327552565402],[82.18425371438904,19.98418972297248],[82.17123489684434,20.00551089421322],[82.12678599517915,20.014796341091493],[82.07046935405576,20.056947942344088],[82.03256137736143,20.01572088221285],[82.01767639095236,20.04900191165907],[81.99534483926215,20.05356630111373],[81.94638149203168,20.1051332186225],[81.89528017404585,20.04823780283092],[81.87597586757963,20.05206211384569],[81.84527524331635,19.959532866722437],[81.85315559850376,19.918477976620714],[81.96813140849984,19.859894903134865],[81.98594945058946,19.80108930929101],[82.0655475071214,19.790657880051775],[82.04475059567466,19.70887712290431],[82.05901786181074,19.628175403574435],[82.0398829491962,19.597636139983127],[82.05071011235268,19.548818793089662],[82.02908189220638,19.507746192690206],[82.07602727187522,19.52362589008107],[82.10025490937774,19.516589230631126],[82.10282099163939,19.46610643384132],[82.12614156323973,19.429085723840377],[82.17149170766824,19.437187819614703],[82.18944309735555,19.427529400665225],[82.17883479000417,19.379050751441245],[82.14773552608975,19.371818399734696],[82.14877795242475,19.352976212484748],[82.19412196961564,19.325935318875587],[82.18122447440784,19.32338735956474],[82.15842558324954,19.26516728805482],[82.1617055685743,19.20224584927648],[82.18046248342182,19.191684963743107],[82.18613948459969,19.166347501240317],[82.17017988653012,19.16115929925655],[82.1809319482412,19.15081653124091],[82.16609557912547,19.132699087304317],[82.17360518155357,19.1184105694843],[82.18246927800801,19.131690930463385],[82.20581606120865,19.124129833911745],[82.20491229370057,19.097140804872282],[82.2184151463142,19.097268750759834],[82.20225401730703,19.066638980750284],[82.2327611728763,19.0179369370662],[82.24605395935569,18.91911103638177],[82.21830138934764,18.922516793373543],[82.17614642319131,18.90266945337151],[82.16041256127271,18.87891242056978],[82.16543542870907,18.798624737411856],[82.13349471309061,18.780445741712622],[82.13341761701322,18.76536420923178],[82.09157954672828,18.765730652777126],[82.08497455523302,18.71859313440971],[82.03092311190805,18.723787167853697],[81.97098466962085,18.698636979566047],[81.94894346547669,18.64370988848712],[81.8937694495158,18.657459098513602],[81.89459030208776,18.629539440193817],[81.96364109146617,18.590443065967275],[81.95057246133328,18.570022346000943],[81.91069073400624,18.57063481300735],[81.9090093739606,18.53806798989446],[81.86824775302404,18.5249210013223],[81.85620513742184,18.491401020257346],[81.76887429845782,18.41709070808709],[81.7500575446311,18.35274996627868],[81.65914045436038,18.346560835722503],[81.64966366625644,18.336904797137244],[81.66222894075541,18.321226107111784],[81.59759669607361,18.308908424120677],[81.52523930272004,18.257708123550408],[81.50700185452486,18.186197694514036],[81.52581548938238,18.153401809325473],[81.51285516655409,18.098687734272517],[81.48040560246186,18.050741363255277],[81.48294996835749,17.97681509574485],[81.44911419245364,17.931934675678118],[81.44463197483987,17.885753622752883],[81.39926798412954,17.891916740700378],[81.3925717930896,17.794163221525523],[81.35410973589829,17.812287101926973],[81.26626416304588,17.809522265656543],[81.1661344930637,17.85760038511392],[81.07357386293712,17.786621488907997],[81.03898120669726,17.78415182924658],[81.00821903468517,17.799366257953643],[80.99834018405211,17.916786516629273],[80.94925722402765,18.082861606745087],[80.97902754653082,18.17541126121588],[80.9141701720334,18.141170465477643],[80.86666955439968,18.136923397134076],[80.8529119955465,18.202001142131092],[80.87260795213588,18.21057653617177],[80.86593731279108,18.23012786492849],[80.8367245819605,18.238919784843134],[80.82359192901353,18.23607533138575],[80.82406828294421,18.191036339338137],[80.7991133319852,18.168169757577555],[80.74496541049406,18.170327356147876],[80.73720230669439,18.222092916493423],[80.79415183525853,18.259628720082045],[80.7487237365308,18.30892473044404],[80.71967596781684,18.39079511808522],[80.73487357466934,18.412840512945156],[80.69895283355478,18.421430397014138],[80.70531358640167,18.43986202233951],[80.65530846550007,18.47586259932663],[80.63756920797555,18.522529296051637],[80.53450809609802,18.58835321402738],[80.51466073815516,18.619332499682116],[80.45612350077728,18.62935807744722],[80.38845240241348,18.59665664293464],[80.37515916018843,18.610656212139563],[80.34630356670431,18.59528179250893],[80.3007162275405,18.692141880018763],[80.24442751948249,18.757900615965667],[80.35274143814175,18.818984555413664],[80.33524481147346,18.868647891568163],[80.27087806768269,18.938475954730976],[80.27297737442144,18.99143552071786],[80.30312681174104,19.022163321197155],[80.29733916399307,19.049005896082306],[80.32966769499215,19.070106706981672],[80.33307893589742,19.1455238271373],[80.39384487509528,19.187797578444638],[80.38390564105192,19.21591207636141],[80.39359000228062,19.245009633267507],[80.44602564267637,19.264170938009258],[80.48249795577021,19.338135832320763],[80.5203309408016,19.347769551474716],[80.57307372189652,19.402460035493682],[80.61254345357516,19.309518026669128],[80.679896851893,19.33033204983032],[80.69315362564797,19.315546377479567],[80.68969921079497,19.28697519023797],[80.75573135570976,19.28927290101598],[80.8528526517039,19.363899946695728],[80.81733060236148,19.383906793601103],[80.79584983392697,19.432264823966765],[80.87363088757478,19.444987958813602],[80.89768431780948,19.480448720620625],[80.89496487541075,19.519624789724904],[80.85620742875925,19.523002786241843],[80.83559325819976,19.5663568345465],[80.77510887803207,19.562511916797977],[80.76942828401965,19.586669707333517],[80.74084593418999,19.606230873889707],[80.66533209762612,19.611879169265933],[80.67221626208278,19.700715940620732],[80.55260700537377,19.765560511032252],[80.54630216415211,19.818265731972726],[80.52020639164176,19.831718094255024],[80.4805812827771,19.82750578829981],[80.46887768027254,19.81044672062401],[80.48496794074221,19.802477227406523],[80.48902896917731,19.770410388031983],[80.4642583274534,19.795775050975628],[80.40169821632963,19.79620072389034],[80.40162425721275,19.81703798054587],[80.44072110154723,19.810333799891836],[80.5058245093918,19.870649757059176],[80.49142656835075,19.902013327907603],[80.41388306566395,19.907451130849967],[80.41125275860638,19.938493863090585],[80.45215558922338,19.957604015842787],[80.48874716895779,19.930607351122454],[80.52989443581009,19.93946732425481],[80.54960050252117,19.985971461817243],[80.55681165986876,20.071876717113227],[80.54400295547912,20.095637392992142],[80.5520724749412,20.117961538914848],[80.50559450426901,20.14443918517915],[80.46014674568589,20.150938195403008],[80.43337848083753,20.13533031539239],[80.40181765192884,20.147244315818355],[80.38853832404634,20.165198980219195],[80.42205125630716,20.20679901962791],[80.39525946613657,20.245009003661693],[80.47913201765279,20.27829662831471],[80.51881702577215,20.266166897659133],[80.54957593028541,20.308957888233994],[80.6263521064593,20.33262641578114],[80.59148151013295,20.393070755680757],[80.61364196352739,20.43498095119315],[80.60217419130727,20.449960607198268],[80.62658501194194,20.563812391995093],[80.61734825864086,20.58575241044848],[80.63186155062434,20.59840242053759],[80.58076740500539,20.60836446189299],[80.52092818149879,20.580478107527846],[80.50441383583683,20.583353382641018],[80.49414946109,20.612504166010034],[80.49565009105858,20.63684840290923],[80.51792679271493,20.655062271567136],[80.58765153692248,20.68469974346156],[80.56515274600979,20.710788215101594],[80.55166346252648,20.76403451614164],[80.56181318949841,20.8243655129784],[80.5460578415614,20.935013082240957],[80.46369587053273,20.929198561200447],[80.44377248216182,20.994040696914137],[80.42426268267376,21.00850269538485],[80.45264425358053,21.038830777778657],[80.43914724698179,21.096560304105385],[80.45811761817075,21.114868953760073],[80.44473181001047,21.12202832068052],[80.46426127153444,21.17502764760595],[80.61378246066872,21.226566247900106],[80.67956783984067,21.298836963591874],[80.66004516400437,21.334084086549446],[80.73775356361922,21.473124205145208],[80.72759980947414,21.49619746965276],[80.74078155873981,21.539225949105536],[80.71999402644758,21.554995456597766],[80.7289144698321,21.57257495044135],[80.71535574531714,21.585049983046314],[80.73094601988677,21.617347652946478],[80.71438732483836,21.661549916313984],[80.7341365299322,21.694506808456545],[80.72614265479172,21.713665667236175],[80.75599153847752,21.762064987397256],[80.78543263612785,21.740307930865043],[80.81973916284048,21.748023192240563],[80.85330934989855,21.872571187837256],[80.83205265828337,21.890351531127816],[80.84769648494586,21.93253314797548],[80.82549437998473,21.958420626509433],[80.8526730284238,21.957307404128137],[80.90793415011044,22.10957297912681],[80.94757748148929,22.118265855025655],[80.97166282452406,22.083046243108864],[80.9694028941329,22.05799117778559],[80.99439090387922,22.049241830865217],[81.00620484586396,22.06320737754508],[81.01133339869804,22.095568943050303],[80.97814332309828,22.120105166895673],[81.02191295981439,22.13272903276058],[81.01665778440949,22.185529098944354],[81.03163980577153,22.1996535250688],[81.01946268977437,22.22118453447693],[81.05006141547696,22.24455051176909],[81.07954900373171,22.2393777339564],[81.11871815567547,22.291260469353148],[81.12121091768351,22.34259551821681],[81.10366308435627,22.383367561311445],[81.11116413702412,22.43757446554922],[81.15511525167287,22.454914618851486],[81.17269230702622,22.487908501006846],[81.19766649631863,22.48956657437754],[81.19946172206924,22.4630331231257],[81.23219093418734,22.452155025030702],[81.28126928606466,22.50295418717299],[81.31372802701082,22.48292119737199],[81.326526697481,22.526144135731524],[81.38205529093754,22.509818347539365],[81.39005988771852,22.4522642265087],[81.40670443177751,22.440950999786423],[81.42869941274219,22.45688853878463],[81.42783864177095,22.47981280584863],[81.44736781248157,22.465875592554678],[81.45892735569423,22.469292522783675],[81.44661681608477,22.46976356887035],[81.44260620674747,22.49435086267661],[81.4847101406123,22.487830130616043],[81.5222305443611,22.53901248236176],[81.5700330704822,22.53227191222824],[81.5695494138099,22.550729952120136],[81.6219425052653,22.538015470632775],[81.62902523481897,22.563359328490638],[81.65993153746011,22.569455511826387],[81.64725446935984,22.61326420309421],[81.68331539833586,22.6469066061059],[81.71314025080147,22.648089414928673],[81.73952840251431,22.675086792869777],[81.75262783756897,22.64448651639056],[81.77237068373425,22.66820605003616],[81.7535927771665,22.72851593886871],[81.79439169692454,22.766459904262856],[81.76134521366109,22.8302872652607],[81.77568307994493,22.874436759584864],[81.86162662557311,22.88926100224738],[81.86611398771954,22.91581057233442],[81.87824026767179,22.909808621259593],[81.94630761941882,22.956778674612437],[81.95048143348436,22.98292693105478],[81.92150179437047,23.0408140082704],[81.94225115598631,23.078964985013123],[82.03418861820627,23.080047387853114],[82.07222470639098,23.118324681335242],[82.1222494637722,23.10380144953452],[82.16135979397349,23.143114777773114],[82.1609190511669,23.16205221014546],[82.14435242486744,23.165648138545862],[82.14527449706348,23.226715312266514],[82.19338085047617,23.277965060878397],[82.19396188320965,23.323843596390656],[82.1637288257332,23.33467243519554],[82.1457482681183,23.36117989902784],[82.11713741414937,23.355460475014425],[82.10341256016018,23.398235699762644],[82.06406244356708,23.392938229710513],[82.05600389540089,23.376784265252816],[82.02189803733722,23.387322009241903],[82.0254753363586,23.424881101296293],[81.98533428854093,23.41449499639181],[81.98040452790482,23.447040443894018],[81.95499260400899,23.467170366596292],[81.95791100306356,23.500702052910455],[81.92328617735042,23.532659405004093],[81.83642511391199,23.510907770088295],[81.82068932606106,23.515242031996088],[81.80906941758363,23.549341284030874],[81.75826188020604,23.549871442595073],[81.74663713763223,23.569797052512854],[81.6996447211248,23.522016788074154],[81.65891135999304,23.52899724811294],[81.65816506626845,23.504907531587502],[81.63727595556429,23.490364464841587],[81.61231905381726,23.510212219247354],[81.61031649782944,23.555083047258055],[81.58402119026897,23.55357599695271],[81.57668454332381,23.585344486404946],[81.61196901360074,23.59525292041494],[81.61456519245442,23.662917866452624],[81.65517241715102,23.66313632793084],[81.65554932418864,23.682016202444142],[81.68407813419375,23.69091960333211],[81.6959093193307,23.721320124598865],[81.68184924698656,23.753302919445872],[81.64466174915195,23.770126102757068],[81.65144667857375,23.79905530349077],[81.63583598091292,23.83451306175626],[81.61322974980055,23.83447750927964],[81.60318182034116,23.853710106154587],[81.62220707116632,23.870238577263805],[81.60423502012699,23.881751794880653],[81.6090176134367,23.90320482441384],[81.66858229058012,23.924962301793784],[81.69043700343194,23.88476313639171],[81.70731007403568,23.88235920882768],[81.7074906390912,23.861132461083333],[81.7319777512663,23.856677880842984],[81.72547385680372,23.839824049411],[81.79111850733847,23.809346809852265],[81.8228160490276,23.80772178335035],[81.88815751215019,23.835548187840217],[81.92893105060091,23.870720453429456],[81.957799329187,23.85228404788687],[82.00881316613597,23.861078450550398],[82.04418049393256,23.841648882203025],[82.03841595039401,23.826840528852546],[82.05358100748123,23.818375168739987],[82.17146241060084,23.818240098372932],[82.21178319712426,23.85200493741602],[82.20631246427206,23.827411161024063],[82.23181318565996,23.80531423066121],[82.2606106970382,23.82124053651222],[82.33465645007573,23.802546796147848],[82.46925805857082,23.811059712325015],[82.4974035687983,23.784900923482272],[82.52446212040664,23.783741282277234],[82.55147454451293,23.790641035761315],[82.53307438113596,23.822146916393223],[82.58861972421055,23.82143848356804],[82.63533783200401,23.837707948134014],[82.64682584014508,23.85914142244161],[82.66046585021117,23.85514353462261],[82.66844776755792,23.87179080114404],[82.65105837821588,23.88947790067476],[82.66159014356658,23.907641835815387],[82.70350635333716,23.924487397323666],[82.75238378964744,23.919789756809912],[82.75446091214891,23.934188060871655],[82.78588652201877,23.940888127022312],[82.80100484011194,23.960962545860813],[82.83698682146085,23.956804337199703],[82.94787941110643,23.871422313590646],[83.08188900738091,23.870459634561293],[83.1414830017781,23.884919680561932],[83.15947617952507,23.907384917288624],[83.20791857721485,23.921394822542368],[83.22361047821526,23.986647835137447],[83.2425857300723,24.01158571609742],[83.2791097714292,24.018274686814927],[83.28211253910861,24.049734209183423],[83.32145122484168,24.106016878657982]]]}},{"type":"Feature","properties":{"OBJECTID":21,"STATE":"ODISHA","Shape_Leng":3637103.38851,"Shape_Area":150154075243.0},"geometry":{"type":"MultiPolygon","coordinates":[[[[84.3292729076778,18.78719874152644],[84.3395915720225,18.789400542926117],[84.33936160672023,18.778691965030735],[84.3292729076778,18.78719874152644]]],[[[84.35327463928608,18.789892993631803],[84.3496761477271,18.788704124405662],[84.34967805984274,18.79191898464779],[84.35327463928608,18.789892993631803]]],[[[86.78379362544771,20.361639498541845],[86.78082599261651,20.36154823701224],[86.78453634159325,20.363963912146964],[86.78379362544771,20.361639498541845]]],[[[86.7927191888322,20.38298755578253],[86.79029447175951,20.382280282335316],[86.79103315320206,20.38639112465221],[86.7927191888322,20.38298755578253]]],[[[86.79648109778043,20.400095333244547],[86.80748007444147,20.373532750203374],[86.79890888703181,20.36451645708594],[86.79648109778043,20.400095333244547]]],[[[86.7878657436228,20.38347220879181],[86.79017655797031,20.43255353169343],[86.8000489156974,20.443119607505484],[86.79322492156619,20.493242092256114],[86.8082439813577,20.453118517703867],[86.7878657436228,20.38347220879181]]],[[[87.01305625274178,20.717228195240857],[87.00864740844835,20.709896974021817],[87.00661337266837,20.711942532382768],[87.01305625274178,20.717228195240857]]],[[[87.00620217403274,20.715050102240802],[87.0024297475167,20.713205868929336],[87.00812260874996,20.719520647115942],[87.00620217403274,20.715050102240802]]],[[[87.05631401697164,20.732855442747365],[87.05420936140904,20.729585112365232],[87.05325390765124,20.730217925587958],[87.05631401697164,20.732855442747365]]],[[[87.05074002078348,20.73794440320645],[87.05251688697355,20.737609540753162],[87.05312664033454,20.737089787518496],[87.05074002078348,20.73794440320645]]],[[[87.07788766487829,20.743929581807038],[87.07350912830393,20.727459023962368],[87.06955476257828,20.733469559676237],[87.07788766487829,20.743929581807038]]],[[[87.04937804283696,20.744030490824855],[87.05884959482641,20.744922065767557],[87.0596464542298,20.74386007108323],[87.04937804283696,20.744030490824855]]],[[[87.07030142104351,20.73838479811976],[87.06877863419366,20.737626396585608],[87.07226114012438,20.74898763034066],[87.07030142104351,20.73838479811976]]],[[[87.09677977204842,20.74793644890213],[87.09841764898539,20.748039431225425],[87.09832122495642,20.747474743029862],[87.09677977204842,20.74793644890213]]],[[[87.10201684517763,20.75068485295961],[87.09940835885844,20.750026760745893],[87.10168118124389,20.751507319114925],[87.10201684517763,20.75068485295961]]],[[[87.08238433790223,20.763910382855315],[87.09752390339646,20.75491626155988],[87.07308461844794,20.75349619920079],[87.08238433790223,20.763910382855315]]],[[[86.9836087739988,20.78038822233501],[86.97845431311913,20.778806374234676],[86.98264266524485,20.784820225870984],[86.9836087739988,20.78038822233501]]],[[[87.07477736023793,20.76740171478714],[87.07475437346892,20.789020060569868],[87.07600938546092,20.77201851208186],[87.07477736023793,20.76740171478714]]],[[[86.98776713249667,20.803963148703073],[86.98657573180411,20.801993242961355],[86.98604715886262,20.802621192828266],[86.98776713249667,20.803963148703073]]],[[[87.43009873005664,21.58620742588713],[87.41656085461969,21.569999707426692],[87.41371485954463,21.560165114920174],[87.41899651217209,21.578723528807572],[87.43009873005664,21.58620742588713]]],[[[86.04544360478671,22.567507353938552],[86.11663147485645,22.487003814653757],[86.28130084049688,22.44866173713072],[86.35754880629692,22.34976589464381],[86.4303437325022,22.3074615766086],[86.44229286334982,22.306812003939896],[86.44526857464825,22.328923673755682],[86.49691479832094,22.347200735020127],[86.53276352615282,22.300959197575416],[86.58225478984514,22.301645244244238],[86.5930834411043,22.278559061272635],[86.64438065263677,22.268488993654],[86.65425352321414,22.23626798501016],[86.66958667471897,22.242536526250337],[86.6843381435388,22.22241150021294],[86.72428125496495,22.21862462256485],[86.71971071610365,22.147281480360817],[86.79384530085625,22.157484373212927],[86.80641413921673,22.119705271219104],[86.82462135483472,22.118921867410464],[86.83373819772484,22.098699813082735],[86.96470709211675,22.08574049802773],[87.02669564422173,22.037085657326706],[87.03035344305296,21.985343132390877],[86.99972183382093,21.913245487498493],[87.03345927133662,21.870135431169064],[87.09793169437258,21.86692165271824],[87.09709967300776,21.913937528702878],[87.16140260494976,21.934920250279433],[87.17041372063096,21.979937904970583],[87.1968086493309,21.95955025529984],[87.23145678034365,21.957283035324814],[87.24971618461787,21.935469439191063],[87.23426084887224,21.901053819640996],[87.26389553446788,21.81858403712936],[87.33813153767142,21.78485931340248],[87.35551645992251,21.792173266017624],[87.36966036607673,21.765432937616946],[87.38506268800705,21.776767118593085],[87.4455532640697,21.768164288592715],[87.44477815828277,21.734032052359616],[87.4691843927843,21.732516541051666],[87.47368618968314,21.714202968607864],[87.46048116678752,21.650913974911244],[87.48610626791346,21.63190156560105],[87.48478695509021,21.611261207910506],[87.41074663222086,21.5859382468371],[87.36986953652114,21.553401372724185],[87.24999693755223,21.556783563801357],[87.11850188623939,21.517097099911396],[86.97927973991114,21.409763265333794],[86.89249985290678,21.31842889184071],[86.82935312130782,21.208646982362268],[86.85628655202453,21.205603746768134],[86.84153570344743,21.175081371657562],[86.84789739263253,21.09550287652196],[86.98087745040188,20.857047191603577],[86.96741138188011,20.791393865880018],[86.94416349717436,20.766477947357874],[86.99248225306717,20.770227986187667],[87.00003841082642,20.697836803989976],[87.05824806623733,20.716757008945976],[86.77525049136231,20.52075271126496],[86.73426721557689,20.464100824108904],[86.7243808916469,20.393845313764075],[86.73924321799727,20.400813672633383],[86.74644839553793,20.378607577180237],[86.77619794692649,20.405421183828278],[86.78091074769107,20.378619190321174],[86.7972668086491,20.375756304485733],[86.7889380597274,20.374621777296507],[86.78185418602384,20.365863347815832],[86.77879210228822,20.356615574554063],[86.79801883978132,20.363396106164792],[86.74752688985299,20.306966522076095],[86.6798382669704,20.264218050163635],[86.66925188041537,20.275719674012617],[86.68018686285484,20.259944510744567],[86.59556981566912,20.224465046573343],[86.52043835882367,20.170126226439272],[86.43396453363941,20.052140721929568],[86.41402415292914,19.997315796266808],[86.37827407864263,19.965053617446983],[86.4088909278661,19.97038863840697],[86.19384242817874,19.888836142352424],[85.67799494175249,19.74385357998372],[85.34674581058536,19.58455025925684],[85.14091928518422,19.443227007647156],[85.07931704437907,19.37434751149775],[84.9302098073237,19.27620655748874],[84.8178046409282,19.165598592000357],[84.76626550322474,19.07814362515841],[84.70279551064782,19.11786212164562],[84.71201126537869,19.158277034629055],[84.6709061117033,19.166042339490055],[84.66731840999395,19.12985673672897],[84.59553003530978,19.13244953374532],[84.62549477035593,19.084913615471017],[84.65897086103317,19.094428001084673],[84.6708523468187,19.07633014092056],[84.66113103362724,19.06303886119204],[84.6183097630628,19.06587300544455],[84.60090112835337,19.02478939419576],[84.58166624194479,19.030088266600657],[84.5830950261587,19.07273003762747],[84.5728648477027,19.07371998182162],[84.49436735786388,19.02900116822963],[84.47889316638614,18.988459171967587],[84.42108539807393,19.02199144800057],[84.45242624307704,18.9759774884571],[84.43107293634641,18.969189415072492],[84.42421983130065,18.947253904344784],[84.43802455510709,18.92046209519158],[84.42839255867173,18.909022532915674],[84.41857282045677,18.91732080164977],[84.4180181459851,18.897202117173652],[84.37893389378762,18.90421753343028],[84.39751805340826,18.8902832015718],[84.39213248371146,18.876296431959183],[84.3602664518661,18.894552687417267],[84.38420217676038,18.87413965443552],[84.37422691107933,18.861388378377868],[84.33053324319033,18.883215122001918],[84.33306030469616,18.86051372654042],[84.36384964012555,18.83712191582871],[84.33105524878259,18.81784968033752],[84.3445453519652,18.801797145289022],[84.32125836132172,18.78649242760638],[84.2886615432728,18.804659320670563],[84.26096673491556,18.78322007297348],[84.22630819164294,18.798767107173926],[84.19534272787257,18.791676831056854],[84.1899385393694,18.77770397672825],[84.15926347419516,18.787853348404536],[84.1373974514115,18.76123619041291],[84.08946253226695,18.756780403325486],[84.03848330119062,18.816432845238865],[83.95016153430693,18.80517726963053],[83.91580486341165,18.827961592737424],[83.89316228089429,18.814473184491888],[83.84600511563492,18.86909737554988],[83.84578768667934,18.91358284711052],[83.82657738914293,18.916283746848197],[83.79468802890219,19.017976999886674],[83.74485346691945,18.987978776516798],[83.75895522812942,18.950613089297843],[83.76964727141625,18.95475604895252],[83.78445601904149,18.933595271269354],[83.77824341544371,18.91136338878015],[83.75385874622478,18.925131045009675],[83.73301270393668,18.98771175259696],[83.7096351567566,19.00215561271149],[83.7300168573052,19.02195539610466],[83.70013891290452,19.025451182077433],[83.66101787010804,19.08113756796269],[83.65496290275436,19.129620824663228],[83.63700780959309,19.131477590115217],[83.62603413423103,19.162666444374565],[83.59912643507205,19.130161458130253],[83.61061415109181,19.096063334751307],[83.5855886269283,19.086555411832435],[83.58445509180623,19.05756587788462],[83.56341923410102,19.0578504559923],[83.5601737719599,19.087068484600305],[83.54904551556909,19.080517676075825],[83.5575673738744,19.056202366911023],[83.53670517465476,19.00949507689774],[83.50093582205628,19.020661556145033],[83.49646640885074,19.035469405941488],[83.51482103769295,19.028456328272913],[83.51930166710328,19.03906497047649],[83.5117147785553,19.070315445228225],[83.50060405427332,19.06063197165836],[83.48339583852287,19.09225591080874],[83.46797670740925,19.09311796083707],[83.47837203505487,19.079273929265494],[83.46229434839282,19.063766509737217],[83.48334752983665,19.03354666327099],[83.47968020105101,19.008467231353713],[83.44994125016622,19.009658656395214],[83.46783543200405,18.99108306741866],[83.46182906659675,18.954781358288674],[83.40047329344345,19.00939561085171],[83.37261285216368,19.002259182992884],[83.3674780910691,19.01648197380053],[83.3429214878493,19.018136553834363],[83.33878483782374,18.997005094234652],[83.31064622082319,18.998672858863035],[83.33901710825819,18.952778186890686],[83.32649797297846,18.93198196398653],[83.34843771005029,18.92628642966294],[83.35473595941419,18.967296289592216],[83.38737775392421,18.932978499063204],[83.3706042745139,18.926036204084724],[83.37014699082808,18.94171630822935],[83.35248399098884,18.943463124776798],[83.35982531371312,18.91471243870959],[83.39060909679678,18.90960848569641],[83.38191541461696,18.891756434558207],[83.41475137951772,18.87496324524468],[83.40588258232353,18.842515212260118],[83.37832565430378,18.83066285663746],[83.36815090913187,18.84406001858693],[83.32824572916685,18.818081807828495],[83.33061630700062,18.806346744385365],[83.2843378533943,18.79787815970081],[83.2713546084636,18.764635364366118],[83.22460748819339,18.77508823597076],[83.21245207805006,18.730485462438043],[83.20654786462896,18.75143843181095],[83.13902967653382,18.785364555882687],[83.07279076990847,18.70554002136498],[83.05802360395622,18.66531468177258],[83.01312841724788,18.646054184495718],[83.01963278662264,18.63512156353885],[83.00047013567062,18.607984925225814],[83.02379024776647,18.589647176406057],[83.05279252028164,18.600683815908102],[83.0297567499635,18.57350780526696],[83.04535418995005,18.544183657617673],[83.09503920991254,18.546642411697725],[83.02094766411257,18.456241953885],[83.04253037489464,18.4242258192263],[83.06731161345432,18.43009142161763],[83.05743567641751,18.419372032693417],[83.0770513472463,18.40335434398957],[83.05448881004396,18.37998582121049],[83.02192066417376,18.39170380671137],[82.97047146163065,18.36000612929294],[82.93972706667005,18.360818663975056],[82.8941936657772,18.381568108297433],[82.89499966355014,18.42410257934327],[82.85241611901445,18.419201458679606],[82.80314259159051,18.44924603148968],[82.78216326850475,18.43078776727341],[82.79953837028306,18.40674976006302],[82.77408584995896,18.340316747850107],[82.66676592111304,18.298029228628113],[82.64264991545483,18.30203300718888],[82.65248670862408,18.24999935625655],[82.63768099961469,18.23670446941145],[82.5877853503629,18.27606343812382],[82.5986552473586,18.30418628454842],[82.58130670038547,18.31516890544998],[82.6089416845131,18.327126767219486],[82.6020447069559,18.352276315230004],[82.62122753773126,18.35970828325202],[82.59479558274184,18.389228945421188],[82.53552856610544,18.40617060074866],[82.56139586262016,18.44849009430695],[82.54237186323586,18.45762720530576],[82.53955790659543,18.443604164052676],[82.51942004638741,18.465596657698686],[82.53419021248482,18.477734441807716],[82.53216118907922,18.510988229029113],[82.50433152580904,18.513872642993743],[82.4827531229376,18.54872211895959],[82.36421242085488,18.421537643763674],[82.38554900467885,18.3675052964678],[82.3382183368894,18.326710417287558],[82.35587020423242,18.31592294249725],[82.38896125827819,18.328507437388353],[82.39233587548019,18.297949549630133],[82.3764959480424,18.280678499369387],[82.34466497450485,18.280548197714186],[82.32441241402557,18.23121042593215],[82.33705506115074,18.22430463702147],[82.31084253945632,18.204094774310377],[82.315452570767,18.184029241010016],[82.35336728290605,18.17169321829238],[82.37231683080411,18.148163525540912],[82.36324806097225,18.134808905311452],[82.33975802790185,18.14983435589953],[82.3357899576017,18.10585867819186],[82.35178141827538,18.076586377903002],[82.34073648216531,18.054794829767932],[82.32225385948168,18.05990588896602],[82.30817957059314,18.044906034141],[82.30440202997781,18.068115075944768],[82.29138402995422,18.068907433717683],[82.26160935822104,18.041853770734452],[82.26800739893727,18.000003077895208],[82.1878050041155,18.01473119044789],[82.16883885538843,18.05195295273014],[82.13717597404813,18.0439360320858],[82.1334898708852,18.05989017777582],[82.07663571832208,18.075217357665984],[82.06156410595342,18.05545035383087],[82.03232388675823,18.06931840249512],[82.0073899470173,18.05632328587425],[82.00934719333353,18.03007272109205],[81.96296652877024,17.99925146202487],[81.80989412356217,17.950984258895456],[81.79012862873135,17.92080654907007],[81.72562016709455,17.878863256106225],[81.70917356573365,17.87199602126552],[81.69853263492953,17.90135434618161],[81.66973111831123,17.88655150808584],[81.61723240776733,17.822299571937474],[81.57431611663955,17.837167554102788],[81.49004547236667,17.812694884755295],[81.47425984410194,17.837978476256136],[81.39181257254107,17.815420107520872],[81.4001968355225,17.893568981088748],[81.44463197483987,17.885753622752883],[81.44911419245364,17.931934675678118],[81.48294996835749,17.97681509574485],[81.48040560246186,18.050741363255277],[81.51285516655409,18.098687734272517],[81.52581548938238,18.153401809325473],[81.50700185452486,18.186197694514036],[81.52523930272004,18.257708123550408],[81.59759669607361,18.308908424120677],[81.66222894075541,18.321226107111784],[81.64966366625644,18.336904797137244],[81.65914045436038,18.346560835722503],[81.7500575446311,18.35274996627868],[81.76887429845782,18.41709070808709],[81.85620513742184,18.491401020257346],[81.86824775302404,18.5249210013223],[81.9090093739606,18.53806798989446],[81.91069073400624,18.57063481300735],[81.95057246133328,18.570022346000943],[81.96364109146617,18.590443065967275],[81.89459030208776,18.629539440193817],[81.8937694495158,18.657459098513602],[81.94894346547669,18.64370988848712],[81.97098466962085,18.698636979566047],[82.03092311190805,18.723787167853697],[82.08497455523302,18.71859313440971],[82.09157954672828,18.765730652777126],[82.13341761701322,18.76536420923178],[82.13349471309061,18.780445741712622],[82.16543542870907,18.798624737411856],[82.16041256127271,18.87891242056978],[82.17614642319131,18.90266945337151],[82.21830138934764,18.922516793373543],[82.24605395935569,18.91911103638177],[82.2327611728763,19.0179369370662],[82.20225401730703,19.066638980750284],[82.2184151463142,19.097268750759834],[82.20491229370057,19.097140804872282],[82.20581606120865,19.124129833911745],[82.18246927800801,19.131690930463385],[82.17360518155357,19.1184105694843],[82.16609557912547,19.132699087304317],[82.1809319482412,19.15081653124091],[82.17017988653012,19.16115929925655],[82.18613948459969,19.166347501240317],[82.18046248342182,19.191684963743107],[82.1617055685743,19.20224584927648],[82.15842558324954,19.26516728805482],[82.18122447440784,19.32338735956474],[82.19412196961564,19.325935318875587],[82.14877795242475,19.352976212484748],[82.14773552608975,19.371818399734696],[82.17883479000417,19.379050751441245],[82.18944309735555,19.427529400665225],[82.17149170766824,19.437187819614703],[82.12614156323973,19.429085723840377],[82.10282099163939,19.46610643384132],[82.10025490937774,19.516589230631126],[82.07602727187522,19.52362589008107],[82.02908189220638,19.507746192690206],[82.05071011235268,19.548818793089662],[82.0398829491962,19.597636139983127],[82.05901786181074,19.628175403574435],[82.04475059567466,19.70887712290431],[82.0655475071214,19.790657880051775],[81.98594945058946,19.80108930929101],[81.96813140849984,19.859894903134865],[81.85315559850376,19.918477976620714],[81.84504624487606,19.957823357275167],[81.86942818832192,20.04126289792831],[81.89528017404585,20.04823780283092],[81.94638149203168,20.1051332186225],[81.99534483926215,20.05356630111373],[82.01767639095236,20.04900191165907],[82.03256137736143,20.01572088221285],[82.07046935405576,20.056947942344088],[82.12678599517915,20.014796341091493],[82.17123489684434,20.00551089421322],[82.18425371438904,19.98418972297248],[82.23712351275026,20.003327552565402],[82.26916945773472,19.975261214469402],[82.303119820727,19.889385562085735],[82.34424298102275,19.83501725447017],[82.39487055378942,19.888015077000357],[82.44599099610156,19.91019177180674],[82.60342963102501,19.866989987828724],[82.57578795366426,19.833394533901085],[82.59181283387078,19.77586272675179],[82.62712747704049,19.793657973855225],[82.65215916311675,19.832165858131138],[82.7113979258686,19.839995369987122],[82.72458445807904,19.875537677861146],[82.7074082020069,19.902040928168187],[82.71544687983456,19.995926707551423],[82.64150663558492,20.006713285792088],[82.5957325430794,19.991570645530764],[82.55010864393824,20.017772518423406],[82.50911247461609,20.018162852223004],[82.39829194301646,20.05817887383084],[82.38579773234306,20.146436516043348],[82.4206182710428,20.204918673319447],[82.41234151205421,20.26704231377816],[82.43781113152076,20.29440765255983],[82.4003790517961,20.34158105634781],[82.41660920735046,20.407652814284727],[82.4378622198404,20.434391195957087],[82.41763350414352,20.48174238620867],[82.39605870888663,20.459571090321354],[82.38969901346097,20.517603215066195],[82.3576491496275,20.529325938860843],[82.33223444598482,20.561906500767453],[82.37649747826909,20.632410243254636],[82.34171494447712,20.76775714799928],[82.35119265678186,20.889740414930316],[82.36460831112832,20.870671890486378],[82.40544822230781,20.870187684477134],[82.41995469741484,20.8315616622417],[82.46448544168196,20.828995984946488],[82.48668141108163,20.86164642613584],[82.48874282147642,20.909402061862583],[82.55914790718859,20.947937533535853],[82.62879176452984,21.038035843084966],[82.61198325923371,21.07469360181978],[82.64990559427721,21.106467732444894],[82.64061012927561,21.154874042718845],[82.7559068405186,21.16643429034116],[82.793678623652,21.142545167869148],[82.80031528649965,21.155946189644887],[82.85088229799823,21.16863235817568],[82.87636400271482,21.163546565656556],[82.88217633657855,21.148430397310797],[82.90210681563515,21.166993638481248],[82.94768330724939,21.16177841086889],[82.94384477018214,21.1778536587645],[82.96493439588878,21.193274945797782],[82.96555901006418,21.175331123761605],[82.98808507548526,21.182812135866847],[82.98056268807355,21.170026229277163],[83.00376430731522,21.166930463365123],[82.99039376661206,21.13980904234744],[83.01599705843522,21.146306639229483],[83.0778130877219,21.111949755416042],[83.13149174834173,21.105814831704283],[83.16691470805061,21.13878817647186],[83.19810382273357,21.145443394761156],[83.22295418741481,21.26576910626814],[83.25059078746575,21.282383384459912],[83.27130469134624,21.272939630349843],[83.27926942887699,21.29495571551268],[83.2573441629311,21.32049944287025],[83.2687283608666,21.378589904447168],[83.37888191491398,21.34455299038382],[83.40674682367887,21.35142459451503],[83.39892706808881,21.405342658153014],[83.35437149244257,21.448070517218465],[83.33788256102008,21.502100216925733],[83.37316219440788,21.558162378991423],[83.36497339446953,21.57607584271532],[83.38268482587719,21.620129854860483],[83.44264908733606,21.655406799290784],[83.45610775068523,21.609996053429786],[83.47355620876776,21.63249458373242],[83.48961200158388,21.631464725201987],[83.41869341273335,21.68065386695479],[83.43164652862582,21.69990517437011],[83.45947709098171,21.6985509462502],[83.48931519702656,21.745392932386135],[83.46939424252064,21.787561998980053],[83.49290607056416,21.818366355317686],[83.54104463984854,21.799313650005192],[83.53187111609063,21.83095898974431],[83.55177030619214,21.84071414331317],[83.57691308967571,21.8312995416072],[83.59088754319835,21.851101343224823],[83.57421175138684,21.87510833912753],[83.60592330804626,21.91411844636202],[83.55672077959477,21.93534507792907],[83.56169152678368,21.948009027415807],[83.53901075745217,21.965988162198514],[83.55615170878977,22.00781751235051],[83.53672064204888,22.0434846178441],[83.54780863689525,22.059152387194896],[83.5867088488486,22.048731164523286],[83.60642423099372,22.06658766300678],[83.56181433745888,22.09891754608169],[83.63037053167493,22.207415758998252],[83.69147301144892,22.244123893672345],[83.75775083364562,22.240339452732282],[83.79484506503556,22.285948248032962],[83.82635937219386,22.292821878213818],[83.83055623254909,22.32340158853364],[83.86426388680158,22.34327541093815],[83.89033477458995,22.33654513712692],[83.92328379687828,22.35841017739107],[84.0102922602893,22.371584391509966],[84.01338564297349,22.39742045328176],[84.0472466801273,22.438233060304494],[84.04724716200273,22.469220904201585],[83.98007204578704,22.50239155924448],[83.99760580620772,22.53102818706052],[84.05971491327114,22.51643182198852],[84.11348994821141,22.47568642292957],[84.14068433605946,22.47391506263886],[84.14092516939955,22.42561895713269],[84.15613272312554,22.407735093035313],[84.19895533110632,22.375814898460817],[84.2514559502963,22.37807794540776],[84.29533489702321,22.34102483677987],[84.42813267438457,22.353265782072885],[84.4349594690193,22.374165212423968],[84.48463004185741,22.388847436353302],[84.48243519364846,22.413273041430948],[84.53620151638268,22.427374491206606],[84.62864814053182,22.434552975295645],[84.66805755326516,22.418064443137244],[84.7497429101619,22.418989039093347],[84.75931545882852,22.44746572397919],[84.81252397188979,22.45293129722292],[84.8385531734862,22.430925671375597],[84.88239470522323,22.448466195093523],[84.8855763786867,22.421079394506595],[84.9102262592303,22.423283169463687],[84.95666837313931,22.458225406651884],[84.95935151083299,22.443053679738906],[85.05967677553438,22.48644517015826],[85.07800349635946,22.477549221603397],[85.06028820891464,22.449559802478227],[85.08652562988759,22.399422793397186],[85.07667016580793,22.35620683326469],[85.09574879846535,22.34474060435905],[85.09073587314072,22.318580377992063],[85.11809583037979,22.317594607115613],[85.1159970279204,22.29409326451613],[85.07061453790794,22.273652221945397],[85.07820346687886,22.2573908583133],[85.05265812187535,22.182456883283255],[85.02909834493161,22.163494244990684],[85.03166550621421,22.13309007964056],[84.98339347564804,22.095524752533493],[84.98694954681866,22.082823007643764],[85.03908939783886,22.115616553931186],[85.09487508768154,22.10835638434565],[85.12006542651828,22.070176816139448],[85.15479887522025,22.078830190017097],[85.17386555122154,22.05137882851091],[85.16761594212907,22.06950563376459],[85.18057088040439,22.073232847759858],[85.23629254666328,22.009803315375514],[85.28130168410866,22.090428146891266],[85.32309224140951,22.127499204977756],[85.36440691591334,22.123714073219315],[85.37106901383004,22.160991709352444],[85.42114551248427,22.15878384306756],[85.54297961526946,22.090473057209817],[85.59718249475361,22.079123699257373],[85.65162369665836,22.09543854780369],[85.68487266047578,22.054226888971442],[85.74939229230716,22.073566311464923],[85.80742544050794,22.11611185181598],[85.83586325899103,22.08015749773826],[85.79343735980402,22.08181011436576],[85.76299343733747,21.99614397285292],[85.82437069751413,21.975448685251084],[85.89576630552538,21.98441332842159],[85.90689305759624,21.970129240491357],[85.9161534698353,22.00877684335763],[85.94359421224496,22.020356166320983],[86.00738430460645,22.117092866067814],[85.99676151532,22.13244801973003],[86.03143202900509,22.190850991620476],[85.97387588303103,22.247078536080565],[86.01425097235537,22.29728709990959],[86.04720588658881,22.308956291867975],[86.01370332666139,22.313069412464497],[86.02671191518093,22.33486399926213],[85.99802444826291,22.341599560651456],[86.02719527552757,22.38621181967675],[86.01500148236885,22.428729387406303],[85.9846131899288,22.43544699295939],[85.957123369168,22.464818738429415],[85.97340341023676,22.50585495898726],[86.0265297528272,22.524021805191143],[86.02402711866158,22.544624570494395],[86.04544360478671,22.567507353938552]]]]}},{"type":"Feature","properties":{"OBJECTID":22,"STATE":"CHANDIGARH","Shape_Leng":62113.0761972,"Shape_Area":111867387.128},"geometry":{"type":"Polygon","coordinates":[[[76.77233453315777,30.79414030764549],[76.78347686351667,30.770567630370618],[76.81864587455443,30.777905569369],[76.8053722114887,30.764973637519926],[76.83579758266617,30.755808385706345],[76.83150076069369,30.73951124638686],[76.84822366306437,30.730296269558092],[76.83188819504363,30.68323024635526],[76.8074634931937,30.666995459431117],[76.73931908024359,30.692855632898624],[76.73109691246191,30.723557735204988],[76.7051833708694,30.742919864313272],[76.71075922860459,30.760976358664635],[76.77233453315777,30.79414030764549]]]}},{"type":"Feature","properties":{"OBJECTID":23,"STATE":"DELHI","Shape_Leng":234859.245926,"Shape_Area":1437689015.21},"geometry":{"type":"Polygon","coordinates":[[[77.08265989172514,28.883499627776047],[77.14031683531778,28.86206011904672],[77.14597063072569,28.837915524694928],[77.17540486138965,28.858322343998037],[77.21423590904202,28.855817619983803],[77.22439340723024,28.82532176561599],[77.21896342105973,28.808238522535156],[77.20130183419374,28.812941432692877],[77.20262547587045,28.792461988568117],[77.23414766775659,28.78371836891459],[77.22186807408269,28.77739078448176],[77.29076729431023,28.722384378139505],[77.29151662065287,28.70615317692658],[77.33107790428596,28.713101667950927],[77.31626515672228,28.641215013948475],[77.34241620427976,28.608884893015738],[77.31339792291823,28.596588045401912],[77.29709446019866,28.56596954237208],[77.34740811049963,28.518385631963955],[77.31410043304082,28.4836065646091],[77.29026575562729,28.496535276798042],[77.2432971106465,28.478819954386392],[77.23292011088765,28.457912107575652],[77.25016300374175,28.426084728124447],[77.21660551508488,28.409727823570417],[77.1744831497835,28.40466759121842],[77.16229597478055,28.42893937429316],[77.12859307438706,28.440932813317477],[77.11077756102489,28.471311989852925],[77.12073213166714,28.495940198226155],[77.09313203271634,28.51410127143355],[77.05894956666558,28.51264171815705],[77.00665308470721,28.541407168926405],[77.01022178247702,28.514347323628144],[76.97810198073134,28.521322273065177],[76.95167256076839,28.504221142944104],[76.90792914614157,28.51380771036986],[76.88544726817571,28.501136168905205],[76.88712639771217,28.52057298231527],[76.84240937592509,28.5563039758443],[76.83953310721951,28.582792344190892],[76.86430941898814,28.585995922000247],[76.88784768508316,28.631664714752464],[76.93456956253571,28.618354408855588],[76.94299476280091,28.62799745469971],[76.92496433415464,28.650146274727035],[76.93533517035976,28.667860723290197],[76.95379990651587,28.667721799529115],[76.96782998803621,28.699628696482197],[76.9481975178091,28.71298797712111],[76.96006046935466,28.7327358782164],[76.94449006221866,28.75407274137082],[76.94835456141176,28.815368755288087],[76.99481415899383,28.839509461371307],[77.04023226319573,28.832063139706992],[77.08265989172514,28.883499627776047]]]}},{"type":"Feature","properties":{"OBJECTID":24,"STATE":"GUJARAT","Shape_Leng":5550302.30254,"Shape_Area":176898811648.0},"geometry":{"type":"MultiPolygon","coordinates":[[[[73.0014004900589,20.215822857384957],[72.9790476581922,20.215579184121765],[72.97922539872951,20.23403464100662],[73.00547749639814,20.231968418085405],[73.0014004900589,20.215822857384957]]],[[[71.17083258846212,20.76506630292572],[71.17043284303645,20.76457375456011],[71.17139413662136,20.765337561222164],[71.17083258846212,20.76506630292572]]],[[[71.17218886901472,20.766201305470045],[71.1723173581089,20.76559454199181],[71.17122519686781,20.76541608374524],[71.17218886901472,20.766201305470045]]],[[[71.17522240062321,20.766707899566317],[71.17622849999363,20.766571600354666],[71.1751311004262,20.76649209944294],[71.17522240062321,20.766707899566317]]],[[[71.2570645911977,20.813344465874803],[71.25422745656068,20.81235195375694],[71.25456159121663,20.813978482577312],[71.2570645911977,20.813344465874803]]],[[[71.26315324621989,20.816335379283565],[71.26078721682492,20.815960322078965],[71.26277440947864,20.816912105169116],[71.26315324621989,20.816335379283565]]],[[[71.27104000873182,20.820361513933513],[71.26936340916446,20.819459001973392],[71.26889402636107,20.82115211700227],[71.27104000873182,20.820361513933513]]],[[[71.3049036108284,20.832541901525016],[71.30313653470994,20.830978590947403],[71.30249762448321,20.831082179759434],[71.3049036108284,20.832541901525016]]],[[[71.30906357755964,20.83289123904006],[71.30798771438567,20.832276687714856],[71.30760823193707,20.832335170825317],[71.30906357755964,20.83289123904006]]],[[[71.30399488723872,20.834375094316655],[71.30317375457207,20.833715365486338],[71.30277010571999,20.833941043168643],[71.30399488723872,20.834375094316655]]],[[[71.45640980075785,20.878492299998015],[71.45722320003456,20.87762909971081],[71.45611100035654,20.87827649978058],[71.45640980075785,20.878492299998015]]],[[[71.53662929961578,20.904114400185822],[71.53638029992321,20.903807300655796],[71.53623090001818,20.903956700280418],[71.53662929961578,20.904114400185822]]],[[[71.53426379981173,20.904014800452853],[71.53480330005075,20.90345039964351],[71.53399819997176,20.903616400160516],[71.53426379981173,20.904014800452853]]],[[[71.53378240002662,20.904047999319953],[71.53341719997316,20.903956700252376],[71.53371600064068,20.90413099984097],[71.53378240002662,20.904047999319953]]],[[[71.5281556027003,20.904770430803424],[71.53243254274169,20.902936267073464],[71.52565642803194,20.903662963770103],[71.5281556027003,20.904770430803424]]],[[[71.5467553000471,20.91365109985066],[71.54673040064554,20.913045200286334],[71.54598340001073,20.913186299910414],[71.5467553000471,20.91365109985066]]],[[[71.54566683236759,20.913933825977214],[71.54475696831165,20.913612142804713],[71.5454211355154,20.914281767149237],[71.54566683236759,20.913933825977214]]],[[[71.51277902362744,20.91107621371896],[71.52449811989214,20.904916183551883],[71.50990634342479,20.90389796476947],[71.51277902362744,20.91107621371896]]],[[[71.5212541124327,20.91310129846027],[71.52021034706532,20.913274359548932],[71.5212643009108,20.913469086617283],[71.5212541124327,20.91310129846027]]],[[[71.67553100021941,20.984475299931404],[71.67514709981972,20.984113900442143],[71.67510230009678,20.984430500435224],[71.67553100021941,20.984475299931404]]],[[[71.67670010005685,20.98809379989064],[71.67509820019279,20.98803569926543],[71.6762625001818,20.98951190011237],[71.67670010005685,20.98809379989064]]],[[[71.68642969989767,20.993902099724785],[71.6852374006112,20.992924999548016],[71.68508660056703,20.992993499522942],[71.68642969989767,20.993902099724785]]],[[[71.6768412002229,20.992210600083606],[71.67555470011342,20.99265050041879],[71.67719470001639,20.99386090065325],[71.6768412002229,20.992210600083606]]],[[[71.71019060012982,20.99748939985498],[71.707343700034,20.997564099683746],[71.7106338000296,20.998152299648886],[71.71019060012982,20.99748939985498]]],[[[71.65737901896561,20.996241364901564],[71.65681604551972,20.99481446268399],[71.65535416374314,20.995081137948095],[71.65737901896561,20.996241364901564]]],[[[71.6981473007856,20.99843560056088],[71.70376640021722,20.997207200245352],[71.69644580008023,20.997406399386257],[71.6981473007856,20.99843560056088]]],[[[71.91521322384905,21.107155534394124],[71.9164836987093,21.107195860857416],[71.91589633848805,21.106423709074217],[71.91521322384905,21.107155534394124]]],[[[72.01218163374934,21.134033041378217],[72.01204283308063,21.132971617684277],[72.01099305366178,21.133612184348085],[72.01218163374934,21.134033041378217]]],[[[72.03503256300544,21.155560550304962],[72.03315029453577,21.15559126022219],[72.03511849273441,21.15688840830786],[72.03503256300544,21.155560550304962]]],[[[72.04718399985727,21.161519999594848],[72.04555200020302,21.16070399989778],[72.04622400017755,21.16199999967919],[72.04718399985727,21.161519999594848]]],[[[72.06798681143925,21.176885441883325],[72.06680717883094,21.176988902474587],[72.06806851279806,21.177246753092536],[72.06798681143925,21.176885441883325]]],[[[72.08374750046613,21.18652799983313],[72.08362719993555,21.18616600003728],[72.0834919999751,21.186399699470147],[72.08374750046613,21.18652799983313]]],[[[72.75273930004415,21.565673300493135],[72.74417089998882,21.5802171001093],[72.77066810031039,21.597352899925987],[72.75561939998913,21.576401199721392],[72.75273930004415,21.565673300493135]]],[[[72.36115810992999,21.595694587897988],[72.35509623010029,21.592485856605304],[72.35031178536259,21.608432136661243],[72.36115810992999,21.595694587897988]]],[[[72.74950947295582,21.656055480883012],[72.74947754207781,21.651725149043052],[72.74840835003026,21.654397118794602],[72.74950947295582,21.656055480883012]]],[[[72.76759591185944,21.657018845686387],[72.8158983730251,21.65284755643484],[72.81977827568221,21.623857980104056],[72.72769795830064,21.585772458199276],[72.70194278711804,21.59207080617938],[72.64220657172488,21.532245340887066],[72.57519465884332,21.532325420922604],[72.58016544137705,21.585712740164002],[72.6004747236841,21.5779326280534],[72.59880227913067,21.54866821021969],[72.61742312629973,21.546973856410556],[72.60695504492944,21.587579026983597],[72.62660387339828,21.628827040721266],[72.67189992939743,21.645324773309067],[72.74001873135863,21.64475884237231],[72.76759591185944,21.657018845686387]]],[[[72.75335473458142,21.65791679038632],[72.75582577731707,21.6546673199531],[72.75062392669209,21.654008801724853],[72.75335473458142,21.65791679038632]]],[[[72.73583629107874,21.654155511365797],[72.72532690283192,21.650726102939068],[72.73701943266292,21.65974726329941],[72.73583629107874,21.654155511365797]]],[[[72.74102746969945,21.655226192632103],[72.74627706739618,21.656229335309856],[72.74038485442293,21.64729840068252],[72.74102746969945,21.655226192632103]]],[[[72.7458572131989,21.659347140378156],[72.74345898300592,21.66051750292449],[72.74728571474509,21.661178910198373],[72.7458572131989,21.659347140378156]]],[[[72.73398777498251,21.66492817360346],[72.72417049301,21.65260722078081],[72.71515221501909,21.65951620633257],[72.72993879763762,21.661894733429826],[72.73398777498251,21.66492817360346]]],[[[72.72483826117329,21.67035589413032],[72.72844779465608,21.662414941961366],[72.71670193286202,21.66352522285782],[72.72483826117329,21.67035589413032]]],[[[69.32411493204556,22.30341397945598],[69.32461000134151,22.303089025202617],[69.32380937592862,22.30306623362775],[69.32411493204556,22.30341397945598]]],[[[69.31032859998886,22.305212500534452],[69.31007960022457,22.30503819932066],[69.31022070040123,22.305328700106514],[69.31032859998886,22.305212500534452]]],[[[69.32852220082727,22.33652839942372],[69.32757600051718,22.33656159974858],[69.32802419989919,22.337192399451503],[69.32852220082727,22.33652839942372]]],[[[69.44150283122755,22.356914028465294],[69.45899490060526,22.35211948888525],[69.43828297220202,22.353853930122593],[69.44150283122755,22.356914028465294]]],[[[69.55001280183073,22.374244573124276],[69.54871731118524,22.37282622858772],[69.54608445028067,22.375592900164197],[69.55001280183073,22.374244573124276]]],[[[69.48200717063345,22.38810623524585],[69.48524126519307,22.38857816418371],[69.47736935382616,22.38683148212061],[69.47871534198644,22.388243931013015],[69.48200717063345,22.38810623524585]]],[[[69.18301489942012,22.36687320003065],[69.18518950030172,22.36670720007726],[69.18491560053374,22.364183999554538],[69.18301489942012,22.36687320003065]]],[[[69.19480090016495,22.374152299507276],[69.19447720003996,22.36807669979699],[69.19092480013138,22.369811399998163],[69.19480090016495,22.374152299507276]]],[[[69.33512561643165,22.38662407776779],[69.33269586148808,22.372817133938074],[69.3233596415718,22.38129129127054],[69.33512561643165,22.38662407776779]]],[[[69.48448874073237,22.39481878142363],[69.47615225660638,22.38903121376732],[69.47888769157221,22.39795161889963],[69.48448874073237,22.39481878142363]]],[[[69.21711959975909,22.382726200489525],[69.2166465002901,22.382585099605013],[69.21682080054069,22.382917100222326],[69.21711959975909,22.382726200489525]]],[[[69.21482049984432,22.383763700347316],[69.21384940058658,22.382726199916764],[69.2129613003625,22.384527299723768],[69.21482049984432,22.383763700347316]]],[[[69.20097609932756,22.38634500058694],[69.20032039984991,22.387208200399005],[69.20185589979714,22.387008999916127],[69.20097609932756,22.38634500058694]]],[[[69.20523400017969,22.389706499294697],[69.20509289943915,22.389590299587063],[69.20503480035224,22.389706499831462],[69.20523400017969,22.389706499294697]]],[[[69.20408860019802,22.389731399601413],[69.20359060047274,22.389673299723782],[69.2035241999825,22.38985590004534],[69.20408860019802,22.389731399601413]]],[[[69.20601420017441,22.39638800016274],[69.20534190030382,22.395665899688737],[69.20593120005134,22.39690259995336],[69.20601420017441,22.39638800016274]]],[[[69.20948359992397,22.40015619981291],[69.2094171996922,22.39997359943242],[69.20940060015695,22.400172799317055],[69.20948359992397,22.40015619981291]]],[[[69.2084294994498,22.401442700034917],[69.20864530055108,22.401127299824207],[69.20832160042336,22.401260100616398],[69.2084294994498,22.401442700034917]]],[[[69.20686080011694,22.403733499861133],[69.20823030012417,22.40286199995825],[69.20843780055009,22.4023058999851],[69.20694380005396,22.403086099656207],[69.20686080011694,22.403733499861133]]],[[[69.20595610018563,22.40501170040022],[69.20555770006193,22.40477930000641],[69.20574030015052,22.405235800610022],[69.20595610018563,22.40501170040022]]],[[[69.27841509963213,22.417171200416874],[69.28046519982003,22.415926200039852],[69.27817440049755,22.416009200014052],[69.27841509963213,22.417171200416874]]],[[[69.73759281597093,22.449226017159532],[69.73690983249247,22.44888017086767],[69.73611280222475,22.449370534458684],[69.73759281597093,22.449226017159532]]],[[[69.73843885843438,22.44835709686455],[69.73562531953763,22.448281235407087],[69.7351892848425,22.449225780622903],[69.73843885843438,22.44835709686455]]],[[[69.50458740203622,22.434401772014844],[69.55128209255633,22.407653881571825],[69.55344012781117,22.394032176208263],[69.54130106890887,22.394148333783725],[69.55796923872144,22.37591416413895],[69.54084301099721,22.380552566205605],[69.51879696693166,22.37243029952222],[69.50458740203622,22.434401772014844]]],[[[69.27731950005112,22.41858220053913],[69.27796690010389,22.41925449991131],[69.2779336999829,22.41867349966866],[69.27731950005112,22.41858220053913]]],[[[69.16735399984351,22.412094999534723],[69.16604000056428,22.41143799955312],[69.16574800020248,22.413263000101086],[69.16735399984351,22.412094999534723]]],[[[69.62892829229315,22.458851759430374],[69.65680687878735,22.426941957316313],[69.63649788126762,22.405715812472064],[69.59034686796859,22.430723935355445],[69.62892829229315,22.458851759430374]]],[[[69.0718613006181,22.42977889984194],[69.07157079961958,22.42977890022025],[69.07167869994146,22.42992829978698],[69.0718613006181,22.42977889984194]]],[[[69.05321119951803,22.43033499946404],[69.0527713003283,22.430094300306024],[69.05276299960214,22.430326699973943],[69.05321119951803,22.43033499946404]]],[[[69.11054760016084,22.43693349995043],[69.11032350043682,22.436717699953967],[69.11022390077343,22.436833899486373],[69.11054760016084,22.43693349995043]]],[[[69.06917209997472,22.438278100358552],[69.06885669984719,22.43797930025058],[69.06913059936053,22.43830299951057],[69.06917209997472,22.438278100358552]]],[[[69.80441849925184,22.492343899845874],[69.79993550041122,22.492511800206696],[69.80403549986336,22.493376799788656],[69.80441849925184,22.492343899845874]]],[[[69.30446614009814,22.47256342925075],[69.30455936461465,22.47069864546075],[69.30374250200423,22.472138662189703],[69.30446614009814,22.47256342925075]]],[[[69.29171139470998,22.458718146606678],[69.31663640029426,22.472405570124344],[69.32713961368103,22.45926054276105],[69.31118022172123,22.45119090020449],[69.29171139470998,22.458718146606678]]],[[[69.94505719970138,22.53119189969536],[69.94507449941611,22.529667900065846],[69.9431065995684,22.530989800420926],[69.94505719970138,22.53119189969536]]],[[[69.13751797096226,22.476216259275716],[69.15023620623239,22.46884110063126],[69.14473636418018,22.45044921681406],[69.14205931550917,22.463071699087166],[69.11542192078872,22.466788147176334],[69.10833886076381,22.436969205298265],[69.08579256854512,22.42095701412709],[69.09397292146357,22.460910696322888],[69.13751797096226,22.476216259275716]]],[[[69.9445613994661,22.525366899482247],[69.9329467996112,22.51927650045305],[69.938367899168,22.532313099918824],[69.9445613994661,22.525366899482247]]],[[[69.92835929368748,22.530825018471923],[69.93373200929081,22.524185661627122],[69.92922115195148,22.52257541004455],[69.92835929368748,22.530825018471923]]],[[[69.95681299993493,22.53494119982821],[69.95436789954346,22.534399500355892],[69.95732350034959,22.53600050008794],[69.95681299993493,22.53494119982821]]],[[[69.93283090005069,22.54063049975122],[69.93104329982023,22.538666999539025],[69.93038729964913,22.539209099774162],[69.93283090005069,22.54063049975122]]],[[[69.96389599999864,22.542153800050237],[69.96017830050559,22.543815699831597],[69.96398729945653,22.54235690011903],[69.96389599999864,22.542153800050237]]],[[[70.04016152277015,22.552843960585534],[70.0593730246313,22.537434404493418],[70.04610808248286,22.523616569197277],[70.04016152277015,22.552843960585534]]],[[[70.02421449955294,22.55271189985919],[70.0173117008354,22.548044600229883],[70.01206430019616,22.549699199727492],[70.02421449955294,22.55271189985919]]],[[[69.08675149975954,22.48704889986152],[69.08648590033481,22.488244100217077],[69.08827039969266,22.489671700293023],[69.08675149975954,22.48704889986152]]],[[[70.0118662995625,22.554374299567503],[70.00506999931781,22.549933799750054],[69.99642109944841,22.549256700694297],[70.0118662995625,22.554374299567503]]],[[[69.93130119982631,22.54373009999851],[69.919086299364,22.5425498995135],[69.93470540024701,22.535041300433704],[69.9165293000039,22.53144219959648],[69.93059570027425,22.519768700043148],[69.91866449999335,22.513359599776276],[69.86366559934459,22.52821869976653],[69.89097860039385,22.524410600632013],[69.91325470003426,22.547733899979132],[69.93130119982631,22.54373009999851]]],[[[69.93992719933978,22.548670599836964],[69.95362989971855,22.538621099939956],[69.94208969990923,22.537408299917704],[69.93992719933978,22.548670599836964]]],[[[70.0243387001612,22.55612380020554],[70.01619389921018,22.557399300557243],[70.02512640054194,22.558879399789237],[70.0243387001612,22.55612380020554]]],[[[70.04613420007783,22.569586900265136],[70.03918560044168,22.564599799440384],[70.04517589969865,22.57136169979673],[70.04613420007783,22.569586900265136]]],[[[69.40398580002068,22.52817540001],[69.40303960064787,22.527727200474363],[69.40367870064324,22.528698299837362],[69.40398580002068,22.52817540001]]],[[[69.32389972089828,22.526550162007187],[69.35414530888906,22.52387016698155],[69.36346300550358,22.512199150931508],[69.3359972478299,22.50695743267773],[69.32389972089828,22.526550162007187]]],[[[69.93359508394417,22.578413345737754],[69.93204886267172,22.57825141660961],[69.93284652810996,22.578996171116827],[69.93359508394417,22.578413345737754]]],[[[70.04692822681345,22.59385249893982],[70.04497507745573,22.59434314718866],[70.04706896531484,22.594724243344444],[70.04692822681345,22.59385249893982]]],[[[70.01194630050246,22.589192400744828],[70.02289570026149,22.565299999240203],[70.00419389951713,22.55465669963995],[70.00491150001818,22.568561300551938],[70.00094809948641,22.57230820001662],[70.00205519982222,22.55376300015858],[69.99816060026478,22.563753299480226],[70.00022849967681,22.55390080005877],[69.9752026004451,22.54673489985202],[69.97830340020877,22.548544599960145],[69.98080589974975,22.55603750030336],[69.97580029921988,22.563397599617648],[69.97730079929258,22.548646899932177],[69.96216819981963,22.547573799777897],[69.97263380023003,22.55235010020694],[69.9686989000679,22.558655700128966],[69.95978140021941,22.549472000505993],[69.96550760016281,22.574716799830018],[70.01194630050246,22.589192400744828]]],[[[69.96247269975285,22.599534299610752],[69.96063090028838,22.598601799358388],[69.96180989988343,22.600283600658035],[69.96247269975285,22.599534299610752]]],[[[69.95402679966983,22.603058000445593],[69.95869139978242,22.602211400368233],[69.9631651000706,22.600385399797503],[69.96336909996512,22.59894020059194],[69.9619034992998,22.596509300587964],[69.96275650016202,22.60031049952525],[69.95453690040354,22.60270440013096],[69.95182730011014,22.598410000201312],[69.95402679966983,22.603058000445593]]],[[[70.45243856000656,22.98747427666959],[70.4297382450556,22.975988852700745],[70.45631673495956,22.997667022297566],[70.45243856000656,22.98747427666959]]],[[[70.13234888542169,22.983079675160923],[70.12911577251919,22.981928464081868],[70.13149561030511,22.985319080719965],[70.13234888542169,22.983079675160923]]],[[[70.45340860262681,23.044922677407676],[70.45077844741358,23.043890070166363],[70.45299951446046,23.04615099966672],[70.45340860262681,23.044922677407676]]],[[[70.45742750852462,23.035272254608927],[70.44832964559951,23.026635195791165],[70.45962540096141,23.04720399022447],[70.45742750852462,23.035272254608927]]],[[[70.4214988096545,23.03507494608251],[70.44195932573587,23.046652790016765],[70.4167533739964,23.02303502092363],[70.4214988096545,23.03507494608251]]],[[[70.41346965559372,22.986667141534323],[70.41558087858894,23.017152372392786],[70.44932771697653,23.04939002451936],[70.43120906214303,23.006243879400454],[70.41346965559372,22.986667141534323]]],[[[70.45971862642892,23.055642376745915],[70.45847819365446,23.05384159839629],[70.45748798230233,23.05421234571179],[70.45971862642892,23.055642376745915]]],[[[70.46955655256215,23.05824182598803],[70.46391530581144,23.056701052406737],[70.47013275694596,23.058932239672924],[70.46955655256215,23.05824182598803]]],[[[70.47973317086694,23.05672282467732],[70.46252608648301,23.051279398950772],[70.48344122222353,23.062720591731143],[70.47973317086694,23.05672282467732]]],[[[70.25646397388994,23.173774695929776],[70.25780887608623,23.170642319102406],[70.25661994222335,23.170621012886176],[70.25646397388994,23.173774695929776]]],[[[70.24956959636859,23.17697739923559],[70.25598859030697,23.175382977242123],[70.25260889695744,23.170874970213696],[70.24956959636859,23.17697739923559]]],[[[68.5292411392639,23.688646044953188],[68.5298092227202,23.67568511620725],[68.53856712022743,23.685644720069885],[68.54742652824599,23.674954379307373],[68.52869775901623,23.67399592071193],[68.52204239948662,23.65347752016754],[68.5292411392639,23.688646044953188]]],[[[71.28662427232297,24.616606867298486],[71.34816852381533,24.660935404849724],[71.35863893366876,24.630751729289013],[71.37780447619686,24.6259676067976],[71.44772392748762,24.66838548918097],[71.52890198609045,24.68470385363214],[71.5729960070418,24.683416165272117],[71.58975333799533,24.667157032383017],[71.6075995128294,24.67655363216608],[71.65536604646064,24.639188869521355],[71.7915287807319,24.677338599557135],[71.81038561312668,24.656064279920052],[71.80589954976372,24.626750871448806],[71.85216726110689,24.609362613451765],[71.87175129847469,24.681766680407314],[71.9186119236912,24.672113622290365],[71.91544280584228,24.64951303958329],[71.93987304023726,24.633804578687446],[71.98829642817363,24.657532524796412],[71.99383487748358,24.695061768224267],[72.06132921601603,24.712108768888985],[72.08519862058826,24.70641108804683],[72.08981676634431,24.658695079553272],[72.1245705107371,24.63860258440048],[72.15025728466271,24.64366945126843],[72.16480966135518,24.621276722776127],[72.1965718047117,24.614719426945115],[72.23036762902159,24.64060954228184],[72.3049851279058,24.61754576235124],[72.34733443819422,24.628455974265744],[72.33558553734635,24.59858430123141],[72.2763436901565,24.607526910967657],[72.24639573599018,24.585607133149058],[72.29543500520852,24.546625793813938],[72.32899109295963,24.552408371709678],[72.33093497156945,24.569305006840207],[72.35372978792559,24.563761948973227],[72.3885790676574,24.5076799274471],[72.4163297675659,24.521171707575096],[72.44108063385582,24.51532606852471],[72.43021761970566,24.48017440061297],[72.45724301288816,24.414798729492272],[72.50042389235071,24.41705461129533],[72.49319275086494,24.45908386167329],[72.53824382351151,24.51968209471492],[72.57594281443033,24.478854709538442],[72.68335799608167,24.46387720493977],[72.68914572836027,24.41173228184266],[72.73086080373666,24.364301029187292],[72.84976014048516,24.372041379773403],[72.91072688335734,24.337211930101272],[72.97511690261062,24.36879972438074],[72.95360527437488,24.392331272961503],[72.98121427108539,24.43438135088486],[72.96796309793525,24.45090730988829],[72.99100714964649,24.47760113046408],[73.03522840691471,24.463847149584495],[73.0878805724318,24.49765222385856],[73.10282872216509,24.433008543498406],[73.07650293825789,24.39660070367858],[73.15257023745204,24.35384277154168],[73.19918824652703,24.376510358741704],[73.21926204421315,24.36389544851513],[73.19856569156453,24.33193331413959],[73.17634880740901,24.33787874626333],[73.169220863017,24.300304947138645],[73.13543796613224,24.308432401571583],[73.06545051637238,24.193895686986195],[73.12521954225355,24.124860890634917],[73.212647882067,24.07585031132945],[73.19314122111827,24.040996060635734],[73.24279151250724,24.002281941053923],[73.31738547069847,24.053207152258693],[73.32700553580447,24.109224126264333],[73.36199341446681,24.104662321125407],[73.36086949523977,24.081282494918703],[73.40254798617968,24.044298832639377],[73.39787929846989,23.98951030197441],[73.4149572100418,23.985780507316786],[73.42082620817351,23.930824829338484],[73.38746024481222,23.915906224434273],[73.36112328396118,23.872699809794078],[73.36791208468819,23.81423441805813],[73.35184395379211,23.791396262300772],[73.37077148256775,23.76525827869203],[73.40024792363958,23.785056583823224],[73.41801571134273,23.776807140155988],[73.47351839935806,23.705232622147914],[73.50739416834092,23.703042673980693],[73.49660525033899,23.649156995173072],[73.50877367284495,23.644387253316786],[73.4937654768134,23.632338333941817],[73.52308171679726,23.606900250003235],[73.57265586293191,23.65376627188684],[73.61548049831018,23.652116178237357],[73.65565542756967,23.621288519277908],[73.63306774522172,23.528685903443098],[73.65636475642847,23.507457514189444],[73.62720945755339,23.44857133821049],[73.64745595429105,23.436452167685346],[73.69739915180945,23.456671344558842],[73.7208055721983,23.41013459257765],[73.7557306878993,23.45432266867355],[73.78627736104028,23.430225282702164],[73.82870546414877,23.44769257606534],[73.89192593316558,23.334111787923437],[73.93565696230303,23.33973047470337],[73.93800771928692,23.3679377422227],[73.95749830849402,23.379544868812477],[73.97553432231288,23.37151599620936],[73.981395448563,23.33813909879218],[74.02865472737906,23.33167217650868],[74.03306736996672,23.305990334871655],[74.04485577887347,23.308809388063093],[74.03816386000615,23.29344657218355],[74.10057907829074,23.293811314901063],[74.13264018757619,23.266191221519207],[74.12147561851371,23.176193231968494],[74.17887766025135,23.147279369070713],[74.20121409123166,23.189303280068806],[74.24079861701709,23.18469164896699],[74.2871215546303,23.11712178025609],[74.27889032857692,23.092185379027857],[74.31133494999717,23.074192159049726],[74.32192670250294,23.041222576467955],[74.34638471390056,23.025310027631836],[74.3654647513702,22.97589618157668],[74.3394951685314,22.952888925906905],[74.3934081513121,22.896602878237506],[74.41847834114667,22.917041754637886],[74.44683278379867,22.921081157274994],[74.46076389173612,22.906842791409076],[74.47604152940329,22.853095976554787],[74.46477297319123,22.816391002059962],[74.4337834320011,22.80789934475245],[74.37906031342366,22.634433388408763],[74.26355658680781,22.643972394501983],[74.21003311338356,22.564258907198287],[74.18329549646589,22.566488043446416],[74.18951224373308,22.553599175424818],[74.1506681417639,22.52126770711251],[74.07463853097606,22.55140185431412],[74.03789415255339,22.5345131977129],[74.03339314952373,22.489896935271442],[74.05436918890491,22.509556432919783],[74.08251701984558,22.50678461796466],[74.0753250248399,22.464295363462714],[74.10415265741435,22.464527113818413],[74.0997460864293,22.4380400848264],[74.11911208773995,22.418761461752712],[74.14920960028056,22.45565830818268],[74.16044883934892,22.431210508463998],[74.18412587579331,22.44153883316733],[74.19340083342715,22.475476275553817],[74.2016226677529,22.43451000086534],[74.2527856694089,22.432947680343094],[74.29117835714545,22.394012421652057],[74.25673504713333,22.399652290260697],[74.24329440769252,22.3760522438481],[74.22370730452994,22.379944166894095],[74.2238798311043,22.35636514292176],[74.204041380884,22.36670728489944],[74.19033380712263,22.32025991264361],[74.1278608677537,22.332735857158056],[74.10507335924346,22.371814992872743],[74.06476597121181,22.354606558184862],[74.07156887799918,22.335987708427428],[74.05237951978683,22.29409158728745],[74.08718277238575,22.24279482561086],[74.07217451893878,22.219157194746344],[74.12232888136172,22.212396768365867],[74.12144213007294,22.167400711671732],[74.13385680619152,22.160541413253558],[74.12446179332305,22.09790799459374],[74.15255727470472,22.10600615603302],[74.1786530253256,22.085476711608464],[74.13140733702674,22.04783121118447],[74.14014938403892,22.040321321647035],[74.09214185726987,22.014833661445103],[74.0980064897701,21.998314223981197],[74.15059495361884,21.986590692706944],[74.14647216734195,21.946721742416532],[74.04789500699528,21.92499989713372],[73.9209637818584,21.861026140034223],[73.86975580093751,21.84107402326135],[73.81386322041199,21.839789865196618],[73.79595148799592,21.82472740957107],[73.82743001696697,21.80990986255913],[73.83816065448708,21.788747840868986],[73.82486471487603,21.759555345090025],[73.89181647046085,21.69214843745489],[73.8880148603441,21.653246096192017],[73.7805149338587,21.628592071775756],[73.81413059989286,21.60109319637212],[73.85355659015525,21.49746588956799],[73.90422763033607,21.524509230974218],[73.95175415886646,21.512694012805678],[73.95507552824611,21.54083020169747],[73.98227009437409,21.522598038263776],[73.97418615520503,21.543276273707775],[73.99741860936157,21.53901129941756],[74.00583847896705,21.552755804011383],[74.13696351785167,21.54686344109458],[74.16674144445544,21.56904272589077],[74.19584492691183,21.53206256000322],[74.22900773528005,21.554462593588205],[74.23621739729592,21.539703098766555],[74.26317714320714,21.539847233176197],[74.27672092047953,21.562253964391832],[74.30245845818922,21.566358847442643],[74.3032389245715,21.55223269653103],[74.33116030251358,21.552424613594397],[74.32078812886307,21.498496916183274],[74.25356113576159,21.467741786122712],[74.21415740272433,21.48168204004338],[74.19782423307092,21.458748542787244],[74.16122114978063,21.46889539102466],[74.13584419803668,21.456119925164447],[74.12517870359528,21.46665288033792],[74.10071375354534,21.44763123246996],[74.06293158039512,21.474549422392197],[74.04462436071434,21.419193911486673],[74.00261829267328,21.421413456615888],[73.95947419315237,21.395427938203568],[73.93893230393387,21.40501978937562],[73.94217173560298,21.299270528201347],[73.8796131191102,21.265957020996233],[73.8228734657824,21.27085832083192],[73.81576154634563,21.173960261782526],[73.78470072244893,21.183985727524743],[73.77230552407606,21.164636920265934],[73.740086881983,21.1711165859985],[73.7332096928487,21.14235449833524],[73.71897392350708,21.139757477249066],[73.6674920724188,21.15463164884147],[73.6346398144035,21.14088135628707],[73.60779225600135,21.158981028131976],[73.60645164216496,21.178756293478013],[73.57742059352134,21.170753093982412],[73.5785195787363,21.150481251042105],[73.59879012023082,21.15663163072249],[73.61763322181132,21.142697032496784],[73.61846190664004,21.11845530286255],[73.64638204216887,21.121249178610928],[73.65189993165713,21.107596514774478],[73.68894883440211,21.100794232256252],[73.70314521992236,21.11864886956309],[73.72967501682521,21.099870383869202],[73.74375858227046,21.11517920278778],[73.7299321311178,21.082434000441925],[73.78032627246432,21.064526577322578],[73.80774103758782,21.08489308922785],[73.80012721797112,21.0387633218739],[73.869022561717,20.985264769666983],[73.90129759322264,20.982304573540315],[73.90797625087417,20.959736546809015],[73.89231190124023,20.95571067280732],[73.88819919241959,20.933591288307593],[73.91753820300737,20.907781242237938],[73.92372418784117,20.851377786976553],[73.9403324629121,20.83945400099919],[73.93186149207033,20.760622976077002],[73.94266122069703,20.742083694145567],[73.91732663049004,20.724849177487926],[73.87442112294735,20.729533515709374],[73.85517076160812,20.69225128205777],[73.83543826900976,20.70210240351088],[73.81185203884922,20.692033435693165],[73.83909090244181,20.65877452289572],[73.83839439358911,20.62046312320324],[73.77539284381311,20.60022410697926],[73.74456137904562,20.56491838082022],[73.69537703201217,20.578372712410527],[73.65268255862885,20.564872467460773],[73.59951497861061,20.63690312695416],[73.55079944895392,20.648559477393526],[73.52048953037583,20.678847937188323],[73.48923489356962,20.655733594998356],[73.47464810384226,20.72038787380408],[73.44918133873774,20.71718092936942],[73.44429722839577,20.681102957699174],[73.39255972305003,20.645104041249205],[73.42112018772436,20.6258682814971],[73.42957612725218,20.59520486092471],[73.4731530962597,20.5846352871504],[73.47529831374365,20.543328186663192],[73.4936242443206,20.538068466618352],[73.46986591270606,20.520307169358738],[73.41957410564846,20.41306659524629],[73.3797679802838,20.39350323547636],[73.38272696162386,20.37306195050235],[73.40450690870128,20.386098168785352],[73.41266720591538,20.360881639870858],[73.42770046481428,20.28011963942327],[73.41215024364678,20.265513150227275],[73.42121134798674,20.20658601574094],[73.38930254884784,20.192621692753075],[73.3824971494902,20.21172992928338],[73.36475366805148,20.195584808063813],[73.35649961142798,20.21300288282868],[73.34383558490187,20.19938286029562],[73.29906433289013,20.209169909962803],[73.28305019555343,20.19805228547443],[73.27922546657803,20.150144173092784],[73.24925218930683,20.12233114700238],[73.22495233273794,20.123802626936428],[73.22568411706631,20.14014856944792],[73.21057221908274,20.120486574909535],[73.18776031895737,20.128600559621177],[73.18967159571595,20.164261827462532],[73.20553784895728,20.16417449265277],[73.21772181670417,20.185927399509684],[73.17794750986529,20.192641831222137],[73.16829082759409,20.208231136331904],[73.1329910047298,20.205767555125696],[73.14187075696448,20.17736352509003],[73.11506201811011,20.15189053654946],[73.07928216793886,20.173239099195033],[73.0735800393101,20.155621157292593],[73.06023621747984,20.16189431430628],[73.04880485323949,20.200859165320527],[73.06364650360258,20.227758802067253],[73.09774470716108,20.229297558543678],[73.1458476413512,20.28858106982555],[73.16630416542282,20.287874188083077],[73.16573037175024,20.310431765460766],[73.15078107373257,20.318339355440386],[73.10280663653641,20.301776493134508],[73.11125489564972,20.337772789019336],[73.09580432161832,20.36132791117146],[73.07717279089788,20.32348055045998],[73.04174094765958,20.325988146212904],[73.03429242012467,20.291630363241804],[73.01532095971281,20.294015670506415],[73.01669429600875,20.310369207904234],[73.00615238396465,20.312797059298347],[73.01004604439328,20.291208895015938],[72.98117242489663,20.28926521554984],[72.97119254745706,20.269060524847347],[72.93794993054621,20.294387562079894],[72.9123913595283,20.275350502711188],[72.93064431801078,20.244409908928887],[72.9649060474327,20.22674335101105],[72.9624965363305,20.20965369029921],[72.85873660058643,20.224742458572475],[72.86118475058248,20.20761056365299],[72.83903163350288,20.20912654263538],[72.83695244839873,20.188456902559356],[72.81603607031721,20.184444407951208],[72.82446987721094,20.14202171454488],[72.78862388746388,20.149323770945976],[72.79411363328744,20.123340564396425],[72.7400023545723,20.134813220733708],[72.74241779730126,20.241200408078768],[72.77881125714958,20.33499906472655],[72.83594402612626,20.373315367256232],[72.89658871766997,20.37986821324179],[72.88275834859274,20.39784983289743],[72.90404537369345,20.414977031853542],[72.85724967579425,20.419782084317077],[72.87484325924929,20.44557485842414],[72.89532239809905,20.444307912187096],[72.88654674070291,20.462333963682852],[72.85812432978771,20.46563655641105],[72.88593742017427,20.497677181813227],[72.89788607393695,20.58663469799226],[72.85293687736261,20.756805745604098],[72.82021273458018,20.79379837026198],[72.83923622085725,20.805248422485512],[72.78017427692956,20.921150922764124],[72.8199764124842,20.927503695034506],[72.8203662007517,20.95229978808566],[72.75465206581876,20.93865886034668],[72.72215695480116,21.03773327939122],[72.72617841528587,21.061030184301373],[72.74893359944582,21.05722408037808],[72.74118841245428,21.074457118089317],[72.70990942497198,21.07983493955084],[72.7024714920405,21.09615910061745],[72.68478788044793,21.082973677540917],[72.66982347746544,21.115038353673796],[72.64153890026235,21.085153062188795],[72.61989833420887,21.10074840720484],[72.63805831900252,21.2111079093116],[72.65735441892967,21.22465191496137],[72.62225692862893,21.24259340640955],[72.60034101131605,21.28986997820453],[72.60116760118844,21.388624229180458],[72.67933389970592,21.439955434570823],[72.68730213639948,21.452444538424032],[72.61312130104086,21.40010972181551],[72.57957706264192,21.413856435601783],[72.65582446361682,21.46917092252777],[72.70283033945948,21.525668795093313],[72.74999998147986,21.52751896994979],[72.77022324076061,21.562515464279283],[72.76006327392834,21.56033232840805],[72.75445383873958,21.566275630055557],[72.80224034170475,21.58721331313818],[72.83014570121261,21.628448991527424],[72.8284574925701,21.65091484045514],[72.86790648887866,21.64221722379052],[72.87723776745474,21.672558608724266],[72.96297828549518,21.674034656587928],[72.8619065680901,21.687591180570724],[72.80129464704721,21.657685176117102],[72.73808078293939,21.690970059599444],[72.71291031626161,21.67958336435782],[72.60809172258266,21.68805508595875],[72.54355212668125,21.66050725634195],[72.53247146896112,21.71810149760978],[72.54589585566633,21.735015868776017],[72.60717422348473,21.753050573730047],[72.61004497816816,21.79017976269725],[72.59302452050237,21.804915109445226],[72.62043153298055,21.82992539332295],[72.61033234142451,21.839683135441565],[72.62335263662237,21.883751333689066],[72.6481698731675,21.897309763449684],[72.69126520222947,21.882581341024547],[72.69190307742035,21.941874948567325],[72.71941253595348,21.93922411545741],[72.74828854445008,21.96746291340424],[72.72522339688875,21.996465984953826],[72.70780615112545,21.953397868334747],[72.63998974124115,21.956825762779808],[72.54536124952934,21.910988737933177],[72.52796675578857,21.937016221389364],[72.54785929479023,21.964388748164893],[72.53054446341523,21.95507532324872],[72.5258942453071,21.959872578632716],[72.53976175301905,21.96175418784365],[72.5281350316404,21.98226191128377],[72.54854345340186,21.991051215466733],[72.54316391576076,22.1263425948409],[72.58095837647605,22.199154521311428],[72.64996108179221,22.215462979189155],[72.65952980293478,22.199426990407375],[72.78268456548317,22.157569291561554],[72.78275586932023,22.19286689640119],[72.85379973759319,22.238852218363157],[72.84921907404535,22.27494792815144],[72.69895634161172,22.199905674225516],[72.62417667637419,22.233910530418292],[72.5437345292134,22.223072064858087],[72.30003250560925,22.03336920435427],[72.26886893768452,21.970603034285528],[72.21166860107763,21.962067029315072],[72.20419536314078,21.891069329571277],[72.24245950512294,21.829811416793518],[72.23548003693422,21.812038888121194],[72.20282372341215,21.819055414831595],[72.28284355258205,21.69695816344648],[72.30612665312485,21.62600920785946],[72.26995725936608,21.572642105773983],[72.23535452519022,21.456008320813023],[72.10784189927176,21.302474603295384],[72.0826664988485,21.24513505087998],[72.11205342353334,21.198630700662875],[72.08766895357874,21.191884688723786],[72.01779218852556,21.153911487718222],[72.01022954580631,21.13467008453527],[71.9965979160862,21.14190705444292],[71.97390346058522,21.12223200040555],[71.89833422269584,21.109941461412305],[71.87896920100846,21.088753320973854],[71.8130782236746,21.06746765675142],[71.79763059472329,21.055218565189243],[71.80585534798648,21.038061182889468],[71.7166791908609,21.020751908415924],[71.68191229773697,20.99654828589803],[71.67700642283097,21.001747368250246],[71.64708260470485,20.99420334194191],[71.63677115713197,20.980710438914144],[71.64771159356525,20.974650854660887],[71.61714827713945,20.966986520818644],[71.6074925646543,20.97795987781315],[71.61072965972778,20.966213924974177],[71.56558329629212,20.94895187674887],[71.51665436501166,20.9481165496312],[71.50666799242825,20.918769037693117],[71.43998249000911,20.86952080314824],[71.37992096776043,20.874261983675268],[71.38406653326373,20.856757263673156],[71.32172641396195,20.846647211278064],[71.20916499059571,20.80085498123176],[71.14639149260091,20.771343404289237],[71.14584860637201,20.75779628180354],[71.08651057344801,20.75554931530563],[71.07182135925122,20.73458550720014],[70.99948596735847,20.742228687292968],[70.98100716098205,20.72268634458879],[70.91949278565228,20.743095342273914],[70.87806508301928,20.728536700030713],[70.87300542485727,20.704478871043985],[70.82179118615639,20.69136211449088],[70.43771951390981,20.852898943171482],[70.18135265611922,21.036056770344416],[70.04767670571722,21.156947488051856],[69.61596368678944,21.624551772483628],[69.56618522938864,21.651500898253325],[69.21655217537297,21.95750826387496],[68.9811977708463,22.2122974137712],[68.97375680082803,22.236539527661133],[68.95822020435764,22.238098219226224],[68.93575780234615,22.311825992814253],[68.97713226874876,22.403551465756436],[68.98177477906728,22.40159743294357],[68.99637415486016,22.401599865236808],[69.00000000114767,22.40409847288667],[68.98064699472494,22.402311991190718],[68.98447740116355,22.413435116375826],[69.06811613922834,22.48138488176633],[69.08362199316751,22.474589505064195],[69.04971037581309,22.437764618125367],[69.0394667633774,22.445710929642413],[69.0356449325853,22.39019355189273],[69.08184542878014,22.388202815552045],[69.11049032463424,22.409944267054588],[69.12797693770882,22.39510748516352],[69.12116961448042,22.375637591527948],[69.13832015617719,22.401541190755623],[69.16350344870213,22.404246162549178],[69.17548036864946,22.42286829155717],[69.19473638319184,22.4219127394121],[69.18765635758353,22.402612858205597],[69.19979931620497,22.39066463818146],[69.16794666371618,22.373518320392854],[69.18093234719886,22.37065613568542],[69.17539430934627,22.347882739684085],[69.16335660584525,22.348613089663644],[69.15394066325003,22.248733449259554],[69.13378965759959,22.222644625075606],[69.13640117736861,22.19554718115064],[69.15574763683762,22.195135118950073],[69.19029735728124,22.243641731173415],[69.21281512649266,22.210349084319795],[69.23758762867568,22.22270649112614],[69.23360039314154,22.24991891644202],[69.25281528185141,22.266436430166024],[69.27951398086006,22.26993544664181],[69.28050996770726,22.267655757958224],[69.27994807791417,22.266485985642895],[69.28044894987637,22.26465307711569],[69.27975151025412,22.263009061472893],[69.27958312944564,22.26076932104125],[69.27995281612199,22.259351760908256],[69.28168082251753,22.2577587545536],[69.28261344323509,22.255736454990778],[69.28382855675486,22.254580940224358],[69.2928017422278,22.286793929538767],[69.33605159815959,22.30507428790207],[69.33272581387368,22.32783083413748],[69.4231875590964,22.31601181217449],[69.49028225824534,22.337438784810836],[69.49948164571111,22.366325327013143],[69.54044202362218,22.377206499354774],[69.56132325302711,22.355840456347554],[69.57958145602035,22.3673559823113],[69.59765943581814,22.346160500107516],[69.6173519852679,22.34541742515611],[69.62113264030111,22.3718276238212],[69.65536624173606,22.359565459632282],[69.66090519871615,22.396242069199545],[69.70216056243335,22.398692648295924],[69.69614788313842,22.452526589516168],[69.7306909669246,22.484552117069377],[69.74367094813223,22.458941501994474],[69.73478304029454,22.44922203018127],[69.73537953335166,22.448002496200044],[69.74163461689167,22.446386053470768],[69.73283018691716,22.44282973820216],[69.74603875898774,22.42804629002604],[69.75907617652098,22.443302872634067],[69.7897193888972,22.413773766213488],[69.79758191118816,22.404575556472974],[69.79123782103018,22.38357183111758],[69.79185152271862,22.380172041340188],[69.79653031551656,22.377738750423504],[69.83282270720015,22.44707322978171],[69.8709965592863,22.42296701098976],[69.88779976389438,22.45463538692855],[69.90666004519389,22.448458908321236],[69.9149303866452,22.465455613986546],[69.93740635270599,22.463268987593246],[69.93984891198876,22.48278802612698],[69.97925548326747,22.468166275334447],[69.98766159492166,22.51046601970191],[70.01029611079387,22.499923483917094],[70.0731235121646,22.51782590583922],[70.09121662943916,22.50816147424232],[70.08582957036332,22.49405839059944],[70.11629100357663,22.50103566150018],[70.11811114884387,22.48703377111981],[70.12021143572247,22.486350941556683],[70.12414590046997,22.512616331637194],[70.18472498485637,22.522164999409966],[70.17918217931245,22.567521989066005],[70.26350892659977,22.65345881061488],[70.27868816812143,22.725271910153015],[70.41330861158502,22.81839049104531],[70.46232273826658,22.831307174900346],[70.49109290428191,22.88988667661326],[70.53514913901125,22.91205669382917],[70.5396536920423,22.925498277450345],[70.480302680308,22.937098001902854],[70.43266007552222,22.967061651628843],[70.47920591240478,22.974861961750626],[70.54165877138482,22.959577556460715],[70.5617046324683,23.02900039527183],[70.60215755001813,23.03425287356564],[70.5971179789495,23.060939882561],[70.62932569671577,23.062468017303715],[70.6936691910121,23.12014401290079],[70.76543915162866,23.145381589901465],[70.76761916904886,23.16703180694739],[70.79182557441312,23.165100364208932],[70.78717653711843,23.150690951562396],[70.81607466231547,23.16456928087731],[70.8153054067428,23.136852245848893],[70.83447930805961,23.128410810194573],[70.8285594203565,23.079914765089576],[70.83576294694012,23.11187316790532],[70.8582185434924,23.129710706207316],[70.82756185215197,23.157421557736686],[70.84660044860517,23.152400960041415],[70.84863828092935,23.169309382730443],[70.9015717011582,23.170758176758522],[70.95922802612336,23.194815091918734],[70.91890155143477,23.198375960296747],[70.8905664262876,23.182669947969053],[70.86291959045164,23.192359333484937],[70.87328819738917,23.203994458946738],[70.86019754144097,23.20846812737844],[70.89312665942911,23.224702828297772],[70.83310029359967,23.249891451629704],[70.81224584446484,23.230073642904856],[70.76767891310956,23.246104588050606],[70.72391346633334,23.217657588054468],[70.72800265312382,23.205857700324774],[70.6508026635496,23.22389509934323],[70.64902331974679,23.192038695861445],[70.57896288041766,23.17770881613779],[70.50124264363065,23.17811905797391],[70.42803121277078,23.2175462734373],[70.43630864418904,23.23337674581852],[70.42476094624111,23.237254584559278],[70.36635946951667,23.219858094834457],[70.30192960235271,23.223688577819253],[70.26757417635585,23.178462065333612],[70.24968116906228,23.177893687490705],[70.20876640928903,23.160353826166496],[70.20729950314094,23.125617233736506],[70.14929481150516,23.036996129692334],[70.18861668431826,23.072814228950303],[70.21081553909494,23.074633138538772],[70.22640581701552,22.951821031998143],[70.16439293461265,22.938281572028313],[70.12111883818997,22.96263152947779],[70.13340691097595,22.98111103381048],[70.13378881591076,23.001569170351452],[70.15814293352027,23.032303445451454],[70.14820653611605,23.034815636125554],[70.10384319310374,22.980005604431923],[70.03654577744483,22.95269004967879],[70.02729578191126,22.926957111857455],[69.96224085964256,22.89358782058002],[69.92704755337306,22.8960281497518],[69.89874381377237,22.871261185940412],[69.85626642662683,22.868720242355803],[69.66612180429759,22.797460762318728],[69.57561946947773,22.81772737695408],[69.47734471790979,22.795520083453194],[69.45733680206962,22.814278436173062],[69.4182222528761,22.812668691352606],[69.46997805863315,22.776448534773174],[69.49470113635935,22.779867687967513],[69.4717582190498,22.773747509765116],[69.3812178470793,22.818774644072267],[69.19583233419488,22.83802600786635],[69.19418321783822,22.851856281103327],[69.13124182119331,22.872293250929985],[68.81295599144738,23.057927646170018],[68.87028131289938,23.02721963584975],[68.83672037637749,23.046367696943374],[68.84178640826397,23.058577191380156],[68.82121164599549,23.05723521714105],[68.81515309123084,23.077031042000268],[68.8117992786981,23.058780467400524],[68.75858853078995,23.080345475296202],[68.74985752167841,23.08801018829114],[68.76356023351623,23.0875547911615],[68.76513848375389,23.079022755757858],[68.77003431623773,23.077341994836377],[68.77848105154729,23.07755044799766],[68.78153682165203,23.08327721449966],[68.77233684359835,23.07830963564607],[68.76010939658947,23.09976972460888],[68.78364487593282,23.12001153599668],[68.7544322086506,23.12303067897084],[68.74586350716042,23.11001852856302],[68.71224607370678,23.15142888469306],[68.682776032215,23.152693332386388],[68.68260053398203,23.17584560799146],[68.6595520486181,23.197699895505387],[68.6737176759022,23.20189028950006],[68.66917101138573,23.218199274899337],[68.62098655119472,23.205726776783084],[68.65351776323314,23.231146995410047],[68.70199568446017,23.240056088449997],[68.71473927710778,23.264120833271654],[68.72452027252024,23.25513494081284],[68.72417230146112,23.26679232747906],[68.70554671179531,23.270722023324016],[68.71186612708414,23.286718994321035],[68.69930901392092,23.28419282848156],[68.71351459474486,23.317955857112654],[68.68139915145618,23.31184889601323],[68.68498524329958,23.3288546866919],[68.66050645651605,23.347454159346697],[68.65233618261313,23.303143385501585],[68.64002581509313,23.323186223736027],[68.65262183136804,23.33555493402436],[68.63596471826833,23.338893528398156],[68.62037670678922,23.37400516702752],[68.54348824834815,23.420210910557497],[68.53062857853885,23.445201712163165],[68.54626542163732,23.465061336474886],[68.52892244244524,23.449765052017515],[68.48359327007373,23.5487079546047],[68.49290514759107,23.605833639436923],[68.5157122417785,23.62140164934062],[68.51064021661125,23.639479002180355],[68.52901931029555,23.635798343010393],[68.53337138173453,23.64923632337844],[68.52073204208456,23.649589598851435],[68.54291074862967,23.653236962424067],[68.56795562602873,23.68494484395951],[68.54828935053209,23.691812114785897],[68.55718927220586,23.716632714062],[68.573304563625,23.721442253258644],[68.5872356546298,23.70262505092634],[68.59682106407837,23.72405302910821],[68.61276790766051,23.71795132901391],[68.63215630388015,23.727820207905186],[68.61568005593747,23.725869956017455],[68.61847946886066,23.738018688659476],[68.64884573399885,23.73890157576752],[68.63528781200542,23.761017321162246],[68.65179035584795,23.794381922358316],[68.67253244105466,23.80404234322955],[68.68148783737462,23.794956041426943],[68.71124312907853,23.830168530971363],[68.69270998201598,23.844416616061093],[68.58083310919491,23.820986974750124],[68.52700274465307,23.745821244181613],[68.50875927504313,23.750487812690302],[68.48842432864129,23.73162173104308],[68.4639565517703,23.74224261096773],[68.42097679785012,23.73320877601371],[68.38892920760551,23.595621415267757],[68.27808122521733,23.559728584635387],[68.18400027498791,23.587003073033245],[68.2076691365171,23.586156891629397],[68.17765528808918,23.619194581166976],[68.18632053080502,23.64528114437891],[68.20846984265826,23.650670091956698],[68.18257100124374,23.655038639607437],[68.20665938784578,23.668888781602355],[68.18165449355777,23.72163315782757],[68.20263908150922,23.766671861849638],[68.19953165384923,23.847094489658176],[68.20864999890259,23.875463093820958],[68.25216519092689,23.89689812744684],[68.27574372382435,23.928768745878582],[68.32865498262655,23.922346767544255],[68.339034835598,23.966951769776255],[68.36893287467693,23.984773901838345],[68.38966023246788,23.966593768963165],[68.7530259907291,23.971310423241594],[68.764704346583,24.2958437075929],[68.80822979745022,24.313600436948935],[68.83070759529753,24.311861424846573],[68.86482148021472,24.212780055047922],[68.88029183182843,24.21656756990274],[68.90675031807912,24.279786041013566],[68.94528378389157,24.302492760135554],[68.9847412704354,24.22760970791149],[69.00532841191097,24.223119658696955],[69.09475349044916,24.27449428348229],[69.19375350716436,24.23611444737464],[69.3127396403665,24.281601873675953],[69.49400610708014,24.26778014142676],[69.59444602115288,24.2923984647866],[69.73121404843693,24.17105660523297],[70.0250573149208,24.171284910010847],[70.06681013005067,24.199159175692756],[70.10986838129497,24.294974709993802],[70.32558535976045,24.351876357236932],[70.36845917893949,24.350768959097582],[70.57312169401342,24.422362307941345],[70.60246854048117,24.40812271674506],[70.56204197156062,24.354456479430073],[70.58453131178516,24.290362479199217],[70.57122975731508,24.251734939701524],[70.66694316451063,24.219582796888254],[70.80545966859978,24.220854108129856],[70.90725775531813,24.258779151394595],[70.87450508926729,24.29449034221002],[70.94767983322699,24.348051732783954],[70.98654247988614,24.36470894190719],[71.00354727034603,24.350955887205625],[71.0421337103177,24.35125242464807],[71.08188923646222,24.392911603291605],[71.12184387168496,24.405660752516255],[71.12552648574,24.420078917981726],[71.10306730709,24.43569636195815],[70.99856518363602,24.444426756806394],[71.00520976704365,24.523020742100375],[70.98735474419244,24.543420541071985],[70.9862612391815,24.595463622461153],[71.00945980138492,24.635423275825644],[71.07473165777893,24.6619196805598],[71.09648953197129,24.688724658610614],[71.28662427232297,24.616606867298486]],[[74.17523343640573,22.418062483684885],[74.15736981222605,22.411641958378805],[74.17915515468401,22.387993810528396],[74.17523343640573,22.418062483684885]],[[72.95529770876989,20.310507619378633],[72.97083809191508,20.29685937304364],[72.97909769225795,20.332235668904797],[72.96111834731056,20.332422596076242],[72.95529770876989,20.310507619378633]]]]}},{"type":"Feature","properties":{"OBJECTID":25,"STATE":"HARYANA","Shape_Leng":2554135.04519,"Shape_Area":42847010740.1},"geometry":{"type":"MultiPolygon","coordinates":[[[[76.44073802746388,28.12077604620641],[76.42285252754866,28.114322641599298],[76.42927651843974,28.13851237758029],[76.44073802746388,28.12077604620641]]],[[[76.82240389885757,30.928542868317976],[76.86957886339445,30.87312226833993],[76.91687215036286,30.90076549701043],[76.95125043779481,30.850522847331113],[76.94263868074653,30.817429278692558],[76.96007429336696,30.827309231804268],[77.0125206783997,30.80918595907594],[77.0185900847367,30.78030308892554],[77.00126652392788,30.77043637686023],[77.018614554369,30.765537192379895],[77.01751043566168,30.743420039475584],[77.04561724912683,30.74132654877203],[77.047186311223,30.75295451786971],[77.09352853480448,30.742332498950347],[77.16120662687709,30.690931332612298],[77.17377382158996,30.600555039567137],[77.12173108064363,30.562937674660887],[77.14535888131863,30.536451224785075],[77.19503638121824,30.522571672681888],[77.21350550487736,30.46840719096145],[77.22808637269978,30.48544898824421],[77.30872305782621,30.449158245124256],[77.35358302153061,30.460747854104394],[77.36397667897654,30.43437309452649],[77.38755855922948,30.44199877828578],[77.40831399525021,30.428721761297627],[77.39864188271937,30.41741897663562],[77.40954041197242,30.409790297358796],[77.45901192351418,30.458100983445544],[77.46156229307977,30.434611133880267],[77.42381978433579,30.410750926533332],[77.44531764608637,30.395998100887127],[77.49870993063863,30.40581519513044],[77.51979694767391,30.445390850561505],[77.54679013355906,30.39600740691621],[77.60459116831302,30.36739419988514],[77.577980836262,30.33077732846439],[77.58309919305273,30.30761476214991],[77.53824685191208,30.27796293802968],[77.4805325565988,30.18422487746661],[77.45780586934575,30.162668112716737],[77.4256893435837,30.15812013991353],[77.42505282220627,30.131454775138657],[77.40316014178099,30.111746361954626],[77.42386082390061,30.10320646233661],[77.40619783560703,30.08825079495119],[77.3774532585512,30.090022787182516],[77.33430343797481,30.053739049072576],[77.27778410860999,30.04181110436406],[77.27766375745975,30.000237854474125],[77.21748381818546,29.923419198679852],[77.18576017739517,29.907530844334218],[77.20203107305849,29.86890394366189],[77.17824932867164,29.84579897426511],[77.17919908777883,29.812668731088895],[77.11980886361766,29.760078872288542],[77.15655277563762,29.692582529856292],[77.13151775903142,29.641840096275658],[77.10620488308338,29.632331138635234],[77.10952945695264,29.597434899546375],[77.08395017694671,29.587238948305504],[77.12683644312526,29.559452359999195],[77.09637137403517,29.519494061601193],[77.13330877505418,29.483063267079647],[77.12320882392493,29.45537362514498],[77.14842371628079,29.434078320007917],[77.13325345907272,29.400841093975743],[77.1574068597722,29.387306942253765],[77.12329539194877,29.3703426997736],[77.12952595876723,29.342576652741634],[77.16115481557206,29.332360105406288],[77.13895394934427,29.26784329929501],[77.150002010932,29.23276079841971],[77.13141416538453,29.217488691070823],[77.14908458289808,29.11764747843229],[77.13397386569639,29.096000601404686],[77.1637625825614,29.079425750372607],[77.16697390155247,29.033816988246684],[77.18911940721614,29.0276684267845],[77.1959015109863,28.9393282312026],[77.23123365184324,28.92053070307242],[77.22810077723345,28.881186117979677],[77.19546426427253,28.88620618212732],[77.18930304645026,28.867882327573643],[77.2099156493239,28.857715801298614],[77.17540486138965,28.858322343998037],[77.15774857803109,28.8366899555956],[77.14241375220017,28.838860828248826],[77.14031683531778,28.86206011904672],[77.12093054713877,28.85831083388982],[77.08265989172514,28.883499627776047],[77.04023226319573,28.832063139706992],[76.99481415899383,28.839509461371307],[76.97968729642494,28.821232390599118],[76.95101399691987,28.81818314257263],[76.94449006221866,28.75407274137082],[76.96006046935466,28.7327358782164],[76.9481975178091,28.71298797712111],[76.96782998803621,28.699628696482197],[76.95379990651587,28.667721799529115],[76.93533517035976,28.667860723290197],[76.92496433415464,28.650146274727035],[76.94299476280091,28.62799745469971],[76.93456956253571,28.618354408855588],[76.8883336061183,28.631955727304145],[76.8660667158543,28.587957012698183],[76.83889215299534,28.573276209679968],[76.84535740520911,28.550407340812026],[76.88712639771217,28.52057298231527],[76.88544726817571,28.501136168905205],[76.90792914614157,28.51380771036986],[76.95167256076839,28.504221142944104],[76.97810198073134,28.521322273065177],[77.01022178247702,28.514347323628144],[77.00665308470721,28.541407168926405],[77.05894956666558,28.51264171815705],[77.09344778928343,28.51394969728978],[77.12073213166714,28.495940198226155],[77.11077756102489,28.471311989852925],[77.123629407854,28.44545565978277],[77.16229597478055,28.42893937429316],[77.1744831497835,28.40466759121842],[77.249301986177,28.42417953746667],[77.23292011088765,28.457912107575652],[77.2432971106465,28.478819954386392],[77.29026575562729,28.496535276798042],[77.31410043304082,28.4836065646091],[77.34511183620188,28.51322964242172],[77.37173551935285,28.49843982237303],[77.38047109237979,28.470268263103634],[77.40809422811923,28.46716867689833],[77.4000592298306,28.455641665311255],[77.4334333283192,28.454916119540798],[77.4355154479206,28.430945449712375],[77.47763091714867,28.419055325092152],[77.47343911452788,28.396974874119536],[77.50482150726606,28.36999445144586],[77.47121355702036,28.334820919566447],[77.50707256527929,28.305687818635135],[77.49269065485663,28.251981234370234],[77.55042094309879,28.242355543325214],[77.52128480610828,28.224441518838336],[77.53026080252701,28.198607739375138],[77.49696355714188,28.205349653568067],[77.50119358995917,28.181670782396488],[77.51747909732188,28.193137064517472],[77.54964092432819,28.179752610925284],[77.50210136365367,28.16118265905382],[77.49135776874714,28.13653704688817],[77.51235951123779,28.124842586320028],[77.49938136224304,28.094606618884978],[77.48210561447296,28.107028723309497],[77.47435256047042,28.086717971580857],[77.50124177328529,28.058519558698624],[77.48364110287854,28.040451362172828],[77.51275835179922,28.03188725901288],[77.54243136568644,27.989093419272802],[77.5187240216252,27.9621251195367],[77.54607731309112,27.957930392353838],[77.52930132285968,27.925261068235073],[77.50146551275722,27.925258453699318],[77.49223587931137,27.938473340980874],[77.47528413883383,27.929250961844357],[77.47875588354935,27.894447997328893],[77.46091641380359,27.87620059560793],[77.4201348658261,27.890441774278425],[77.40932334950712,27.874170463434744],[77.4218558435377,27.854377339804273],[77.34833300014338,27.855547107257653],[77.3364257717263,27.834225428585263],[77.29647764102587,27.82521632711927],[77.28372356759795,27.801046944291684],[77.2687570831422,27.814937697660156],[77.24173659156759,27.78354183312614],[77.2106518616701,27.80109831020548],[77.2020725733404,27.82375805542404],[77.19856906907543,27.7988222332359],[77.177023956698,27.78546762124349],[77.18943596947746,27.809019695943633],[77.1595107952543,27.816335208768827],[77.1585527396662,27.787345983880066],[77.13521920078105,27.775086133062327],[77.12285150415016,27.792624726575095],[77.10847900493485,27.78547680863429],[77.04479883160528,27.820982162776428],[77.0265766421924,27.779239155420118],[77.05955172393134,27.760912706288337],[77.07635331907761,27.76631591345436],[77.08566100728169,27.738088984915578],[77.05963340423975,27.726483824538203],[77.03647323135127,27.748611162547512],[77.00009797687399,27.736969280739654],[76.9793729331385,27.653598978164503],[76.94377016046913,27.67372275762559],[76.93335727683517,27.656030988413086],[76.91154667368183,27.65402771322138],[76.88934253770667,27.697150901845294],[76.92472621004902,27.699921431962476],[76.89254549146804,27.73232665828742],[76.91900375218665,27.80414027000617],[76.91358440523443,27.831701025557656],[76.93570138770718,27.828809806991543],[76.94231799593689,27.84261783450464],[76.93765904391012,27.89622180594225],[76.95057305511148,27.895642333701275],[76.95161985175999,27.918025309662546],[76.93153807284567,27.922348528543104],[76.93060975737143,27.993347866875997],[76.97054875155258,28.138428026219284],[76.90653915718156,28.171885568095],[76.89162434480917,28.190291622839244],[76.90676665195592,28.200309465983924],[76.87099520446506,28.206589039481603],[76.86814227384481,28.219731559875406],[76.80839923561993,28.210863811584577],[76.7948108453456,28.148382624598614],[76.76244775178121,28.14263914538207],[76.74355877232654,28.121030118831122],[76.71575823665708,28.12773786752143],[76.68735686326607,28.08765323831904],[76.65726538217746,28.08929703343847],[76.6543909708958,28.034682109844365],[76.66815758105172,28.01382922595955],[76.58988532138311,27.997857361130688],[76.54813569007021,27.96384368198977],[76.53595254098033,27.97951511280175],[76.54381992860155,28.03420612402009],[76.45467434829065,28.042326459764556],[76.4625396088931,28.05910559497649],[76.50124374659578,28.059687276279657],[76.44784091073254,28.088959812795522],[76.4636948970689,28.109158736654415],[76.4990472234439,28.100198408239912],[76.50267623965851,28.118711156853575],[76.47204815171672,28.135077650197946],[76.47573559317296,28.148583185019643],[76.38172722822374,28.133235411429343],[76.35656783542139,28.14373327942335],[76.34525083280214,28.16939869750221],[76.29226591635249,28.179216353991052],[76.28070614319039,28.165532551974735],[76.30456317392296,28.15932223373873],[76.29758292383107,28.1491152913997],[76.35986118800656,28.12491869222097],[76.33659444120507,28.102607805340366],[76.301441763657,28.09786932882528],[76.35566968504607,28.070732447816198],[76.34236339651964,28.030575723572497],[76.3189542674212,28.015530768830025],[76.29897753517376,28.022706753284986],[76.2935559644042,28.049201820787108],[76.26096208499229,28.06752875650599],[76.23804263995264,28.049715573789758],[76.18040480857202,28.054518994739865],[76.18953627534246,28.034453568434667],[76.21480262674412,28.026582663643662],[76.17688975356037,28.021549428901814],[76.15778327334364,27.98898217891465],[76.18664073209393,27.96547847567761],[76.16820689815408,27.903380117232757],[76.201464655182,27.892541588187516],[76.19380583574672,27.859511696421226],[76.22517893023483,27.83325651311138],[76.21732662704328,27.81681047144181],[76.19959822444724,27.82155792470866],[76.17496056889179,27.798073536263836],[76.13226702380905,27.824475891619],[76.12333438091979,27.851025002464834],[76.08888343108222,27.8605423910128],[76.08567086829655,27.84470766488415],[76.06063896649688,27.848275804203638],[76.04807723309514,27.834983556171313],[76.00464219833322,27.834445662872085],[75.97137309025517,27.851966256687785],[75.98748690164399,27.904163035152823],[75.9382765518481,27.91407886115994],[75.93235593911939,27.930138395030337],[75.95167894775095,27.947726816107355],[75.97271509647761,27.932666440008486],[75.9999352211049,27.977578491981937],[75.96579939487539,27.98361184705702],[75.96671818821726,28.000028786008137],[75.98993151307477,27.994693620417674],[75.99554193027076,28.006893844061867],[75.97273427808327,28.023637573997185],[75.99462202230688,28.038517701399353],[76.01639215810765,28.03050920201585],[76.00827666607495,28.058393937224473],[76.0253595304529,28.05424113635996],[76.04079718702339,28.074057619810972],[76.02324251323682,28.085985192356354],[75.98441039965536,28.047085182272614],[75.98343352707718,28.08135046092374],[75.93860331786355,28.08794209872561],[75.94556423559919,28.107164588646576],[75.99899437281758,28.122771372942577],[76.007489918849,28.153148560208148],[76.03178535413028,28.167859841198112],[76.07068556061427,28.165145191679827],[76.07469964163263,28.137137972778667],[76.09545334466988,28.15086201952741],[76.07191932045748,28.194340366449076],[76.04733637503628,28.198142412013514],[76.05600282285435,28.22028400366769],[76.01610914485096,28.23695181333342],[76.02632987239761,28.275032220598096],[75.98620615542193,28.293120468747713],[75.972456365329,28.318576905245028],[75.95783866619061,28.313829192705807],[75.91824278594021,28.37199947834813],[75.81866950383596,28.409913274340123],[75.77679440061273,28.40037279385709],[75.7667165225546,28.414227847773713],[75.78829449947496,28.453549385712083],[75.73566964709708,28.468841262317103],[75.73947313156339,28.484761001880383],[75.70197990878061,28.491774586523235],[75.66579911196449,28.53599087421439],[75.6334766218031,28.544437930663037],[75.6217086849566,28.6020677856265],[75.56151879320986,28.61321459237034],[75.54121035063027,28.660488057443192],[75.5360961812029,28.745168019925636],[75.50326125414078,28.782530959773368],[75.52024687472235,28.833987607758228],[75.49846806959374,28.84895622765635],[75.496599343304,28.896161568669147],[75.47339618340872,28.923379821280676],[75.5115641623365,28.942061502069947],[75.52742040497718,28.971004243179294],[75.52199592066835,29.00374538904139],[75.44571890981396,29.00832058787959],[75.44181916095846,29.057538070709178],[75.39125699046909,29.062731320788732],[75.40216329275023,29.12790091142126],[75.37150023281696,29.138102676829654],[75.38125212984431,29.168952063347277],[75.40677398750695,29.169747956842627],[75.41438070986105,29.184314529929473],[75.3968233854048,29.217536737154123],[75.41069842695549,29.255475102225464],[75.37802291690416,29.256833344401876],[75.34984180224473,29.22377363225298],[75.32812230698688,29.235313717981967],[75.34061148621717,29.28113448054524],[75.32204769000589,29.28949192288787],[75.2874144841867,29.273324515748385],[75.28376811657364,29.24978839018245],[75.24468682831882,29.250000681969567],[75.23839448858978,29.23023811103201],[75.21014258397149,29.234649366440788],[75.18800640050092,29.26819080283908],[75.16283257125401,29.244016238332165],[75.12438994762219,29.23986962915311],[75.11961069537142,29.22286515771936],[75.07554239415241,29.229689107586136],[75.05000077000003,29.286076002685338],[74.99922855586338,29.270306240022435],[74.96116774044674,29.280582243626263],[74.94841219458633,29.301472134010798],[74.96089525473495,29.320254025779963],[74.93828471003332,29.36203358192483],[74.85058115587229,29.403593998547457],[74.76220304421842,29.35437636971396],[74.65822588203876,29.371966652967252],[74.65450904984502,29.332940238581216],[74.59928636717126,29.327456369981064],[74.60291079502234,29.364909024257493],[74.56641304648254,29.420481501408602],[74.53662283884971,29.424546368210073],[74.53465639074844,29.447716291438834],[74.5437688128378,29.46796879198112],[74.58466472020412,29.45849083630374],[74.62189393484488,29.52224752714206],[74.57497238594102,29.56432073183036],[74.61594028033947,29.75226630832735],[74.5874882365443,29.766907636374214],[74.57811433801001,29.74798858497164],[74.54859737282005,29.755492600015693],[74.53469607444374,29.74058708723032],[74.50314432665424,29.74275115382634],[74.47786680244437,29.746807313266178],[74.47334291490846,29.770070066084735],[74.48464050344913,29.814893369664464],[74.54418936053247,29.84439472289483],[74.56105618429261,29.869776082894546],[74.54382772179635,29.901683601151017],[74.50979156717166,29.90842424457672],[74.53156547098196,29.94967240398581],[74.59725657186507,29.912769852738165],[74.65080612872278,29.905083970604874],[74.65168691951997,29.92659915022734],[74.70687210824688,29.97698597822307],[74.73098813693124,29.961456914879893],[74.81146236808326,29.992400646421572],[74.82105994162468,29.971024983078355],[74.85541525767371,29.95649245713148],[74.88796150859969,29.966723002357813],[74.89720232501719,29.93969001543971],[74.92670728425193,29.950488894091478],[74.99099251395225,29.867823169900934],[75.02254683341268,29.86625331321766],[75.04698699618523,29.8850725667947],[75.06999331322206,29.877048373117848],[75.08643635329328,29.916546851053646],[75.09878078005293,29.912781506308495],[75.11473637235531,29.87865054338503],[75.09009865350231,29.854004916539285],[75.11890053542264,29.831582529104097],[75.10058600838087,29.807077222194494],[75.13511354624694,29.807285593941202],[75.15099199004665,29.775523390271324],[75.16681448088364,29.78468720715088],[75.16564107931893,29.82604058237645],[75.19104396088068,29.841366523684016],[75.2103065113478,29.832876503110914],[75.20853844153734,29.792669416042663],[75.2263089391784,29.789133763249097],[75.24135315001176,29.750485159794245],[75.22635225608607,29.728872233010637],[75.2103396469465,29.73880713042294],[75.20064433979657,29.726480838294364],[75.20680376898986,29.687513672161657],[75.16759657393177,29.669538952701586],[75.18762588583091,29.651794676575513],[75.18307305397195,29.628399460853323],[75.23538227600685,29.60306509537874],[75.2217284544105,29.58028281832854],[75.23536718045504,29.542070143851607],[75.3094755345716,29.56083467961868],[75.31994021151985,29.58741242166957],[75.28969589392881,29.607807921410288],[75.29573748107035,29.62503374992966],[75.31659195900396,29.630615264456],[75.3337679065629,29.67347375820552],[75.3601690959074,29.66259926416645],[75.3457294485041,29.696003366593985],[75.3921423885394,29.713164017619512],[75.40631598797745,29.761249121006248],[75.45397692287749,29.78200067919288],[75.45954169322445,29.807513901572452],[75.51860352174975,29.775815628207408],[75.52303896145324,29.758402978757903],[75.53796111046857,29.773333214842815],[75.56212434544379,29.770222983421903],[75.57997520379605,29.739091883284622],[75.62745191623252,29.74836025652413],[75.64246319685927,29.775091425684874],[75.67717455747075,29.776578769053877],[75.70644671507326,29.753196360641585],[75.72067561012233,29.813543449560672],[75.75617472755083,29.80499545611919],[75.77883232338269,29.822343591407375],[75.8056503714125,29.804723700640608],[75.83775517518694,29.813018025564208],[75.87025020241293,29.74930270765595],[75.90631169041713,29.75333151765365],[75.93869236210213,29.730664040544102],[75.98441575028065,29.72710784077089],[76.02610509923288,29.756152674873228],[76.043847289627,29.742677102521434],[76.09808481490553,29.810606833200044],[76.12395044901236,29.79091164367062],[76.14548769677512,29.81907974741144],[76.17373978272254,29.817906469621633],[76.1978173783363,29.844761768758417],[76.22055152372788,29.837843741417768],[76.2438162216716,29.852408110718525],[76.24675730863942,29.87595111608075],[76.19345543162916,29.885622026556725],[76.18780626406284,29.92062645355666],[76.17197242586282,29.926272375013358],[76.18375563305969,29.948300934390616],[76.21017583290396,29.93961316239276],[76.20241298717852,29.989317664130855],[76.23199444819069,30.0152075395012],[76.2139622715715,30.031721301891896],[76.26530336909185,30.098782291688966],[76.19637811350677,30.12345305581531],[76.2024370195382,30.13604857509276],[76.2242828153494,30.127075914502957],[76.20766999899652,30.156993500456633],[76.3217633327855,30.095059198214525],[76.36023159655602,30.120166088715898],[76.33350782645134,30.138166292935004],[76.35049026992401,30.146830861610823],[76.36220302745595,30.120118583717638],[76.40006489241678,30.116670549140302],[76.39110779463508,30.13480293260143],[76.41009449890835,30.14503551889654],[76.38718122214462,30.170593931645932],[76.42273748811624,30.19223820496339],[76.44058212690219,30.16584074051675],[76.42859134257365,30.15054705252223],[76.45998318151842,30.129444255589775],[76.46254858010256,30.101020376820355],[76.50207554383444,30.091918490794562],[76.50827791237869,30.070306304696878],[76.54375940515713,30.074273576691546],[76.64374388783604,30.150211314432426],[76.60730860069287,30.191776707763083],[76.61419086297332,30.204433332233293],[76.64560471687854,30.188065302372223],[76.63543324610478,30.169974959427677],[76.6571279307143,30.187121517729757],[76.65425987268121,30.203465757781117],[76.61553489233468,30.211678307776754],[76.62750630866111,30.227186301973248],[76.59633300738756,30.25520715967523],[76.56075196127307,30.22891985877903],[76.54567344462448,30.225547123332912],[76.55667999001143,30.262438015859704],[76.62343087035939,30.26455214694054],[76.63541809518512,30.289593287426502],[76.68078762604557,30.30313115019193],[76.68859423900003,30.327271424369133],[76.71102262592622,30.32579651131912],[76.74609173340224,30.349533723359237],[76.74541396618031,30.36782949669576],[76.71991201811299,30.363328954410964],[76.73124010217893,30.379662023300106],[76.71284692607861,30.39020456363138],[76.74104725490085,30.426217885493095],[76.77429490714398,30.443275748658355],[76.78703677780985,30.416210602006952],[76.82183414940864,30.4126815496199],[76.8467896211742,30.43807877032283],[76.85612694752854,30.417646439577364],[76.88336462178503,30.408645393256943],[76.89826158891375,30.358818676165978],[76.93867905972385,30.38609441230681],[76.93315076759833,30.40154619419026],[76.91235197877803,30.400629611848405],[76.91228979301466,30.442907780394574],[76.8975522544927,30.437102935379606],[76.9138145207027,30.46767046125296],[76.89895962423766,30.48879232386451],[76.93117076418255,30.500355220833313],[76.93201792542098,30.522188065468338],[76.88649885556046,30.549829494230757],[76.90493920990609,30.542952792435702],[76.91616122469075,30.553663429686832],[76.90965507128608,30.59187888897201],[76.92601135584584,30.610063776787065],[76.88512045397285,30.645282505549172],[76.87121919082884,30.64212294049424],[76.87644722791539,30.68050561358444],[76.85301857699835,30.657196904180886],[76.83153938616104,30.66475020905561],[76.82515611579372,30.68824623749271],[76.84944526446776,30.718273024015108],[76.83150076069369,30.73951124638686],[76.85698714282027,30.794747584255305],[76.84669987761458,30.83390559225758],[76.81399823969896,30.842986563757194],[76.77608647002307,30.905971181782682],[76.82240389885757,30.928542868317976]],[[76.92203037930796,30.882611392104156],[76.91769199045604,30.88645538105047],[76.9242442147527,30.87645451093046],[76.92203037930796,30.882611392104156]]]]}},{"type":"Feature","properties":{"OBJECTID":26,"STATE":"PUNJAB","Shape_Leng":1896600.45413,"Shape_Area":49142692116.8},"geometry":{"type":"Polygon","coordinates":[[[75.83224817565853,32.51071775010747],[75.90277205817455,32.45232682218047],[75.93798921355003,32.397536924870806],[75.87360117875558,32.39568271103436],[75.84381088600925,32.355308274726944],[75.81120625109058,32.34848639683999],[75.81482903417034,32.33018320816283],[75.77231741266147,32.289358490046254],[75.61846102408845,32.23757389023497],[75.63731649829921,32.22272497116428],[75.62376617781202,32.1900412579873],[75.66191839474241,32.19290603574682],[75.6726814535358,32.15922124977487],[75.60015756757271,32.09243774259261],[75.5948241369228,32.069469392707106],[75.66291821228845,32.075731400893844],[75.72386119031613,32.03258978839785],[75.75083688314899,32.03768235833952],[75.79965669292862,31.993752857332428],[75.91040749408774,31.95011231060417],[75.98649199910804,31.81792165288273],[75.93668049201479,31.81541176821959],[76.01793514493907,31.63313413553602],[76.05585208062315,31.605499097838212],[76.1683067000159,31.410444384844386],[76.14688790072937,31.358982136641632],[76.17882329909655,31.340473608693078],[76.17982460044014,31.306533224796013],[76.2139727151555,31.299393736192652],[76.26933837211004,31.311922262440845],[76.27555326933168,31.30040481628814],[76.32237810217674,31.321611093078367],[76.3076537170184,31.3423526361161],[76.35353821852388,31.347864551252545],[76.33108586880473,31.401626528925515],[76.36726106860064,31.404371620959353],[76.3747499573418,31.43819190515378],[76.43233011426344,31.326561133235217],[76.46349131764602,31.301952720028773],[76.4399930647926,31.278715766027652],[76.47912581007735,31.308668003654557],[76.49757242341653,31.269860839430102],[76.52743275494339,31.277168663292876],[76.52380080359158,31.258137494051603],[76.5393430569413,31.26104550014924],[76.54292614788709,31.28243382731592],[76.54921025146096,31.25275420421203],[76.58774775791849,31.274196747554356],[76.61190266683505,31.24911899033014],[76.59256762749168,31.21126409703549],[76.64166529599045,31.223020616826986],[76.6454186175141,31.20905880670315],[76.59681874524331,31.177989422874084],[76.61230153059512,31.148031622334155],[76.60200248255401,31.123543188513707],[76.63858480762877,31.10799785087535],[76.61096520114623,31.045828118547124],[76.62904731072325,31.023620112737547],[76.62501075569077,30.998638788864188],[76.73714209294437,30.949607079744375],[76.81399823969896,30.842986563757194],[76.84669987761458,30.83390559225758],[76.85698714282027,30.794747584255305],[76.8374535869328,30.754149185383554],[76.82635229530196,30.763300827398385],[76.8156055221952,30.752707004753994],[76.8135151717739,30.780167292381922],[76.78347686351667,30.770567630370618],[76.7715079787482,30.795208561501124],[76.71075922860459,30.760976358664635],[76.7051833708694,30.742919864313272],[76.73109691246191,30.723557735204988],[76.73931908024359,30.692855632898624],[76.77687329783333,30.670349489733844],[76.8074634931937,30.666995459431117],[76.8274470407896,30.682133561018155],[76.84986037487451,30.656840453017136],[76.87644722791539,30.68050561358444],[76.87121919082884,30.64212294049424],[76.88512045397285,30.645282505549172],[76.92601135584584,30.610063776787065],[76.90965507128608,30.59187888897201],[76.91616122469075,30.553663429686832],[76.90493920990609,30.542952792435702],[76.88649885556046,30.549829494230757],[76.93201792542098,30.522188065468338],[76.93117076418255,30.500355220833313],[76.89895962423766,30.48879232386451],[76.9138145207027,30.46767046125296],[76.8975522544927,30.437102935379606],[76.91228979301466,30.442907780394574],[76.91235197877803,30.400629611848405],[76.93315076759833,30.40154619419026],[76.93867905972385,30.38609441230681],[76.89826158891375,30.358818676165978],[76.88336462178503,30.408645393256943],[76.85612694752854,30.417646439577364],[76.8467896211742,30.43807877032283],[76.82183414940864,30.4126815496199],[76.78703677780985,30.416210602006952],[76.77429490714398,30.443275748658355],[76.74104725490085,30.426217885493095],[76.71284692607861,30.39020456363138],[76.73124010217893,30.379662023300106],[76.71991201811299,30.363328954410964],[76.74541396618031,30.36782949669576],[76.74609173340224,30.349533723359237],[76.71102262592622,30.32579651131912],[76.68859423900003,30.327271424369133],[76.68078762604557,30.30313115019193],[76.63541809518512,30.289593287426502],[76.62343087035939,30.26455214694054],[76.55667999001143,30.262438015859704],[76.54567344462448,30.225547123332912],[76.59633300738756,30.25520715967523],[76.62750630866111,30.227186301973248],[76.61553489233468,30.211678307776754],[76.65425987268121,30.203465757781117],[76.6571279307143,30.187121517729757],[76.63543324610478,30.169974959427677],[76.64560471687854,30.188065302372223],[76.61419086297332,30.204433332233293],[76.60730860069287,30.191776707763083],[76.64374388783604,30.150211314432426],[76.54375940515713,30.074273576691546],[76.50827791237869,30.070306304696878],[76.50207554383444,30.091918490794562],[76.46254858010256,30.101020376820355],[76.45998318151842,30.129444255589775],[76.42859134257365,30.15054705252223],[76.44058212690219,30.16584074051675],[76.42273748811624,30.19223820496339],[76.38718122214462,30.170593931645932],[76.41009449890835,30.14503551889654],[76.39110779463508,30.13480293260143],[76.40006489241678,30.116670549140302],[76.36220302745595,30.120118583717638],[76.35049026992401,30.146830861610823],[76.33350782645134,30.138166292935004],[76.36023159655602,30.120166088715898],[76.3217633327855,30.095059198214525],[76.20766999899652,30.156993500456633],[76.2242828153494,30.127075914502957],[76.2024370195382,30.13604857509276],[76.19637811350677,30.12345305581531],[76.26530336909185,30.098782291688966],[76.2139622715715,30.031721301891896],[76.23199444819069,30.0152075395012],[76.20241298717852,29.989317664130855],[76.21017583290396,29.93961316239276],[76.18375563305969,29.948300934390616],[76.17197242586282,29.926272375013358],[76.18780626406284,29.92062645355666],[76.19345543162916,29.885622026556725],[76.24675730863942,29.87595111608075],[76.2438162216716,29.852408110718525],[76.22055152372788,29.837843741417768],[76.1978173783363,29.844761768758417],[76.17373978272254,29.817906469621633],[76.14548769677512,29.81907974741144],[76.12395044901236,29.79091164367062],[76.09808481490553,29.810606833200044],[76.043847289627,29.742677102521434],[76.02610509923288,29.756152674873228],[75.98441575028065,29.72710784077089],[75.93869236210213,29.730664040544102],[75.90631169041713,29.75333151765365],[75.87025020241293,29.74930270765595],[75.83775517518694,29.813018025564208],[75.8056503714125,29.804723700640608],[75.77883232338269,29.822343591407375],[75.75617472755083,29.80499545611919],[75.72067561012233,29.813543449560672],[75.70644671507326,29.753196360641585],[75.67717455747075,29.776578769053877],[75.64246319685927,29.775091425684874],[75.62745191623252,29.74836025652413],[75.57997520379605,29.739091883284622],[75.56212434544379,29.770222983421903],[75.53796111046857,29.773333214842815],[75.52303896145324,29.758402978757903],[75.51860352174975,29.775815628207408],[75.45954169322445,29.807513901572452],[75.45397692287749,29.78200067919288],[75.40631598797745,29.761249121006248],[75.3921423885394,29.713164017619512],[75.3457294485041,29.696003366593985],[75.3601690959074,29.66259926416645],[75.3337679065629,29.67347375820552],[75.31659195900396,29.630615264456],[75.29573748107035,29.62503374992966],[75.28969589392881,29.607807921410288],[75.31994021151985,29.58741242166957],[75.3094755345716,29.56083467961868],[75.23536718045504,29.542070143851607],[75.2217284544105,29.58028281832854],[75.23538227600685,29.60306509537874],[75.18307305397195,29.628399460853323],[75.18762588583091,29.651794676575513],[75.16756580521596,29.670179499740424],[75.20680376898986,29.687513672161657],[75.20064433979657,29.726480838294364],[75.2103396469465,29.73880713042294],[75.22635225608607,29.728872233010637],[75.24161132362207,29.754636146376477],[75.2263089391784,29.789133763249097],[75.20853844153734,29.792669416042663],[75.21068332812357,29.832402100335624],[75.19148883921814,29.84123501942135],[75.1640750049895,29.82409317275783],[75.15550454837438,29.776880921413877],[75.13511354624694,29.807285593941202],[75.10076163314119,29.806779267331642],[75.11889061720582,29.83194804281483],[75.08975595721824,29.858625849823724],[75.11473637235531,29.87865054338503],[75.08880354126563,29.917188153740764],[75.06999331322206,29.877048373117848],[75.04698699618523,29.8850725667947],[75.02254683341268,29.86625331321766],[74.99099251395225,29.867823169900934],[74.92670728425193,29.950488894091478],[74.89720232501719,29.93969001543971],[74.88796150859969,29.966723002357813],[74.85541525767371,29.95649245713148],[74.82105994162468,29.971024983078355],[74.81298068460985,29.992347220704932],[74.73098813693124,29.961456914879893],[74.70687210824688,29.97698597822307],[74.64176148840073,29.904539625335797],[74.55903137385343,29.92728040439703],[74.53156547098196,29.94967240398581],[73.89512141612248,29.974077895406108],[73.8865346869135,30.01249408913316],[73.90405320154343,30.050122319905316],[73.97564844940214,30.1209908752383],[73.95977432149373,30.27017770528275],[73.93086710870575,30.32006846505001],[73.87977595887492,30.359722015249012],[73.97378803523206,30.443824439796284],[73.92625874031995,30.438930277903506],[73.93445389061701,30.49027712917843],[73.9641297013044,30.45647613680976],[73.96365797890074,30.484852218794448],[73.98199123382086,30.50401845364678],[74.01998903437169,30.51417029663442],[74.0120267929102,30.533592490909214],[74.03101009377806,30.52692693659689],[74.03922041917556,30.542617387243844],[74.05730646279102,30.518689710743075],[74.07227991878537,30.522909659216563],[74.09094792495416,30.549421519065746],[74.07342036301976,30.55467685125866],[74.1021283799204,30.579231926258455],[74.09603699341811,30.611607235198345],[74.11806563762404,30.607906363980337],[74.12736185051978,30.634796399440987],[74.14782013690368,30.631060568617343],[74.19332162847792,30.665174318575083],[74.23265785815956,30.724556429892242],[74.28646024302411,30.73569588316676],[74.26017369538037,30.77309505178889],[74.30196721539865,30.779368809586067],[74.29487555125,30.794506992303926],[74.32038523462946,30.84662651174915],[74.38208903926696,30.860433952420575],[74.36076587852945,30.873703769423912],[74.36590541531822,30.892932488990056],[74.42271799102052,30.90777871608848],[74.41640488140314,30.940334604730676],[74.47968606965829,30.9742839433512],[74.50347027661341,30.964792122284578],[74.54615956199628,30.992416367951755],[74.54247779896039,31.017368541265427],[74.56823380915245,31.054688965293177],[74.59679977131414,31.03766257393573],[74.67116134293339,31.05362739522935],[74.69593050003515,31.074159652399896],[74.68910331109147,31.12802073483335],[74.65896841774382,31.133971151597702],[74.63623178432016,31.11825904806333],[74.63087718799935,31.132710347309747],[74.60305052834897,31.13360087580208],[74.61066736911717,31.099295957331666],[74.57126867886436,31.08142183138629],[74.55149659644533,31.08638518518483],[74.54835510039486,31.121927358351197],[74.51036333653666,31.131900952092806],[74.51700738178924,31.227919511163304],[74.53273077962814,31.249690928187366],[74.52060281218647,31.26892221804354],[74.54202661242158,31.303774590251866],[74.52633454401179,31.311972755646796],[74.5516530986375,31.36435210787395],[74.58348208704089,31.379039044824236],[74.60246003217846,31.420509456692344],[74.65461026491235,31.42600820154489],[74.63859514425373,31.444378084214105],[74.65213787345095,31.457301198042128],[74.62754639438134,31.47690179021895],[74.63647893507829,31.48476250888512],[74.60976763508972,31.499870219561412],[74.58728422357309,31.496291013482857],[74.57521291292895,31.501165986156813],[74.58433187650962,31.52092218526435],[74.61289831764428,31.52734045625498],[74.61560038618794,31.56898312495353],[74.55531664299589,31.6078403922079],[74.53496074930437,31.677598719119732],[74.48659647325046,31.714998933684544],[74.50370384453453,31.740477622134023],[74.55940688236319,31.757879837280335],[74.5579057907392,31.804769749366603],[74.60786214786279,31.890385962709637],[74.63630900451959,31.88422178750398],[74.66670525897813,31.92273447006908],[74.7192389901294,31.92368970019983],[74.72016503734092,31.941427898696727],[74.75657217832278,31.943699869316337],[74.75559337077414,31.955754205063243],[74.81910005671051,31.958749484204464],[74.82887294159269,31.998616662247805],[74.87997801700836,32.03203976640097],[74.86892089591699,32.04160983817831],[74.87954987905353,32.05379683818734],[74.90476831989446,32.05022104163106],[74.92795787771725,32.06645975631884],[75.012364529904,32.03574542134554],[75.0687013186459,32.06719096559481],[75.08403138193572,32.06003450099471],[75.09120661477426,32.07183915612384],[75.10489529354423,32.058569709237695],[75.12290531239697,32.081382064344204],[75.15767409721333,32.08175368314302],[75.17424345677065,32.067468614480106],[75.1984973602731,32.082670988153566],[75.20245773155801,32.120237380682056],[75.21582668010285,32.12110392562242],[75.22370379968655,32.09816263123354],[75.23544084304511,32.10350436885556],[75.23141719213108,32.0916105525431],[75.26130958801697,32.10138057402946],[75.28535460619403,32.151494734938126],[75.3224201259653,32.179498517710385],[75.31638085595891,32.20803694987497],[75.37243433454965,32.22605309885016],[75.38185508485905,32.268954119300915],[75.3204964877164,32.29738997779208],[75.3411980093507,32.34547541690289],[75.42999148278753,32.31499649862749],[75.48910497066584,32.34556277154691],[75.481915324546,32.32029237910566],[75.5132911844444,32.30710607765647],[75.50918986524296,32.28399423936586],[75.53224267824477,32.277831456603614],[75.53928516803367,32.33521646368888],[75.55978013857342,32.3569793890826],[75.72275976173684,32.4055988446728],[75.7277482327227,32.431682710052876],[75.74380395620949,32.431601004406325],[75.72979366550159,32.4532015275475],[75.77693830756445,32.46511672240308],[75.83224817565853,32.51071775010747]]]}},{"type":"Feature","properties":{"OBJECTID":27,"STATE":"UTTAR PRADESH","Shape_Leng":6171501.14127,"Shape_Area":232437133474.0},"geometry":{"type":"MultiPolygon","coordinates":[[[[79.36506026104007,25.144531967863397],[79.38719057175128,25.085696574709225],[79.42591135042161,25.058588882530817],[79.40960169501743,25.03386277533555],[79.36903882004931,25.054315887172923],[79.35610712680935,25.040469407762675],[79.35113318422304,25.068882857207203],[79.37980606820253,25.06479228168551],[79.37969120848012,25.10122228192327],[79.35036972844334,25.118099448976427],[79.36506026104007,25.144531967863397]]],[[[79.3725558793964,25.180015905819218],[79.35446584992127,25.175891802890135],[79.35952062202038,25.18855296602374],[79.3725558793964,25.180015905819218]]],[[[77.57603663253236,30.397385603006427],[77.65664750103615,30.40093945227963],[77.72184873314329,30.330206844946808],[77.8465256656354,30.271640993705745],[77.96169728192709,30.242369322205093],[77.91893521810381,30.211278737106372],[77.86041554550752,30.11319254704352],[77.82805373742636,30.08591740508573],[77.80119497673886,30.095477361070813],[77.77113865570232,30.048021868789473],[77.78198444326497,30.018627533848687],[77.74371430956239,29.98335588197635],[77.76038122366856,29.964454202371503],[77.73047164572218,29.931694976938523],[77.74777630422524,29.911165939866112],[77.71471392259465,29.884076786477188],[77.77467393909744,29.791021717586673],[77.76952930547442,29.74533812177916],[77.78267802444927,29.736237864424993],[77.76973103665324,29.717602345961776],[77.81048343659428,29.702371126022484],[77.79905361133349,29.68619142027723],[77.83004879949115,29.668299457799606],[77.88264662644278,29.70242757696858],[77.91253331168691,29.69592192473847],[77.92644352717478,29.71421959212473],[77.94702238786988,29.71248411524094],[77.9398945134284,29.696083132209584],[77.9837870229824,29.643637076345385],[77.97768975670301,29.61344546546191],[77.94842095190658,29.61691446883177],[77.93330234202466,29.60051485380287],[77.96710367385121,29.580139909231306],[77.99516496378348,29.59579577755605],[78.02159921027005,29.580852302854627],[78.01828370222073,29.598199084374276],[78.05747174786987,29.630686886647137],[78.0866882475392,29.625032654068622],[78.08146288420181,29.635142170159583],[78.13053796878528,29.65253757419728],[78.17162224664898,29.69157045352107],[78.19603035958703,29.69267623086194],[78.20392179961956,29.737265235589653],[78.25975163201088,29.738336740911535],[78.33565855313056,29.79660563721377],[78.50096428268536,29.732904815838364],[78.51654239515864,29.719401685192945],[78.53267397803111,29.638749852812868],[78.61773224512258,29.558026725488745],[78.7996728721579,29.464574881455402],[78.94233227321992,29.43857088927231],[78.84986804106063,29.344817125162628],[78.82473279090253,29.367130794406275],[78.79591068983737,29.311765210590877],[78.79344746380856,29.328166786536332],[78.76655142223666,29.337401127708198],[78.75031816411739,29.317354633424777],[78.73366884399336,29.32190354530843],[78.73445342333613,29.302939730153387],[78.71858795410655,29.30664065049283],[78.80737036478453,29.23667882617607],[78.85833880417208,29.24184119654664],[78.87448010896293,29.23024848583496],[78.87521611353947,29.20516822301457],[78.90875010087235,29.178561821098736],[78.91875811692503,29.135534517251173],[78.90633439388462,29.12501402137215],[78.95644526110829,29.11988797232419],[78.9823433621691,29.14304600650981],[79.00816992253765,29.11191106410938],[79.02669875577658,29.112417071396013],[79.04063222376523,29.12766689973057],[79.01692063937423,29.13077211546995],[79.01782105656119,29.153840292268193],[79.03740072797343,29.14482315280562],[79.03583965538229,29.16939207643099],[79.11189924918608,29.127924205383184],[79.12686664958534,29.13268487137895],[79.15350075676416,29.115184654239236],[79.14250307517729,29.066947263206877],[79.17510755421429,29.046246638182506],[79.16235008539176,29.029209857984775],[79.17105591382759,29.01186936249833],[79.21173319451552,29.02756491331024],[79.30726594150694,28.966467617109963],[79.31190223188224,28.97705823731053],[79.36470161182942,28.968074908683622],[79.37235911463304,28.987471547968113],[79.38529836701896,28.951769512575932],[79.40803027518633,28.95192901135181],[79.42794521926079,28.919784722161058],[79.42556999352163,28.866419218849646],[79.52178107145498,28.864744930792728],[79.55647897959064,28.8992599437353],[79.58426957397556,28.879180226764625],[79.57348979972168,28.854646516610302],[79.5843616263607,28.846272736930956],[79.65604910746416,28.86976969963711],[79.70666930110941,28.841009202792613],[79.74907083327984,28.871768329345265],[79.81802424030789,28.887806182036954],[79.84960064067062,28.859297248694975],[79.84063214023779,28.84767609050896],[79.83073915678918,28.855229725398782],[79.83677971479055,28.83991746775724],[79.82381700013073,28.83901018158894],[79.83717240106246,28.832349691439575],[79.80875760809892,28.80001489435166],[79.8493409876226,28.79963756929163],[79.8463039720242,28.823176165464734],[79.86318918907605,28.840216755641684],[79.88822178716858,28.83655786810898],[79.91552188372806,28.804273922538552],[79.87848904412955,28.814834288803976],[79.87305770459459,28.797283075587703],[79.90135952848624,28.781975746448197],[79.9398196792237,28.787716827998608],[79.92407852238023,28.773163146471894],[79.95416485794783,28.722833134487146],[80.03013183790034,28.748634161470132],[80.06173597884609,28.783195029767807],[80.06809913899926,28.802844622505205],[80.05178880921069,28.820372316016652],[80.0653611191873,28.83689950966834],[80.07481909319131,28.82448682114138],[80.1180516223278,28.828979808780822],[80.21598577659897,28.755568213156415],[80.2565807240281,28.75425176681874],[80.25651912289028,28.72924844814234],[80.31712168819956,28.70014296244921],[80.32572698221313,28.666477585471675],[80.36099535912435,28.635262687239788],[80.45193976521062,28.628856612761542],[80.4686772033093,28.583530216418897],[80.51762378603622,28.55196023220003],[80.53059534214546,28.57262083699472],[80.50592642746956,28.67083629093824],[80.53952968033016,28.690756411744353],[80.59051998920725,28.680036686383286],[80.58944836695817,28.64803716733997],[80.65129740779449,28.634065915303022],[80.66762539846827,28.642189333481603],[80.6774668101064,28.604445991202784],[80.69575067967942,28.603485742475797],[80.69044598896437,28.587595895131315],[80.71453267488016,28.568404828796833],[80.76860067118456,28.565907169673032],[80.78919453355928,28.52451871936458],[80.86594896566268,28.489583858129237],[80.86152161840137,28.504393573875657],[80.89609396698523,28.507019421944772],[80.91541461107478,28.457637151317233],[80.91414818078728,28.46842771148282],[80.93051753117692,28.457774754063543],[80.94256800832227,28.46888969919278],[80.93202126538678,28.45889065540351],[80.95172675215139,28.447640152384007],[80.98016738569515,28.455241628352635],[80.96464346134921,28.444837683161293],[80.9788341444038,28.43415188226969],[81.01675713764791,28.45128884290158],[81.01260932942446,28.437819748888856],[81.03420343795169,28.42817916512838],[81.01753177021152,28.41547259252627],[81.03383359321857,28.39889835702495],[81.03567336900913,28.41357741167605],[81.07973896619026,28.38505965207872],[81.21059687760693,28.360833495936937],[81.23448227993234,28.324738624341755],[81.23263861656224,28.289148133655228],[81.32094381780092,28.19755431114409],[81.32134719956645,28.168885656216766],[81.30200419006587,28.164762662250354],[81.32805946350332,28.14808165520067],[81.31803071345357,28.1336716463293],[81.3710763242842,28.14349157791672],[81.37351487648401,28.177300702169852],[81.44668362943604,28.161015665618528],[81.44993367679433,28.140850619562453],[81.48400523282062,28.118565967159277],[81.47827632854802,28.082713169546633],[81.62398513676237,28.001601001013917],[81.69844070533497,27.988191085257203],[81.88495849183232,27.856950582216147],[81.92584984415964,27.859831336711796],[81.96832425065617,27.92912076299407],[82.06996083774081,27.923645819395592],[82.12138236443035,27.865846270901482],[82.20830675107342,27.84357880328645],[82.44867031220356,27.679315057073097],[82.70765284483626,27.722916407878074],[82.71150068678843,27.665290109023466],[82.73660162740579,27.64345277567751],[82.73511538183317,27.609932898743885],[82.75576695321416,27.587799188287978],[82.73554694044982,27.50235207381607],[82.9292879938328,27.501189849501518],[82.95409237740452,27.467732553344586],[83.03457411764566,27.44872299122182],[83.18794799528993,27.454315519390935],[83.2721515822888,27.38334864868195],[83.27242714732597,27.352628147103665],[83.31758751760918,27.330163641768618],[83.35923388073289,27.34326157872854],[83.40934186039902,27.41280605218683],[83.3839104538044,27.43627661722848],[83.40173927931382,27.457539066028477],[83.38817515478173,27.47975521128191],[83.61425345090416,27.469443319183387],[83.83084256985632,27.369788698349243],[83.8640783899084,27.3471571995682],[83.83657194363403,27.322215097809696],[83.85933806079366,27.308065525183718],[83.90236555006751,27.326286267032227],[83.9254752190716,27.321413035875402],[83.93407383642388,27.299746338637785],[83.90507203172633,27.257615796907114],[83.97018386659569,27.22399202472086],[83.99418363865205,27.17517232807599],[83.95906417642917,27.136878290853936],[83.94647118202782,27.090822206477146],[84.03033739992004,27.097630435474446],[84.00006266670218,27.068587146020054],[84.0495030849367,27.04327120718558],[84.03730885295437,27.00907735384744],[84.05669918836286,26.989662082796958],[84.04576004166827,26.98223869331807],[84.05483385147583,26.9600625754458],[84.03213565105476,26.941184941197125],[84.05997178175457,26.92018915043513],[84.06026753949146,26.88810318510917],[84.0981361030826,26.875937464278184],[84.11041497671997,26.898598780904198],[84.14640824382806,26.88542440232588],[84.14060834483864,26.852652504603554],[84.16609560729344,26.83376885432436],[84.21948570560787,26.87159948488875],[84.2540945929116,26.85659437395596],[84.25998401685375,26.805027021353805],[84.23257636573442,26.753666903369155],[84.24066899739367,26.738723282858682],[84.25542018337671,26.72662151683988],[84.30586519369588,26.749487853481437],[84.33005561873544,26.684099853689705],[84.41041076794224,26.67024885613668],[84.41970873465334,26.62681496724143],[84.30726715965078,26.61632277243496],[84.28132126629956,26.59959983827678],[84.16029358467131,26.624505153633663],[84.15869925089524,26.636202387971768],[84.08649905612126,26.63914202059546],[84.08908699800759,26.603023055784195],[84.04811966459155,26.53640359981621],[84.00831942897537,26.521941245155034],[83.97612878079164,26.533512603584693],[83.97082509389017,26.50750952626374],[83.94035675745069,26.52524244916247],[83.90808546701481,26.519077139320085],[83.90801985973849,26.44708896518688],[83.99126062315354,26.432238726052756],[84.01683007362425,26.447554214367496],[84.0338607625451,26.4116542498873],[84.07916630558175,26.382507270352896],[84.1766814118139,26.370683199438144],[84.18597354792928,26.312899356940953],[84.16620843118791,26.24094588749452],[84.15116294173225,26.257790224350046],[84.12168889818572,26.258867836365532],[84.08641166638273,26.218750580003828],[84.01922837624187,26.238939551904025],[84.01530178780592,26.223276881135092],[84.03835019377638,26.200973576881],[84.01322843443252,26.194020324375757],[84.00938424529782,26.175589504546885],[84.03345396996535,26.160687111366034],[84.02743926804722,26.142401295015517],[84.05011705268046,26.130015527965664],[84.05597251389037,26.0999916303536],[84.10381154481958,26.092736863712677],[84.17245768831422,26.024604700427467],[84.17002718860945,25.987676182593976],[84.20707820842014,25.99983170213173],[84.29691447630142,25.945174301647132],[84.35395342308657,25.958782856207243],[84.41190116426498,25.930779901570336],[84.4275559484082,25.891235120596544],[84.53397997286814,25.87636933531999],[84.54322087061713,25.859955642052956],[84.52321937356912,25.86029028745942],[84.53052169542023,25.831611596314875],[84.54861340504391,25.828537324716574],[84.55211212051513,25.84018334791385],[84.62457464483015,25.79217147292682],[84.62346825291417,25.770796529471706],[84.60295629647821,25.761935468145772],[84.63465011233927,25.727941860808503],[84.56028289764313,25.736895716441825],[84.55743011526592,25.679511871456246],[84.53518778379696,25.69076966116253],[84.5394358864587,25.72672995356016],[84.52886831440193,25.682492634951338],[84.49933845566679,25.6746822933236],[84.4535093387457,25.714325960785853],[84.42964871765611,25.711615307522056],[84.42767788265729,25.69361704206454],[84.40673788855374,25.69842077203484],[84.40003937052963,25.729369749580094],[84.38439379286365,25.732774704615256],[84.3917004951081,25.745162978846583],[84.37522027393692,25.73532952079082],[84.33634492912668,25.744233696124592],[84.32434592816212,25.671033278670095],[84.28761123194364,25.67754674259838],[84.30025953481343,25.665394826004825],[84.2768621371233,25.660411854405783],[84.20601142320338,25.669464090555515],[84.19889475217381,25.702076814351567],[84.15466926649981,25.729244664215095],[84.14173712848029,25.716090310027624],[84.1298843943879,25.717788156603643],[84.13990059121049,25.731656990962254],[84.1050619217279,25.721216965750735],[84.0751581391174,25.695271623238543],[84.08127596808231,25.636307958524352],[84.01741176530648,25.614690385050594],[83.92119592410629,25.55198233932364],[83.90208895763598,25.524026333381457],[83.8762126694343,25.518062014129026],[83.85611033360912,25.46804163678768],[83.81655583303991,25.462759456951396],[83.81280962352307,25.448197363043167],[83.84192113102783,25.446920528528835],[83.8463534260082,25.43435136493212],[83.80156111834768,25.429831216315055],[83.80783535513608,25.409099182232154],[83.76897345760955,25.38635510720927],[83.74059409315316,25.410631684861016],[83.71012300356632,25.38604470295862],[83.70168271099436,25.396159645072487],[83.68205678906658,25.378624427722155],[83.69370738232016,25.36962848872525],[83.65594575394067,25.36836387478682],[83.6488012684734,25.33927080728207],[83.59628112534129,25.32766545242141],[83.57372366312912,25.30612507427381],[83.57205662797743,25.314664123077435],[83.53990783902485,25.31578641896111],[83.55409430659537,25.308491010023797],[83.52345743496303,25.30255571997005],[83.50545991557466,25.28103945221711],[83.4903766885913,25.289479801209307],[83.46792305134764,25.25234418939157],[83.45009070947455,25.261038434392223],[83.43622919796694,25.24423906812267],[83.4099122349581,25.246606306474156],[83.402040216192,25.2090640181467],[83.35724936245337,25.199661418935076],[83.35130152713272,25.157011310382032],[83.36736957441698,25.12522685340411],[83.35008755307223,25.113278126713038],[83.34335238694301,25.05087952304927],[83.32021588688508,25.017261372079016],[83.34981052423946,25.009248593314563],[83.343106570429,24.963072120592056],[83.36145277369086,24.95372234114094],[83.3545785880951,24.90546931528925],[83.36946180623353,24.879872783447514],[83.35752819671445,24.870541812869735],[83.39659404906739,24.832345275069212],[83.39305020687632,24.782733947040754],[83.42783196029605,24.768294795508687],[83.45809720719011,24.731345913618576],[83.4893396242709,24.73632854173405],[83.48512990161134,24.701672108557528],[83.5203797568326,24.677501990981437],[83.50049208700095,24.651251629497676],[83.54795971295569,24.622877033044617],[83.52352761390597,24.60313177485217],[83.5300964785025,24.56732196642606],[83.5222793987028,24.547662732389757],[83.49712169351317,24.53909567092463],[83.50329035711795,24.525429435605886],[83.39694270890904,24.49690107545666],[83.38551214745057,24.45126683562306],[83.40489410662406,24.435998574174924],[83.40507019009414,24.404784483623],[83.43441854544899,24.400752584268893],[83.4572661530939,24.3645495108154],[83.380368653126,24.31378009239915],[83.40716673904564,24.288782150445336],[83.40910181850361,24.266328175591678],[83.37873193200895,24.230360727285],[83.3829918831448,24.19791803203269],[83.35406210536726,24.124906739583782],[83.29945529081806,24.07892886438454],[83.2791097714292,24.018274686814927],[83.2425857300723,24.01158571609742],[83.22361047821526,23.986647835137447],[83.19948949017369,23.914582270954188],[83.0913767067537,23.871546637318477],[82.94787941110643,23.871422313590646],[82.83698682146085,23.956804337199703],[82.81257763733635,23.959895561794994],[82.8041829084135,24.00352473544475],[82.75070454121779,24.011978142959894],[82.77401947308628,24.076304332444614],[82.71389944606325,24.076249723747058],[82.70753996923536,24.09639144311107],[82.665238004032,24.124487351110865],[82.68288502236348,24.154591872965003],[82.72807757877881,24.13514294224762],[82.74443692075731,24.165480435029437],[82.73471474384557,24.217310953348942],[82.75929491173227,24.237057075366934],[82.7736380017695,24.343422126655224],[82.76400625969819,24.376269347161728],[82.72596926279927,24.367940772868057],[82.71320701805998,24.380235763587013],[82.73921034646781,24.427643921811672],[82.72989485640647,24.472651467041388],[82.74356322850934,24.49534678726881],[82.72063409486817,24.514032362382213],[82.73102748832336,24.53508337835811],[82.71918269672331,24.552469986502995],[82.75163908959493,24.54990684266418],[82.7555201267877,24.537446750607817],[82.80754497098837,24.548994384898503],[82.80303099891256,24.59768504149886],[82.76546192048835,24.59577096027049],[82.77954809177662,24.613935868478446],[82.77430165391108,24.641774716476924],[82.70670183710821,24.636274862269158],[82.70088847811243,24.67601868262785],[82.67084677849907,24.697026690075347],[82.53963448327396,24.647851436221288],[82.52295222075574,24.676269734340977],[82.45023837479764,24.674409680244054],[82.45302834058651,24.688537017890066],[82.42944794169446,24.702585690633413],[82.40620446993584,24.681119460964183],[82.41611021129403,24.59119843778567],[82.3647673483568,24.59719821048638],[82.3386389388823,24.620364477167307],[82.29680412308238,24.605840433354683],[82.30314305582482,24.66710296384207],[82.26875843238598,24.683404960680157],[82.26087401751157,24.66131235306693],[82.24900168862332,24.67116166934982],[82.23971135795601,24.661273102778964],[82.22971131235293,24.681787208188],[82.25011060192038,24.697452958238582],[82.25093426732194,24.76993031362662],[82.2451604583723,24.74441055269009],[82.22645826158409,24.761237113459355],[82.2288404995835,24.74558281032462],[82.20656922428991,24.747194593831164],[82.22130446365283,24.722327776680373],[82.21403870117186,24.73442506129233],[82.17745434788273,24.73232532116762],[82.20325678956996,24.7583395247833],[82.19654510006802,24.778059546789756],[82.20944487267258,24.771525777916516],[82.21792244967799,24.776675613630772],[82.216150385821,24.794140990254267],[82.18425728625577,24.79563299340021],[82.20359157899588,24.81920468036584],[82.16665055136043,24.80087503495532],[82.17890183673218,24.79506629811718],[82.16702113271049,24.785441922464013],[82.1386615173011,24.799462793667754],[82.11560920465644,24.78443631938129],[82.09765407435785,24.816148662056847],[82.01693993383256,24.845980123833662],[81.96526618499193,24.827039505309273],[81.90283632700164,24.891675305016115],[81.91964503419325,24.928124865398786],[81.90726969279481,25.00567297038834],[81.8955614439075,25.00951808504427],[81.89131354943935,24.988868175240352],[81.83481528754054,25.016972070614365],[81.79221272767269,25.00440737592753],[81.73150766077175,25.048641907081873],[81.6897522959941,25.038947808153914],[81.66654251802542,25.075111047576016],[81.61143405281393,25.05650152408596],[81.60035062447605,25.07384629853049],[81.6408635263836,25.09849244067944],[81.62408163425611,25.120036954662243],[81.60831668123825,25.096054939870125],[81.59806434114621,25.131335708854806],[81.62332026949825,25.141039386336573],[81.62621054352468,25.16046671700652],[81.58846342403982,25.1657697330927],[81.59562128610145,25.181821930180895],[81.578574223484,25.19085385039709],[81.5146033891205,25.184337372946825],[81.53650006592841,25.1605478754796],[81.52724380519078,25.138091067494887],[81.49950980557159,25.148681735710632],[81.49638401804873,25.128980018805866],[81.48005486981937,25.132549202512482],[81.49032172564523,25.10944504663599],[81.51809823175941,25.100738449104526],[81.50023756443474,25.09637776290418],[81.4911345206462,25.072323733052414],[81.40727000433643,25.104914315896014],[81.44765769446246,25.107172156759333],[81.43852473389852,25.130334664928753],[81.40618572526591,25.131287594474422],[81.4142941176846,25.120926703737695],[81.39992097604528,25.119219167021672],[81.33451637129367,25.169294778990544],[81.31956335922163,25.156782581701876],[81.33107909937068,25.11462864049521],[81.32147216983893,25.1127658531662],[81.31343014406141,25.163735687026282],[81.2775161556192,25.166000224119244],[81.25213728662942,25.102076604668458],[81.26667214798594,25.084389693460732],[81.2638211158095,25.05276452767911],[81.208924056068,24.992617518016193],[81.21963743167903,24.928619159810797],[81.19291001452164,24.9253521640447],[81.20719407018949,24.930432066564226],[81.16801198161521,24.955229177751406],[81.13960425651061,24.88752742196283],[81.09630217381113,24.921189355504296],[81.08450719085617,24.949907916236853],[81.03373058171823,24.952611690524964],[81.02557884942584,24.940053571070518],[81.01626664126172,24.951503049485183],[81.0230692373659,24.927620834267],[80.97385133414464,24.934192403226415],[80.95717766733242,24.91785348794261],[80.94600409816091,24.966265187933356],[80.89914848767432,24.948622075251997],[80.90707641217696,24.935052139859078],[80.89171672209635,24.945106813804973],[80.81199113169001,24.92254777214611],[80.82004982192832,24.932905699577393],[80.79220770470451,24.96486844583949],[80.85173592546028,24.98824861278885],[80.83178167946275,25.03287366640603],[80.87804056089766,25.065469249170363],[80.86843875559906,25.115679643018158],[80.91291198802193,25.159083141489035],[80.88466179942964,25.187938871831502],[80.8687925757438,25.174510944686286],[80.83814296801098,25.1803470440052],[80.84910392888548,25.16260169047299],[80.82988602937098,25.10006317144963],[80.80839654688282,25.136786883824794],[80.78637635307567,25.12944239557129],[80.77878026152827,25.14226097698071],[80.74195269202812,25.123633303707518],[80.73024161999544,25.146318755148496],[80.70438937446512,25.128374875597075],[80.72735156285995,25.11855252545903],[80.72545121154714,25.091431089148006],[80.78363355232662,25.075948873222934],[80.77576060563237,25.054824048945644],[80.72072118350891,25.064008883358717],[80.67973689983481,25.048457147266067],[80.68501265199947,25.076607265084643],[80.67292223203538,25.082524622794544],[80.66173639844905,25.067605426948756],[80.65596734581216,25.084713664574803],[80.62602588462697,25.082942974597927],[80.60808185468174,25.098432977795262],[80.63822688775308,25.116867373058806],[80.62851022547333,25.133397104827896],[80.61033846773091,25.129013575868672],[80.60654219610737,25.15035828347547],[80.59228629879796,25.09019727368902],[80.6131362314931,25.06569556163831],[80.56844663646739,25.08687703815241],[80.54580021353556,25.064401821488364],[80.52159734624679,25.076045810845745],[80.5181317299931,25.094703034438805],[80.48272223385393,25.100211026311474],[80.50662752074645,25.083974236684362],[80.50057917771811,25.04153121441479],[80.54606860805654,25.032417627036413],[80.54947573452401,25.002466208086],[80.49930225274403,25.006214614816788],[80.4786560883791,24.973953169623815],[80.4561446972286,24.981636009814917],[80.46285460039807,25.002533368279863],[80.43702554475172,24.994522891051254],[80.45487235148718,25.005729056306205],[80.43309161836781,25.023735490635257],[80.45444992378927,25.04222295189647],[80.47435333606448,25.030529460481898],[80.50187663143727,25.03724881825525],[80.47514698226283,25.037940506856277],[80.44964589746156,25.07849322718902],[80.43303201690576,25.065758334638137],[80.41610608135888,25.07317548867196],[80.40871689909964,25.055253344569408],[80.40062308914482,25.069572486259478],[80.38800374716875,25.050914355272674],[80.37365890139874,25.055911559284908],[80.3964404356369,25.011946234446928],[80.38731549527029,25.0043144205588],[80.36294905584137,25.02359720740909],[80.33099299323457,24.99219992136281],[80.2736229611124,25.025973240013602],[80.29053768200689,25.059538928524706],[80.31139771129439,25.044234336863628],[80.35533461624827,25.055634926860094],[80.348430156047,25.086652099854515],[80.3760823188524,25.116359244347546],[80.35455745842296,25.13835749330295],[80.43166591814452,25.177617141187365],[80.40334384586582,25.24403433424059],[80.38357647694482,25.23728895259531],[80.35142658001047,25.277157289060614],[80.31079988479799,25.286407039673406],[80.31541104511166,25.388871224185763],[80.26383817713193,25.424019525991092],[80.25341922621706,25.400834372451328],[80.22082092978785,25.396743494405595],[80.20237186929859,25.414036540232477],[80.19493151537976,25.378157730749987],[80.16896182419627,25.376858861784168],[80.13109688892645,25.334230132037497],[80.08878083623878,25.35585466533973],[80.07266988185685,25.336947018521997],[80.03341502432448,25.342023561280566],[80.01779181731871,25.32253241612893],[80.02221273543027,25.29761615534582],[79.99894342813202,25.285972928258527],[80.00511496219062,25.26571022099813],[79.94833035283719,25.26866239278549],[79.91755484867227,25.22682516707768],[79.90748826158114,25.250889863882442],[79.85137847796267,25.23555896095974],[79.86858931424023,25.216490590944655],[79.85601976616782,25.194052323330393],[79.86645554823261,25.149820807792864],[79.88153014484799,25.14204698085635],[79.8516169482985,25.128549401529902],[79.86153175210762,25.096210079459],[79.74849927150932,25.139351349358897],[79.68335752976995,25.135154721355992],[79.67322173699952,25.120358060648663],[79.62270632981829,25.140609831238123],[79.60113884921742,25.127486767028795],[79.60698576863595,25.15276863128266],[79.59568617261023,25.14336772696719],[79.56935874270356,25.171802007381704],[79.51794748722786,25.127034917436557],[79.52489457361511,25.096973104387036],[79.49150417728941,25.07965421234517],[79.46502460479297,25.088045616074304],[79.47724054536062,25.127451228046375],[79.43892060175654,25.101221190176346],[79.43919727634393,25.127802165833007],[79.42129653164172,25.13543248882601],[79.42613403206082,25.119055257969855],[79.40573954513177,25.106359438447942],[79.38394535504858,25.142706590152937],[79.38990413077363,25.170108491762452],[79.41163188810545,25.182697725109428],[79.412078788742,25.200318919651604],[79.44037072586485,25.198819535919107],[79.44883408856873,25.215073572444442],[79.43265685693648,25.220637103994616],[79.46246231704414,25.264666536743906],[79.49445900710367,25.266905686127924],[79.46721898819011,25.283296950963617],[79.43745276615162,25.254876953367113],[79.4088128605592,25.256091101715516],[79.40761389579953,25.27391594553332],[79.3685920852898,25.29245635857888],[79.36289908114091,25.261696360639352],[79.35830979338023,25.284236761813503],[79.33614729252447,25.288096315623594],[79.35223110516972,25.329882227882266],[79.29988612610076,25.33763448304054],[79.27051669420166,25.309716205199877],[79.26446587214235,25.268945185554504],[79.28267871636409,25.262161881320203],[79.29378741286654,25.283583629870826],[79.31651766876278,25.255957650479136],[79.33521489571996,25.269802468063844],[79.35086215673644,25.263920125914627],[79.34357579768869,25.227056656908157],[79.33275710291628,25.22827956468135],[79.3518943111986,25.212156622055424],[79.3383634887059,25.19795855858265],[79.32852704948061,25.221322820945208],[79.27925208328499,25.244729462102878],[79.28461661546757,25.19118774510429],[79.30850833085968,25.198286713247146],[79.32313373732957,25.149829513912735],[79.31365393888953,25.136235231465236],[79.26590232428528,25.121470723100323],[79.2648887316081,25.15172511200463],[79.24459751440315,25.159049925926627],[79.2241593877647,25.146047710102334],[79.24921980403211,25.140297664002357],[79.24543596272308,25.113975736534755],[79.22737241589789,25.1220011835534],[79.21502946746648,25.11140657843824],[79.19220958616123,25.146213911751897],[79.17618005619244,25.140059978639993],[79.18599551616141,25.114933111229515],[79.13188654705013,25.109014105036167],[79.11600257736947,25.139648884472603],[79.12609355556783,25.161219920516366],[79.0906302594445,25.190807496161998],[79.05080560477319,25.13398412438672],[79.02938069980546,25.14028656324907],[79.03091379162281,25.18448069679822],[79.05232919103373,25.20744458153105],[79.04858708527021,25.19345489106146],[79.05966608782563,25.19040899452479],[79.0636834404519,25.221757847183973],[79.02177340299362,25.24157192351081],[79.013221583764,25.274049904348267],[78.99437462419773,25.2731633601263],[78.97484431086677,25.240493364448238],[79.00118617805767,25.23369814633434],[79.00587346103379,25.19504719606315],[78.95385808982253,25.218962618305277],[78.88039591558068,25.15761630618171],[78.87063510784849,25.187013760869075],[78.89058475279259,25.21442429750096],[78.86953198051528,25.231107414528115],[78.88092163214559,25.25401095240717],[78.89977457681061,25.243116020931183],[78.91702579775087,25.27358499181462],[78.94514376529044,25.259419587486803],[78.95551291771784,25.28275859230926],[78.9799245683142,25.279046550979864],[78.95742755397599,25.30223808847658],[78.96061563893208,25.3450834132537],[78.92793402903507,25.32412895806948],[78.92254325473205,25.342898127558794],[78.91184157786546,25.332560748524475],[78.88200407103815,25.34363691757108],[78.86261630156304,25.314452039993366],[78.87989556489839,25.28597630277034],[78.8496535634109,25.228785357180318],[78.80947222837345,25.27060227521861],[78.82856614107308,25.30273714283954],[78.7877818324387,25.29600705798165],[78.79823662711817,25.313936220153288],[78.8192991059953,25.306940563985904],[78.84261369628291,25.336551943653255],[78.84615710141892,25.32697936482946],[78.84574305991866,25.355554607878087],[78.88024274142695,25.385892763370002],[78.95330007502545,25.39994946094259],[78.93829494098625,25.37482544744648],[78.89641838944661,25.37411097868038],[78.93871245246909,25.346976728787944],[78.95915885439379,25.37151109572788],[78.9893319081832,25.37404080236929],[78.96992913171083,25.39011367219847],[78.96699666530638,25.434623173688536],[78.9509355157386,25.440549609791823],[78.93826513939624,25.422248944969173],[78.90887279000992,25.44242051967128],[78.94390609255176,25.48292559323325],[78.91990066335295,25.515401063554812],[78.9528472587584,25.53753005068752],[78.9393661555508,25.557219615589432],[78.92336586593466,25.53593603325872],[78.91120343799672,25.55516226722476],[78.88264871523494,25.55396148931572],[78.88438203647662,25.515579242226842],[78.83495948265337,25.505820589306403],[78.86617108324371,25.46566864365389],[78.84415030245378,25.4277524937523],[78.82072537750855,25.43869098344703],[78.85488794505311,25.44769488505368],[78.84089036830656,25.461499106554644],[78.82060803891567,25.46774420201862],[78.8091703180941,25.453413775154882],[78.8182494683458,25.471651952434172],[78.79156106907949,25.483419437080183],[78.7678288649149,25.46942807314088],[78.73634974506865,25.493815500287436],[78.73182734417368,25.458058689591734],[78.76235969764014,25.426900351706905],[78.8029707356478,25.437162341901953],[78.82137363763889,25.422578067441304],[78.74973994507127,25.41105953685203],[78.7481452118592,25.390988985647287],[78.76798487146469,25.400031093639097],[78.75692273888905,25.385444051217785],[78.77365965097954,25.37616764152322],[78.774587784571,25.353104129308303],[78.72412234759065,25.343967256271398],[78.69960431150913,25.381888647662937],[78.65894873734572,25.38528664009266],[78.66600953921855,25.41581419724208],[78.67489877354264,25.399567324904258],[78.71142753781781,25.42810269284441],[78.68986585613354,25.44574803376444],[78.68171241277068,25.433221996298283],[78.65983459897375,25.441660058973923],[78.64135672959135,25.433493914204135],[78.63581652370846,25.40069484116497],[78.60966672839176,25.41602236644841],[78.59019353840344,25.386026828464686],[78.56650465377227,25.393534378067084],[78.5628905994783,25.377261675518046],[78.57778383713122,25.38123906997916],[78.58876850685766,25.365968386719178],[78.58329054413382,25.346973991421194],[78.56137914310348,25.34121595769224],[78.53199895680314,25.356578073248183],[78.55306755978823,25.31964191738737],[78.53119302184096,25.300018260117973],[78.50989696756835,25.295552821739626],[78.50230006017762,25.320899425075858],[78.4729453826157,25.28550224482736],[78.45379264070586,25.301266188127077],[78.43503084571681,25.284164041231428],[78.45085363884327,25.26210792477333],[78.50343369098906,25.289526550618472],[78.51055996888081,25.276776867809236],[78.53091967617672,25.284651045836394],[78.53361472985468,25.268370538552077],[78.57790185247643,25.25481884670154],[78.55553723794824,25.21141931603874],[78.57020280155433,25.22387845925666],[78.60067793848219,25.15539204794862],[78.60244947057942,25.09442152762487],[78.6281449977571,25.086199184220078],[78.65261670155715,25.050592469397284],[78.63173100561107,24.957694061386878],[78.66339325882832,24.938442399446835],[78.67655975638843,24.89863117059992],[78.77003672137529,24.85901974967489],[78.7898390509095,24.810977868382004],[78.77039767951706,24.788400793126975],[78.7809998926241,24.70607574018215],[78.74392792295006,24.654059854532544],[78.75203016911783,24.600179873653662],[78.78378711776436,24.588560325052363],[78.83461067628956,24.60455547926719],[78.84330151037422,24.6232902949071],[78.85976527912155,24.617640576573855],[78.8680162366582,24.63998963218553],[78.88323256049101,24.641293527999956],[78.92015186748363,24.574812103247847],[78.95321011349567,24.546895855528],[78.9472554057408,24.50240402994233],[78.97152153440005,24.494241776316233],[78.93621897460679,24.4794226330001],[78.92057591409977,24.499718890690946],[78.91420947462197,24.459617737540302],[78.9399246271776,24.453451554072814],[78.94748376899784,24.43662189407072],[78.98576122608273,24.441683678437048],[78.99364771610641,24.422750151746683],[78.97145395161297,24.34760583846097],[78.9096377035989,24.29799495448783],[78.91607017583684,24.26762632109786],[78.8843741432595,24.250000012829577],[78.88185411539206,24.217009155591825],[78.84688734151496,24.21377002370659],[78.82674810272961,24.19544634219182],[78.81494615020394,24.206804480885328],[78.81267488586514,24.181027245283392],[78.79282197813632,24.17682872201859],[78.76189156186625,24.25953690052416],[78.75042419503845,24.23388695217961],[78.73416604068312,24.252405124209897],[78.70305791231682,24.22692324242294],[78.6686337117398,24.240037326778772],[78.66004569425276,24.267594697918597],[78.62580303303629,24.280590646572453],[78.62844280995566,24.303937966503483],[78.60364634016634,24.314499724526748],[78.586004323394,24.353742298595858],[78.52988419144839,24.368095180571316],[78.51838035224317,24.38781875332961],[78.50047772047051,24.389073608831804],[78.47429432125034,24.35633553737531],[78.47758138916338,24.338484380712543],[78.44389064403873,24.319345489643016],[78.43998693652173,24.29588248980433],[78.41163498636726,24.27163286816526],[78.38566891162948,24.26966874817683],[78.3480462270914,24.299577785946994],[78.32920091143242,24.329448068369306],[78.36578652707979,24.385976220990234],[78.26968957764203,24.446939188140092],[78.27497912449572,24.4739234360872],[78.24589046463345,24.486139174721355],[78.24601648053131,24.509539049207813],[78.2254184559564,24.52137196770386],[78.2294432270863,24.537533976402166],[78.26446944475231,24.552202345606492],[78.27798347228028,24.614757584303295],[78.26267358078307,24.64600180015652],[78.27669667016376,24.662993114418125],[78.22614323589004,24.7469120080099],[78.23574459515366,24.771748212310953],[78.21667858800733,24.808594448516637],[78.16897049043038,24.862619909564227],[78.1735087103259,24.878638068823758],[78.33385237466955,24.995499619972115],[78.34737274189811,25.021531464719544],[78.33863497425996,25.086581359370726],[78.38345217633693,25.101719902727066],[78.4068218657881,25.128934212175174],[78.4481957479526,25.12591326826163],[78.42729984556397,25.153988153743324],[78.45824719011257,25.16460807981283],[78.39607777383863,25.187216443544678],[78.39138210543226,25.20119131812663],[78.41095197922414,25.21266596452544],[78.3597999942071,25.24219321339098],[78.37251418094846,25.25990687375495],[78.35011060145723,25.277327302568086],[78.35458581882926,25.292254388128878],[78.31173418638521,25.303300589733514],[78.34379321406843,25.328455828346378],[78.32805789302388,25.35254293404903],[78.30080118948787,25.35993153957531],[78.30531204500599,25.376751133703863],[78.34053029262844,25.399520659843777],[78.35454453229623,25.45197906556687],[78.37766068687363,25.436810593433673],[78.41648543726734,25.476478098959632],[78.43130656359301,25.473629613038977],[78.41934049753287,25.532964094650623],[78.44359920633015,25.56320362511884],[78.46469369187774,25.54550860371189],[78.49333850137843,25.578697780645918],[78.58774171581781,25.556600204726],[78.61813623861099,25.583662571345094],[78.63079678576007,25.578932543939903],[78.62419297215163,25.56737836110873],[78.65867489651059,25.559886657099515],[78.71732912611432,25.605329195674493],[78.74214936605146,25.59699318905262],[78.81176271307449,25.620782511681618],[78.81670423566977,25.67632145709682],[78.79991169127592,25.705068234556897],[78.7633317013021,25.719929726853795],[78.75285582425607,25.750002434219514],[78.7828829041021,25.758482969228016],[78.80828756594697,25.80097115995704],[78.82861660332604,25.79570756128488],[78.82831017509174,25.814338163747486],[78.80626639607074,25.81309286447103],[78.81843532574268,25.829007305210812],[78.84555115599132,25.82155485771576],[78.85714756507988,25.79181523966673],[78.87244444153201,25.801378959511194],[78.87257846586981,25.83509295749607],[78.85140719237386,25.838462462064644],[78.85240623833496,25.85664649488371],[78.87305664502118,25.875138834582692],[78.88737906606957,25.86849481512433],[78.88463912186938,25.91392951637183],[78.93895646532572,25.942687090034582],[78.93317921490147,25.979331876286114],[78.95681428786898,25.99653801871169],[78.94826299328584,26.02774923373532],[79.01206315147223,26.083184846718883],[78.94887043930028,26.12867977014793],[78.9669558057838,26.150142603749487],[79.00489540226584,26.148049811745103],[79.00446865689312,26.169215608775044],[78.98311385666247,26.184358310071335],[78.9936657103081,26.19689173473564],[79.02583037544927,26.191765391849124],[79.02582147322393,26.22009804851138],[78.98935560861956,26.234975982138952],[79.01944220943857,26.24760914855887],[79.03459853834174,26.225370480589124],[79.06344474484588,26.22590465001549],[79.06969513479794,26.24569658738815],[79.04564409577931,26.260307334061487],[79.0770085190104,26.280620472276063],[79.09064824053591,26.270027930835536],[79.1019288316798,26.30681526112044],[79.11859820213945,26.300336377957166],[79.1155273384144,26.32047747884395],[79.13883078085449,26.337513365365176],[79.08424407541666,26.36232046433537],[79.09520640554938,26.41263598247215],[79.125983698707,26.411253583324797],[79.1351777969084,26.440131045940625],[79.05261636464635,26.453738261461925],[79.06812686816615,26.496621054183855],[79.03966091509305,26.515114231824057],[79.02833796507454,26.54668762870104],[79.00774363803475,26.54386968935303],[78.98758789294898,26.586322692472102],[79.0170629022836,26.601035952504922],[78.99346017141245,26.64190719361151],[79.00377897414339,26.67373896517832],[78.97914628543296,26.67563164127368],[78.94548794183348,26.654821623890154],[78.95605594752939,26.691680366526867],[78.91256389837838,26.706834264534088],[78.87236229817462,26.697786782530056],[78.81899030943731,26.760941767615478],[78.77101823877081,26.75908087883618],[78.75359691493114,26.787012182028263],[78.72719277902034,26.77647020167155],[78.722902914675,26.797267981794565],[78.68452504087142,26.788753751554946],[78.67052861878302,26.762406748995392],[78.6284461303298,26.773229164116405],[78.61299837083956,26.75243036086882],[78.57685860676813,26.748966517137045],[78.52323039425079,26.780314591750344],[78.46169745720948,26.78818562449194],[78.434292711893,26.825705232671375],[78.39904844206049,26.818480024229864],[78.36264776359778,26.869237339885082],[78.28251343406441,26.8544353711168],[78.2724572771791,26.815925074450142],[78.25996132239291,26.81416774390552],[78.21958750364489,26.832668683502483],[78.19682352651265,26.879522432083483],[78.23264465875623,26.874275865707965],[78.27179774402353,26.917571126332202],[78.22420301742123,26.94646150063994],[78.21013598991988,26.93122564249156],[78.1719915960259,26.948172735581704],[78.11855668739572,26.946972631695107],[78.12181705062427,26.922578761979533],[78.10163813767733,26.91698330506705],[78.11119752165727,26.895877079500288],[78.04880661976682,26.910132686015068],[78.05597390381702,26.86839159519832],[78.02647410925893,26.84953415550739],[78.03547614642615,26.870795083278242],[78.01458636708665,26.90291119715911],[77.98721132024258,26.889347687701868],[77.97133952284594,26.90587055615724],[77.94840529452729,26.893577663053012],[77.90636012905247,26.917778842645035],[77.89648912935533,26.883997607614884],[77.8502424588319,26.912828972645038],[77.75985265005153,26.932458894729677],[77.75317569979228,26.916874834335974],[77.72491825165152,26.910381777680243],[77.72261000536129,26.874318263226964],[77.68665126419515,26.87524947194381],[77.61033876872067,26.8285771838762],[77.60837048383536,26.839120756020556],[77.57448023240572,26.820863118938735],[77.52568621207278,26.81887162584444],[77.52071283763425,26.841520791477855],[77.50117235411162,26.844454230878235],[77.48746605911293,26.788154072673706],[77.50276954776527,26.76931144626732],[77.48522603587477,26.748014274836066],[77.45456349437927,26.74187324756023],[77.4669082076499,26.773734004426583],[77.43134269849243,26.77107881483317],[77.44585932956893,26.814667111760777],[77.42211860754028,26.840968172291287],[77.42728377250843,26.864086717943835],[77.49025638473707,26.900491434211226],[77.58319683077055,26.92416095106935],[77.66088302355597,26.97121836398091],[77.67216729058282,26.9599699094211],[77.67624690068004,26.973220007315344],[77.743474326695,26.983166146888586],[77.76295728592669,27.006845458964232],[77.73768667625062,27.029751049455484],[77.73005912223849,26.993888297553184],[77.71194098011594,26.99710471588004],[77.67976650861141,27.047083460615056],[77.6655834743007,27.01725204962152],[77.6422149279246,27.02566599481958],[77.63002813178085,27.010207476612145],[77.57919158016877,27.03820693529504],[77.5632078246596,27.02937067947006],[77.57168983362477,27.071868277778535],[77.51934591895699,27.06661953404067],[77.52635890314505,27.084619201495343],[77.50544316681301,27.09229787006393],[77.51774112710801,27.102459551902125],[77.59784505401593,27.117999836460474],[77.61995681251707,27.173550356855547],[77.65840253277734,27.170105942510748],[77.68113044882598,27.194403789393018],[77.64671430772798,27.21021833762652],[77.65282116876492,27.234842651619466],[77.61642945925404,27.257802411095668],[77.6168288150218,27.28644997577747],[77.59866735181424,27.297204238996017],[77.62189835679021,27.313048310787604],[77.62270954920552,27.336185602008495],[77.57878339371754,27.322663907823205],[77.5071883521859,27.377090044977646],[77.43952940169227,27.390715735666745],[77.42110203327803,27.42201797403551],[77.43781399441689,27.456318362770393],[77.40154866794528,27.476504528356106],[77.38739095297746,27.512892754841676],[77.33999299602696,27.526619628603367],[77.33727283794109,27.56976106762646],[77.3582180561239,27.588960773785615],[77.31705933660382,27.606751580119543],[77.35258300940902,27.651237427333875],[77.34115064645277,27.703367288308286],[77.30383654289169,27.71108728157648],[77.31937609728412,27.733486383795857],[77.31043630988913,27.788082482804782],[77.2829387584432,27.79978911509606],[77.29647764102587,27.82521632711927],[77.33117891707904,27.831051911595065],[77.34833300014338,27.855547107257653],[77.4218558435377,27.854377339804273],[77.40932334950712,27.874170463434744],[77.4201348658261,27.890441774278425],[77.4505343970968,27.87102705184022],[77.47217472994865,27.883592691396228],[77.48473866573318,27.934946737762598],[77.50181559067738,27.925218837177656],[77.53660916375769,27.933980245315258],[77.54423040614759,27.962212623850338],[77.51697272467379,27.971151084096554],[77.54243136568644,27.989093419272802],[77.51275835179922,28.03188725901288],[77.48364110287854,28.040451362172828],[77.50124177328529,28.058519558698624],[77.47426168923606,28.087435453130663],[77.48261973923202,28.107186236846182],[77.49938136224304,28.094606618884978],[77.51235951123779,28.124842586320028],[77.49135776874714,28.13653704688817],[77.50210136365367,28.16118265905382],[77.54964092432819,28.179752610925284],[77.51747909732188,28.193137064517472],[77.50119358995917,28.181670782396488],[77.49696355714188,28.205349653568067],[77.53026080252701,28.198607739375138],[77.52128480610828,28.224441518838336],[77.55042094309879,28.242355543325214],[77.49269065485663,28.251981234370234],[77.50707256527929,28.305687818635135],[77.47121355702036,28.334820919566447],[77.50482150726606,28.36999445144586],[77.47343911452788,28.396974874119536],[77.47763091714867,28.419055325092152],[77.4355154479206,28.430945449712375],[77.4334333283192,28.454916119540798],[77.38047109237979,28.470268263103634],[77.37173551935285,28.49843982237303],[77.3516344887139,28.500080021101482],[77.34737245654665,28.52054573101976],[77.29997277118343,28.55975676528003],[77.29837898013317,28.58015053710871],[77.34241620427976,28.608884893015738],[77.31626515672228,28.641215013948475],[77.33107790428596,28.713101667950927],[77.29151662065287,28.70615317692658],[77.29076729431023,28.722384378139505],[77.22186807408269,28.77739078448176],[77.23414766775659,28.78371836891459],[77.19928200343988,28.797695230604607],[77.22439340723024,28.82532176561599],[77.18868235608566,28.88007743047537],[77.22666779219499,28.880086514393277],[77.23449637943577,28.910804561579155],[77.19644716807282,28.938209556093884],[77.18911940721614,29.0276684267845],[77.16697390155247,29.033816988246684],[77.1637625825614,29.079425750372607],[77.13408170488471,29.09514796997394],[77.14908458289808,29.11764747843229],[77.13141416538453,29.217488691070823],[77.150002010932,29.23276079841971],[77.13895394934427,29.26784329929501],[77.16115481557206,29.332360105406288],[77.12952595876723,29.342576652741634],[77.12329539194877,29.3703426997736],[77.1574068597722,29.387306942253765],[77.13325345907272,29.400841093975743],[77.14842371628079,29.434078320007917],[77.12320882392493,29.45537362514498],[77.13330877505418,29.483063267079647],[77.09637137403517,29.519494061601193],[77.12683644312526,29.559452359999195],[77.0839493721284,29.5890431457641],[77.10952945695264,29.597434899546375],[77.10620488308338,29.632331138635234],[77.13151775903142,29.641840096275658],[77.15655277563762,29.692582529856292],[77.11980886361766,29.760078872288542],[77.17939971113614,29.81307502464982],[77.17824932867164,29.84579897426511],[77.20203107305849,29.86890394366189],[77.18797320687507,29.91135850554674],[77.21748381818546,29.923419198679852],[77.27766375745975,30.000237854474125],[77.27778410860999,30.04181110436406],[77.33430343797481,30.053739049072576],[77.3774532585512,30.090022787182516],[77.40619783560703,30.08825079495119],[77.42386082390061,30.10320646233661],[77.40316014178099,30.111746361954626],[77.42505282220627,30.131454775138657],[77.42975665166334,30.163981955821736],[77.45694392319527,30.162343930813496],[77.47540314561122,30.179118644675928],[77.53824685191208,30.27796293802968],[77.58629437859949,30.31270209140233],[77.577980836262,30.33077732846439],[77.60459116831302,30.36739419988514],[77.57603663253236,30.397385603006427]],[[80.46097030494343,25.11487747894786],[80.44438308260493,25.127770192248907],[80.437136062724,25.115771909623902],[80.46097030494343,25.11487747894786]],[[80.48305555917831,25.067243292152696],[80.47349964537023,25.063050682213042],[80.48516574915634,25.05463061583285],[80.48305555917831,25.067243292152696]]]]}},{"type":"Feature","properties":{"OBJECTID":28,"STATE":"KARNATAKA","Shape_Leng":4681890.99371,"Shape_Area":189341607595.0},"geometry":{"type":"MultiPolygon","coordinates":[[[[74.67563140021994,13.193725599978366],[74.67509840002458,13.19340870003608],[74.67528469994231,13.193930299771504],[74.67563140021994,13.193725599978366]]],[[[74.67551839959663,13.194968799614507],[74.67503570000916,13.195152800261557],[74.67515740041556,13.19545289975288],[74.67551839959663,13.194968799614507]]],[[[74.67292499981706,13.19640299977356],[74.67239800011968,13.196029000455722],[74.67246599964244,13.196403000163128],[74.67292499981706,13.19640299977356]]],[[[74.67425139988342,13.197199099651206],[74.67400400021212,13.19687980018609],[74.67405149983118,13.197374299920194],[74.67425139988342,13.197199099651206]]],[[[74.67183090015155,13.197699000079215],[74.67130759972736,13.197697999598901],[74.67147320006086,13.197954300443694],[74.67183090015155,13.197699000079215]]],[[[74.67150920009517,13.199067999959917],[74.67087829972938,13.199724700094539],[74.67169439971885,13.199329999604863],[74.67150920009517,13.199067999959917]]],[[[74.7210410003819,13.24330120042072],[74.72055769982852,13.242645199951214],[74.72072770038339,13.243523899813908],[74.7210410003819,13.24330120042072]]],[[[78.3958383990602,13.351113841681526],[78.39554023878844,13.350603788955077],[78.39495938577602,13.351477630380122],[78.3958383990602,13.351113841681526]]],[[[74.72125939954046,13.272749400399254],[74.72092799984728,13.272593400043393],[74.72079830034308,13.2730866004029],[74.72125939954046,13.272749400399254]]],[[[74.70035874545457,13.279919494345034],[74.6990837440847,13.280599492698483],[74.7000187446004,13.281007493883804],[74.70035874545457,13.279919494345034]]],[[[74.70057530031794,13.282958489707438],[74.69984430068502,13.28326448958124],[74.70013330005845,13.283689489854693],[74.70057530031794,13.282958489707438]]],[[[74.69020289999868,13.331104900219586],[74.69194499978455,13.331351900218236],[74.6917766999152,13.330849299821631],[74.69020289999868,13.331104900219586]]],[[[74.69067446001476,13.333126728602386],[74.69030061910333,13.333126729302032],[74.69067446004091,13.333347981293448],[74.69067446001476,13.333126728602386]]],[[[74.6891225002962,13.339606899722522],[74.68683109991319,13.337135700008396],[74.68792470000585,13.340920399876245],[74.6891225002962,13.339606899722522]]],[[[74.68110540017031,13.344673600165958],[74.68178280023245,13.344328299597843],[74.6817826997717,13.343757899634245],[74.68110540017031,13.344673600165958]]],[[[74.68220690032452,13.344995600192673],[74.6819455000142,13.34483090022286],[74.68195290004797,13.344991500168959],[74.68220690032452,13.344995600192673]]],[[[74.68231280012527,13.343609700058993],[74.68683619995167,13.34222999982613],[74.68588540028621,13.341224799889188],[74.68231280012527,13.343609700058993]]],[[[74.6817955001312,13.347286800380255],[74.68132680025596,13.347290299733213],[74.6812688996853,13.34770479979685],[74.6817955001312,13.347286800380255]]],[[[74.68162799976972,13.348194199949797],[74.68235650011727,13.348317500290774],[74.68318279959487,13.346698999606108],[74.68162799976972,13.348194199949797]]],[[[74.68288700030715,13.360266000158386],[74.68266599983144,13.360096000259276],[74.68266600041393,13.360282999636535],[74.68288700030715,13.360266000158386]]],[[[74.68259483386463,13.360647117681735],[74.68249283422814,13.360409117327801],[74.68245883354192,13.360664116984482],[74.68259483386463,13.360647117681735]]],[[[74.6816901001362,13.361173999828933],[74.68155609967654,13.361040599647355],[74.6815532001237,13.361213899635837],[74.6816901001362,13.361173999828933]]],[[[74.67464379986625,13.37575680000995],[74.67562849993732,13.3757954002037],[74.67568680030723,13.375777399564589],[74.67528070026127,13.37522209965232],[74.67464379986625,13.37575680000995]]],[[[74.6736390004464,13.377198000244737],[74.67369000006244,13.376892000003709],[74.67346899960728,13.377197999985778],[74.6736390004464,13.377198000244737]]],[[[74.67422159974677,13.377225499651221],[74.67558969956877,13.376247100417537],[74.6739392003415,13.376156499797297],[74.67422159974677,13.377225499651221]]],[[[74.67496500010638,13.377503999999483],[74.6748459999886,13.377249000374615],[74.67472699993891,13.377487000411696],[74.67496500010638,13.377503999999483]]],[[[74.67126489961373,13.380099699750794],[74.674169799756,13.380380500162163],[74.67395389978289,13.37703999960949],[74.67126489961373,13.380099699750794]]],[[[74.6849516599884,13.382621571258737],[74.68326360051209,13.380456917344308],[74.68196032178585,13.384219006830607],[74.6849516599884,13.382621571258737]]],[[[74.66561840035456,13.4530785001034],[74.66455440030711,13.452598299700743],[74.66499999962092,13.453182000189576],[74.66561840035456,13.4530785001034]]],[[[74.65139045001095,13.655402433292936],[74.6512264185633,13.655181180559918],[74.65118064177467,13.655352841713697],[74.65139045001095,13.655402433292936]]],[[[74.6514812700219,13.656089285459897],[74.65117609469704,13.656001547530463],[74.65130579468399,13.656272390696417],[74.6514812700219,13.656089285459897]]],[[[74.65232480002499,13.657666599706141],[74.65199279982834,13.656952799987986],[74.65197619959443,13.657625099564601],[74.65232480002499,13.657666599706141]]],[[[74.6525737999718,13.65899460006159],[74.65206750035985,13.658280800299272],[74.65220860046554,13.659384699911671],[74.6525737999718,13.65899460006159]]],[[[74.63835590018695,13.6775451000166],[74.6379575004059,13.677354200172635],[74.6383973997815,13.67782729970047],[74.63835590018695,13.6775451000166]]],[[[74.6423399002749,13.68033389972464],[74.64289600005412,13.680458399838859],[74.64259720047404,13.680109799680539],[74.6423399002749,13.68033389972464]]],[[[74.64333590006349,13.681280100130973],[74.64300389965952,13.681014499680437],[74.64297070018863,13.681280099996519],[74.64333590006349,13.681280100130973]]],[[[74.63677890036794,13.684683100459974],[74.63585760018816,13.68490720009553],[74.63657970008465,13.68515620011695],[74.63677890036794,13.684683100459974]]],[[[74.62458310000804,13.685598099779865],[74.62417539961372,13.685213299884877],[74.6241696995851,13.685547199747468],[74.62458310000804,13.685598099779865]]],[[[74.62894799985487,13.776557499683149],[74.62871909955958,13.776468300434468],[74.62865780014371,13.776658500130601],[74.62894799985487,13.776557499683149]]],[[[74.6157369002986,13.82741110013129],[74.61556799984425,13.827141599865241],[74.61549360001078,13.82721269980182],[74.6157369002986,13.82741110013129]]],[[[74.6149819997612,13.828104900297305],[74.61464630033488,13.828214499978401],[74.61500680003863,13.828165899694781],[74.6149819997612,13.828104900297305]]],[[[74.6154540997541,13.828331200411585],[74.61511190044604,13.828170599940714],[74.61516530006656,13.828422400142419],[74.6154540997541,13.828331200411585]]],[[[74.53922220044281,13.887750199913025],[74.53913500044423,13.887565900269136],[74.53907870040193,13.887843200310156],[74.53922220044281,13.887750199913025]]],[[[74.58134960037228,13.889996500346328],[74.58113890033076,13.88964309963271],[74.58107819991851,13.889941700345133],[74.58134960037228,13.889996500346328]]],[[[74.53883450044994,13.88869240008487],[74.53856220042759,13.888611799992733],[74.53848420013739,13.8887580002542],[74.53883450044994,13.88869240008487]]],[[[74.5261399004296,13.973730600362776],[74.52580789973756,13.973373699908246],[74.52575809979369,13.973655900254045],[74.5261399004296,13.973730600362776]]],[[[74.52417280041746,13.97517479998505],[74.52391549967894,13.974834499998876],[74.52380760002032,13.975249500097815],[74.52417280041746,13.97517479998505]]],[[[74.50912489964011,13.981806500104264],[74.50903360023048,13.98163219980743],[74.50904190035517,13.981814799613824],[74.50912489964011,13.981806500104264]]],[[[74.5098689002976,13.981954000271577],[74.50959349970734,13.981892400016733],[74.50979189962051,13.982077199578072],[74.5098689002976,13.981954000271577]]],[[[74.50939120041461,13.982133000418472],[74.50921589965837,13.982042499781212],[74.50923519969028,13.982204200348699],[74.50939120041461,13.982133000418472]]],[[[74.50560569960946,13.997692699671026],[74.50544799960946,13.99744370009169],[74.50532349991661,13.997767399609494],[74.50560569960946,13.997692699671026]]],[[[74.50600409953603,13.998995800363787],[74.50566380022046,13.99901240028927],[74.50590449954358,13.999128600155336],[74.50600409953603,13.998995800363787]]],[[[74.50689220040339,13.999468899722917],[74.5063693002742,13.999626599998708],[74.50676770017672,14.000116300020704],[74.50689220040339,13.999468899722917]]],[[[74.50580489975879,14.000929699747793],[74.5057052997879,14.000747099844437],[74.50535669999977,14.000996099785864],[74.50580489975879,14.000929699747793]]],[[[74.47976780025829,14.010242299856706],[74.4824320996891,14.007196200166707],[74.47912039970578,14.008325000436296],[74.47976780025829,14.010242299856706]]],[[[74.32360330006586,14.010707100067139],[74.3227235003022,14.010640700410182],[74.3232712995253,14.010997600319282],[74.32360330006586,14.010707100067139]]],[[[74.49198310546024,14.017982104396046],[74.49180229481058,14.017498628769909],[74.49154315669946,14.017638863651078],[74.49198310546024,14.017982104396046]]],[[[74.48876499959164,14.019803900029224],[74.4882337999707,14.019314199614014],[74.48786029960924,14.019687699913751],[74.48876499959164,14.019803900029224]]],[[[74.48703860009905,14.024584699702542],[74.48644929982443,14.022576100321896],[74.48434940028922,14.022601000135674],[74.48703860009905,14.024584699702542]]],[[[74.48566079985135,14.025373200327472],[74.48551969980065,14.025472800227107],[74.48565250035678,14.025456200121335],[74.48566079985135,14.025373200327472]]],[[[74.3248150996875,14.02028530001587],[74.32958760006763,14.015778399803862],[74.32487319960538,14.014317600179286],[74.3248150996875,14.02028530001587]]],[[[74.4784730000641,14.082369299704183],[74.47881329978613,14.082045600163207],[74.47843979982511,14.082170099900226],[74.4784730000641,14.082369299704183]]],[[[74.47152730015087,14.083996500376735],[74.47023840044537,14.084520799948162],[74.47164669985222,14.08424040011864],[74.47152730015087,14.083996500376735]]],[[[74.47963500013309,14.087681300055396],[74.48061439961828,14.087282899743343],[74.4809878999035,14.086909400373331],[74.47998359962054,14.087174999908246],[74.47963500013309,14.087681300055396]]],[[[74.40228400008561,14.315674999882688],[74.40083200027689,14.3120669997197],[74.39776300034536,14.312914000359202],[74.40228400008561,14.315674999882688]]],[[[74.38715639959713,14.41835330030807],[74.38797810026176,14.417066800164966],[74.38655880007258,14.417299199706902],[74.38715639959713,14.41835330030807]]],[[[74.3190880996442,14.517214600406126],[74.31883080027974,14.516965600383193],[74.3189387004149,14.517380600066145],[74.3190880996442,14.517214600406126]]],[[[74.31963590033831,14.51913190015534],[74.31932050008875,14.519123600049765],[74.31942840033051,14.51923980017396],[74.31963590033831,14.51913190015534]]],[[[74.30965100030808,14.52588809985724],[74.30866330015049,14.526037499877026],[74.30952649989082,14.52625329977494],[74.30965100030808,14.52588809985724]]],[[[74.27306999956434,14.624900000022723],[74.27284500005955,14.624645000149762],[74.27289000025831,14.624980000046099],[74.27306999956434,14.624900000022723]]],[[[74.27363000013445,14.636879999898385],[74.2732449999096,14.636825000170457],[74.27354500023402,14.637050000144672],[74.27363000013445,14.636879999898385]]],[[[74.27683000014653,14.661345000045365],[74.27684499995509,14.660315000122464],[74.27581000034517,14.66071500012583],[74.27683000014653,14.661345000045365]]],[[[74.25431000015949,14.70429499981999],[74.25403499964858,14.704205000054117],[74.25409000026895,14.70435499960229],[74.25431000015949,14.70429499981999]]],[[[74.25272000020806,14.704714999838247],[74.25218000023607,14.704535000165341],[74.2521049999694,14.70479000005015],[74.25272000020806,14.704714999838247]]],[[[74.2386282875684,14.711368310242554],[74.24013133014849,14.708726832992383],[74.23771578864498,14.709274224913726],[74.2386282875684,14.711368310242554]]],[[[74.25691665334355,14.722534548233076],[74.2541592487981,14.721681436930842],[74.25469269678446,14.724700339111532],[74.25691665334355,14.722534548233076]]],[[[74.14918570008783,14.724781000311019],[74.14850539994937,14.725044099568532],[74.14856709973598,14.725212300295869],[74.14918570008783,14.724781000311019]]],[[[74.14698479974467,14.726477599982406],[74.14850059980475,14.725234399695863],[74.14585699981235,14.72539639997202],[74.14698479974467,14.726477599982406]]],[[[74.16516969983601,14.735116799937453],[74.16409800039541,14.734049199784248],[74.16460759975493,14.735309900228774],[74.16516969983601,14.735116799937453]]],[[[74.2292704996725,14.740838899827144],[74.2291790997219,14.740733400414134],[74.22917439960952,14.740828100182984],[74.2292704996725,14.740838899827144]]],[[[74.15808002692555,14.73872701958008],[74.15238575409094,14.740021433363927],[74.15338874936796,14.742213086855102],[74.15808002692555,14.73872701958008]]],[[[74.12891112977918,14.757487253862449],[74.12954855198522,14.758487116566526],[74.12976454925659,14.758275477474784],[74.12891112977918,14.757487253862449]]],[[[74.14561108290006,14.763094739196072],[74.14324978860098,14.758307648151058],[74.13843975151862,14.760862847970124],[74.14561108290006,14.763094739196072]]],[[[74.08722760010149,14.792890800145647],[74.08678770024537,14.792791200247107],[74.08692049977014,14.793073400331188],[74.08722760010149,14.792890800145647]]],[[[74.07181260016146,14.819543700129529],[74.07158269975352,14.818859599640723],[74.07029400007228,14.820003400452196],[74.07181260016146,14.819543700129529]]],[[[74.06668080007083,14.82017080014666],[74.06625720043745,14.820083700463705],[74.06654740010798,14.820396999615811],[74.06668080007083,14.82017080014666]]],[[[74.10796694207268,14.842540006858878],[74.11165078669367,14.845233049517391],[74.11305044739423,14.842336769063811],[74.10796694207268,14.842540006858878]]],[[[74.10703164658744,14.865714331153548],[74.1066088618394,14.864837615801907],[74.10626505069428,14.865275934504885],[74.10703164658744,14.865714331153548]]],[[[74.10191721208965,14.87825455605977],[74.10172635928893,14.87630189521687],[74.10002298082965,14.876746384280604],[74.10191721208965,14.87825455605977]]],[[[74.09481159956309,14.880330500420694],[74.09440069964512,14.879666600059673],[74.09415420021377,14.879991099615777],[74.09481159956309,14.880330500420694]]],[[[74.2921918206298,15.830267023420623],[74.3134143277434,15.79643226553885],[74.30175020497404,15.787280397418058],[74.26647480081083,15.797795486795534],[74.26176928182687,15.829738763963025],[74.2921918206298,15.830267023420623]]],[[[77.52398859241747,17.785185037106526],[77.5260850021021,17.78278819592876],[77.52128800845476,17.782959516644777],[77.52398859241747,17.785185037106526]]],[[[77.36563593089423,18.451564090412756],[77.37283283513611,18.401102708659458],[77.414155649388,18.39225149717748],[77.39486983063091,18.36845465803098],[77.40014855979064,18.34744644313003],[77.35672435923047,18.320202073807756],[77.36578968361962,18.307124762755553],[77.43766476208843,18.310313822144423],[77.44757803889297,18.269995222066907],[77.46503748299047,18.26253602791791],[77.51155752423212,18.28204933922022],[77.51263137636408,18.309598494840223],[77.56134089658573,18.284949156732885],[77.5725570794315,18.293302325165385],[77.60541723902496,18.281349021211625],[77.57177963552489,18.244001909830242],[77.58531465804056,18.219820318247145],[77.56346054390222,18.196128998304427],[77.5968428812803,18.155947615199132],[77.59880370976005,18.09333132210934],[77.54763567265917,18.056131123988497],[77.58859021582126,18.01215627959004],[77.6059338410347,18.020232987500314],[77.62778743746898,17.996787186498107],[77.64890562613623,17.998877619153113],[77.65585519956058,17.968839263099436],[77.64948494777988,17.95001525189905],[77.63301285339426,17.967382101655016],[77.6245445387792,17.959602860277805],[77.61903861456432,17.904058633692436],[77.58606317422131,17.907835700759428],[77.59907651087772,17.87308729402622],[77.57639878422893,17.87541940481606],[77.55402610826707,17.820067892387556],[77.52822142647062,17.827897824506504],[77.50655738670517,17.785952675593737],[77.56914953350409,17.76649197170672],[77.56853424195195,17.748906356765243],[77.5459638817738,17.72684073276227],[77.45243015667117,17.694703385504628],[77.4431189974521,17.58396319035512],[77.49406572304692,17.56835788467523],[77.50689876192796,17.54227896822934],[77.52838340489238,17.57536553886469],[77.55055929877007,17.551733836366026],[77.59379986833899,17.564513139453858],[77.5968992899896,17.534303174289427],[77.66200957713995,17.52282274693381],[77.69244753484813,17.497430210890485],[77.68840212738473,17.475196078752113],[77.65736485693104,17.480918485469097],[77.65689230680273,17.50646110415411],[77.64478522890796,17.477566232770435],[77.6152311006759,17.47289068091676],[77.614271363218,17.445946412005704],[77.57618607401221,17.456167635162934],[77.57586181683065,17.430714422518186],[77.53730103208355,17.443746850513048],[77.51299842604674,17.430870327428146],[77.51417375863048,17.41418124081439],[77.53784414030655,17.406092762975508],[77.52980190689144,17.370711345138098],[77.48381852043093,17.354997425776524],[77.47909594752792,17.37072119311745],[77.45360624463851,17.373989925841407],[77.45601107372727,17.33123632822659],[77.43792590753687,17.291918842550885],[77.45853522374998,17.278997290395168],[77.42041860869807,17.23762484783984],[77.38018764838098,17.22253049009002],[77.4037478603618,17.2098921026845],[77.39389361274556,17.194396589161816],[77.37227170717345,17.19556283077004],[77.36372430799284,17.158781726899786],[77.40665836419682,17.124511231416736],[77.46362279293002,17.10999677650888],[77.50253161575162,17.01410452679642],[77.47951622971499,16.996017536714046],[77.46943530286775,16.91919738376656],[77.45401588611176,16.913897662569642],[77.45708296453653,16.830179831084944],[77.47650134938388,16.788368064395097],[77.43949882485894,16.789131621275214],[77.42606788189876,16.72287375451234],[77.43846202076945,16.711679224134105],[77.47404962743076,16.71655883148766],[77.46980168185524,16.687030048522708],[77.41886044332516,16.668572307202417],[77.43434356453855,16.641382053385914],[77.4761106733518,16.6501071099479],[77.45364779146064,16.61674717020651],[77.46739659923188,16.598836894675625],[77.42375767470797,16.56888095651892],[77.39287453023053,16.569974416713485],[77.41901714099235,16.548924430185597],[77.4191167881742,16.522378339903224],[77.37778880650062,16.513704827852024],[77.3690127889651,16.488671381056047],[77.29871290946188,16.496161538537304],[77.29399660797644,16.476670325515006],[77.23576101892733,16.472743948680684],[77.2882110210002,16.408701572800485],[77.34909706281843,16.383845435456895],[77.42094837332444,16.366230530280756],[77.48969095626272,16.38501479744656],[77.57272040208629,16.340934148404337],[77.59392262328146,16.34389359722767],[77.59780965893069,16.293112552703757],[77.56320584555702,16.301635528466026],[77.53689792568352,16.26680401911016],[77.5048148318349,16.275800925816505],[77.4900660498157,16.255180484852076],[77.49234301659794,16.22929729607822],[77.51565742448221,16.227789533259482],[77.50114912941362,16.221717789344947],[77.48615199117204,16.16298424496024],[77.48979304219483,16.11961931410077],[77.51327558201969,16.108023768205886],[77.49365800066059,16.086343574800793],[77.50687535063398,16.07963554792376],[77.49400140577488,16.036987862104116],[77.51405206542994,16.008076306735276],[77.51343815886004,15.926792457029965],[77.42959659769825,15.949063450915437],[77.38010099305312,15.939765928693609],[77.24886641516507,15.964555371463517],[77.18528820314498,15.956742453903903],[77.08457368277992,15.918641091404515],[77.03261663061932,15.856915147405545],[77.02518549024734,15.837509234097704],[77.06547088021593,15.827349012681326],[77.0490980006087,15.73025816900711],[77.0796887221684,15.727510814107982],[77.0786939081483,15.695144032045896],[77.12888367569485,15.665864694249386],[77.12142316890959,15.631084865921311],[77.08318943033707,15.659145353179094],[77.03043236678045,15.63449266577403],[77.03003982431598,15.502647875720244],[76.97453080363009,15.510506497715793],[76.97401775096782,15.49823411274431],[77.03352799313029,15.43288919316597],[77.02922859688131,15.404360258812355],[77.04724841089752,15.390021923350385],[77.04182891432244,15.361922241346612],[77.0648964265076,15.343552060755352],[77.06372732342051,15.328018269837226],[77.11310098284201,15.333678202455138],[77.1183751944317,15.294850565495073],[77.15157756033477,15.29243496107288],[77.1471355235232,15.27292142951306],[77.16693103150442,15.268584178371954],[77.12512039642286,15.2269393219629],[77.14765652638644,15.223909428692949],[77.16913361263116,15.17134861850919],[77.13540514857428,15.149747780027894],[77.15727893881012,15.140468984062505],[77.15632762771978,15.122931569241489],[77.13011985281146,15.100768507838513],[77.11292918908693,15.034056399633883],[77.08474759606008,15.030708691774363],[77.08245132091311,15.00608055064604],[77.04411746859769,15.009842723568172],[77.04956248978945,15.033076094113376],[77.00407818136267,15.033832919144274],[76.98522220159718,15.015188754279817],[76.91836590775335,15.03552304569622],[76.877162730434,15.030207564741902],[76.86588508500708,15.059684568173571],[76.83601587911215,15.079234455304745],[76.80023501245893,15.095832062061465],[76.77669378481878,15.078400631596606],[76.79013024678882,15.020714739772073],[76.76056909634933,14.989857617673618],[76.76653874546592,14.975616820367504],[76.81827919495596,14.969438104343746],[76.82850353772209,14.956457302325811],[76.86745880979356,14.969822332531292],[76.86962148310607,14.937710050940323],[76.86384369289244,14.895581906749973],[76.84547946604492,14.889294045948253],[76.85719345020306,14.869106925638237],[76.84178895819004,14.836552411257909],[76.85397732846307,14.809444241385714],[76.83736813692664,14.810564108874168],[76.83674836982716,14.790774784077582],[76.78268687343267,14.785938034319486],[76.80294369514411,14.741884212700453],[76.77527089024005,14.680960038515659],[76.76499495562355,14.602123661737755],[76.78184267160329,14.5964960318765],[76.80628218850313,14.531064889333734],[76.83100862701137,14.53036179166806],[76.85560253637483,14.50959144415795],[76.86796159542179,14.474038376743824],[76.90068809033373,14.489208135234918],[76.97481429956748,14.485330367817834],[76.95980001825579,14.450213377485202],[76.94479080704743,14.450896294868341],[76.94271474541613,14.399336267576732],[76.91582982936131,14.420692548893546],[76.8848178681601,14.395708726398158],[76.88464149580018,14.34754200087488],[76.95672445137743,14.294346460964015],[76.92489740032009,14.273783642039591],[76.9400558634026,14.244607367943392],[77.00566394231552,14.235785327350575],[77.05246313952186,14.245502994460008],[77.08117243528815,14.214152106182492],[77.1077580576063,14.21990882771616],[77.11564319093696,14.292479744273777],[77.13570109088855,14.336871424026743],[77.15734284512594,14.342098453561421],[77.23820067742068,14.317360015378572],[77.28656671215082,14.340098991982279],[77.283536942377,14.28273653780686],[77.36382063115039,14.275827233137338],[77.35948595780717,14.23400650829983],[77.37917127073581,14.226482893068919],[77.39198848357441,14.198901949203016],[77.41939050933091,14.211624813200602],[77.4088315193737,14.25985069909095],[77.38736490119969,14.27086553848971],[77.3770728418785,14.304795468472463],[77.39280356166844,14.335832366344551],[77.42839921207785,14.328642223801262],[77.43152881135484,14.312856249396669],[77.44622179346055,14.317466537376585],[77.45027981140952,14.28070676854087],[77.48181377340956,14.291608889993308],[77.50386270962325,14.263748086510512],[77.49278835691138,14.231006354495312],[77.51707191681857,14.18440231867602],[77.50350595642189,14.157117859549885],[77.3937191747251,14.174245151365115],[77.37894360549478,14.135841476077305],[77.35136912539117,14.12997948031439],[77.34746656461088,14.103635562230847],[77.39061313451937,14.126640050236274],[77.40092041868516,14.118712557312437],[77.36054494362718,14.06255984733175],[77.34050490036849,14.060191208546268],[77.33230263367,14.030688204003926],[77.39015779625576,14.01669619283219],[77.38164316521133,13.976233714336809],[77.42588838957919,13.98611283202735],[77.43788136060974,13.975521624391517],[77.43536386151246,13.947514810722659],[77.41208582774809,13.945558783170052],[77.41587848855676,13.924196887368154],[77.43504143786927,13.915006558544208],[77.40001940639884,13.888288523057199],[77.3978762427388,13.906183236662073],[77.35763295052736,13.903374392401663],[77.34783880029148,13.915963661621886],[77.37128653982253,13.9527513929851],[77.34948791033048,13.958140155887495],[77.36109104263011,13.990812067088799],[77.33622037664249,13.995367688109088],[77.32223051077783,14.029994571638305],[77.2749975281059,14.011283746724569],[77.27035776774217,14.034482642240418],[77.24535408868952,14.011944362241223],[77.14922270222515,14.001162940653675],[77.12740193562153,14.047014346849497],[77.07892157808614,14.042639036224129],[77.02768361646866,14.061746448382172],[77.02980113825801,14.088173015690947],[77.01467369498346,14.10000211150122],[77.02332919379806,14.176687659282315],[76.96060465876077,14.181771253413492],[76.9475661945654,14.198175404695602],[76.94237118678619,14.17333046633731],[76.89453436648705,14.167811338300275],[76.88591403816545,14.13823818986441],[76.92498110736766,14.137108574569341],[76.94569001815492,14.118213521131258],[76.94840029083954,14.092051093633353],[76.97757013721696,14.071288751352746],[76.97173951732046,14.058016025190474],[76.93238471765939,14.053924810359675],[76.93113463479705,14.030200854578474],[76.99949266991018,13.990338845970195],[76.99376586766319,13.962564092668206],[77.04165706436814,13.933433165526226],[77.04729283111243,13.906599690178851],[77.0230293663481,13.902595297301145],[77.01422324341166,13.860308891451416],[76.97802124591053,13.826866589323686],[76.99850330192996,13.745573542882438],[77.01650198353897,13.738509244512944],[77.02447249530718,13.779223565158029],[77.04337069570124,13.777793741952456],[77.06470043444845,13.743832259669414],[77.0856343634269,13.74243586078244],[77.09044299505402,13.767140055728978],[77.17305215264605,13.762009766614396],[77.17850750397444,13.782684709099962],[77.15751776500402,13.806030289349327],[77.1686849865592,13.82961953552712],[77.12819900142141,13.856458388067763],[77.16857987344319,13.86449056233033],[77.16193418327475,13.906624851845525],[77.18470963875566,13.925185883475569],[77.18138913811082,13.8698434839607],[77.20043077149516,13.863037152151728],[77.21312689497036,13.886189961107885],[77.21985048451934,13.867717254286342],[77.23562186950896,13.904136341011451],[77.24826875527101,13.901211006817917],[77.2566945590182,13.846522347424461],[77.28828418269462,13.847476156237665],[77.31149502975498,13.86658283092886],[77.32538145708385,13.833237754918864],[77.36243040468376,13.854246004444914],[77.38189802679193,13.839362785858535],[77.43251995862613,13.843216486520438],[77.42256774715779,13.799091894627963],[77.4645908446916,13.806076807231225],[77.45648741890378,13.788718894851892],[77.47055142170147,13.758020723277818],[77.46507610476638,13.710876010084966],[77.45007421281166,13.710900078613752],[77.45533407109436,13.682261569403865],[77.4921148744163,13.68980929122639],[77.48503987178911,13.714782507134098],[77.51416855785186,13.713210850683744],[77.5252363535182,13.691002969905245],[77.53663704181366,13.730601300417478],[77.52726531595249,13.753810392099016],[77.54744186397808,13.752900684312802],[77.56056748272883,13.722406552955546],[77.59997230068302,13.75075954331113],[77.62771677665877,13.734600203931983],[77.64223398224144,13.74680192871327],[77.61884390354018,13.75496210764291],[77.62107225931177,13.768438519235442],[77.68007825404578,13.786777671163502],[77.67171819920769,13.760480765591053],[77.70329454573796,13.769788583831158],[77.71736273922323,13.741074236416857],[77.71930866924482,13.800274866845122],[77.78153461826778,13.81829318600795],[77.7822687468809,13.844080533060376],[77.83707244467317,13.86974097678243],[77.81349244934874,13.914623194523793],[77.8265883128599,13.944724611681103],[77.89569453933315,13.941042035593952],[77.89581780442056,13.9203619123981],[77.92676699998498,13.90532678167492],[77.9674309618447,13.96015657475737],[77.98262179181695,13.957687605241937],[77.98458780643372,13.89740132202426],[77.94907877287136,13.886448963602808],[77.95298242821156,13.827353715975912],[77.97610283311919,13.829492341221792],[78.00048377642622,13.872928339246778],[78.02122962807438,13.863827494061674],[78.04132885583012,13.860265296885444],[78.04619277333606,13.862133163547126],[78.04886525102664,13.89609228892005],[78.07899864949866,13.881155064085162],[78.08190598657184,13.861240944190762],[78.11477620981857,13.862888292623067],[78.12363446627513,13.845353767966209],[78.11375301985508,13.807467956683883],[78.12640103010611,13.78637675365305],[78.09152337014145,13.74227686035721],[78.12079984389895,13.715617975502358],[78.11322010060718,13.692735261586233],[78.06907612383381,13.697808478138587],[78.06571655806805,13.6761405644226],[78.08974298539262,13.65909909272698],[78.087108711414,13.643066246086358],[78.11429245508094,13.657362123242034],[78.16757823065281,13.655825034897092],[78.16822381480773,13.63285169252534],[78.20419665617483,13.628421534534395],[78.1929720149315,13.564846535925215],[78.23634010349006,13.598581763879494],[78.25860489911386,13.583005823066761],[78.32617100142816,13.59483754040083],[78.40200141358382,13.587970969947362],[78.37531632082072,13.508954048002488],[78.3816754705427,13.39698321142226],[78.36581124242917,13.35865346788279],[78.40839905494988,13.345685874698614],[78.37825090775667,13.33718643203945],[78.40110419838334,13.315469505145291],[78.42794746053212,13.331292946845855],[78.44420565889445,13.308111015858167],[78.4834016125729,13.321171050433344],[78.47930994302524,13.301290302759272],[78.51399767356092,13.29058533402815],[78.53217871106324,13.26693784424168],[78.56953697887076,13.309224813968376],[78.58736419635409,13.280642532506262],[78.5664014972656,13.220854901528156],[78.57946423325205,13.215627718322],[78.54975867091399,13.189693956994416],[78.56729589833249,13.193264777404421],[78.5797651669244,13.16736159197517],[78.55011349515227,13.16418891068774],[78.54464535984076,13.142003409508881],[78.51704501581042,13.13159035831865],[78.53850595597643,13.105730185974426],[78.50947043747507,13.091495112782063],[78.51425156802587,13.061855408597353],[78.4621958661754,13.04321409664984],[78.46746125490439,12.975022485179531],[78.43533014081079,12.981039789211483],[78.43797268944826,12.96398542376346],[78.41116305888643,12.945268010388695],[78.41881751550814,12.92172477945025],[78.43801608483412,12.929013924657747],[78.46669669102937,12.905409652871276],[78.4647711162672,12.86676365897587],[78.44557971055453,12.911796037345972],[78.4122110664576,12.903233522068493],[78.39866700075966,12.917308941903713],[78.38869573258917,12.906858139105958],[78.35587500921888,12.940740720997466],[78.33973117035514,12.903184630537545],[78.32353285239218,12.901783355975747],[78.3203300156692,12.887259404371044],[78.33707990390795,12.882364585136816],[78.31362685361609,12.876453247992096],[78.31244642021561,12.858518184206869],[78.25219797857675,12.860551001436113],[78.23095281233756,12.76065858960815],[78.13423755103206,12.78196572303502],[78.05333343245512,12.85385362189091],[78.02386568890869,12.856500915989882],[78.02898787055418,12.845185703850122],[78.00391701111295,12.8255957613293],[78.00975275738007,12.805739117472747],[77.98852109137647,12.808192580415193],[77.98039387369182,12.835056157800205],[77.9643182728169,12.832842675144413],[77.95233599661238,12.857116812135676],[77.93999455872714,12.853142646269125],[77.94067831668767,12.823344374356875],[77.92055651286836,12.82815719682468],[77.92281345032465,12.855564049574571],[77.94177714358257,12.871636642267774],[77.92772290109116,12.874916340679516],[77.92932457922363,12.890915582916188],[77.89034388495725,12.869655142597399],[77.83601344204543,12.870329681660044],[77.79246277821767,12.842703748525143],[77.80988158260773,12.831531832627686],[77.80853720820845,12.796725512100721],[77.77884454103213,12.768006849128701],[77.79274397739968,12.747863545768787],[77.7624159861204,12.735314227361465],[77.77445125766783,12.72421439880672],[77.76392390229748,12.699636411756126],[77.73518192450615,12.694021753934157],[77.73992821636669,12.672989632503628],[77.71159049149733,12.683137577800808],[77.7042282156877,12.66140443616221],[77.67865464361074,12.660388908599936],[77.67638432073298,12.679471564823547],[77.65991011182697,12.68383999053922],[77.59887312472311,12.667157640910462],[77.60623212292106,12.62891246464753],[77.5910191138893,12.615243012215823],[77.58035001318594,12.551589645536346],[77.58720216942686,12.514754731742004],[77.6163264909843,12.50918036618887],[77.58368012299631,12.478795449453049],[77.60742358288563,12.475123835312438],[77.62608818546097,12.496308980140745],[77.63462541075566,12.487599319381172],[77.61680736463268,12.368199513669534],[77.55133675340356,12.291206723264612],[77.47905950107459,12.271273489973366],[77.47191490067829,12.208417962180652],[77.51868368287576,12.194479246911223],[77.61075476258058,12.20614420382601],[77.73334332142065,12.178079663304382],[77.77639204478551,12.112280954867805],[77.70890554271178,12.036018064069811],[77.67569007772764,11.951978848651295],[77.5379839102043,11.932385395097834],[77.49480070362652,11.943847009335652],[77.48620035215134,11.887410295434742],[77.46162796029314,11.899983508036438],[77.46661466082077,11.847081040029908],[77.4272411131138,11.760870368761699],[77.39445553117716,11.78763319113999],[77.36484641478549,11.790403376889481],[77.33514883211551,11.77123077967867],[77.29385437869021,11.808998278288191],[77.28797552761327,11.800435621620897],[77.24987603454552,11.81301267787759],[77.23860169449803,11.79465274819406],[77.11074656172818,11.773472452799309],[77.11770643426861,11.7210720829059],[77.08021797981691,11.735981982772495],[77.05642675163196,11.76977576260851],[77.06691990853807,11.787980033179728],[77.04646867758477,11.78761664086052],[77.03510161601136,11.769779006785235],[77.02987993578748,11.804674974630904],[76.9829906362635,11.81184892068423],[76.96992269874781,11.776859735738826],[76.95393963042035,11.792052136285731],[76.90800360805723,11.795245400430051],[76.90037698131327,11.783917387688245],[76.88834944183617,11.733643169438418],[76.83500509953953,11.655416385404957],[76.858124540077,11.614029850504327],[76.8535828688083,11.596970958077135],[76.7569170742989,11.618437023751166],[76.61398488351139,11.607553277522397],[76.55995453017499,11.622469488478087],[76.55055826136453,11.674193534361876],[76.51167532387801,11.70497859019944],[76.45821172018081,11.664329351118925],[76.4167262119653,11.671742629039425],[76.40340709514408,11.70807158464773],[76.42744304685137,11.725977081217948],[76.41047835497845,11.742084201413393],[76.41423241239285,11.758848091653984],[76.3397380341287,11.739004333456636],[76.28022314753169,11.811607498905792],[76.2237191747058,11.808204884340936],[76.2074736402705,11.861536607487999],[76.19038625329746,11.87121343577071],[76.11994405453204,11.85046789553085],[76.11230336852428,11.978655106862858],[76.00319854811907,11.931391669049402],[75.85885945068775,11.959418226993666],[75.80107064946445,12.037006041639382],[75.80255087308488,12.078562814501327],[75.75348465086789,12.084131209565742],[75.71473128718497,12.070442779331104],[75.70326259596538,12.108171381385525],[75.66198166095155,12.099182935567116],[75.63605392856344,12.149174938222446],[75.59255669453312,12.147847716046869],[75.53261306472893,12.201446219587336],[75.53968964160184,12.216807342723614],[75.47940295943782,12.295413386484233],[75.41392414327628,12.290669446835588],[75.43215016121223,12.30899476849762],[75.41040451174946,12.347193195849085],[75.4219284737155,12.372663630806214],[75.3726109253603,12.400253656199423],[75.36563038525159,12.456745246512908],[75.41331558464671,12.458567037357138],[75.42495023703586,12.469511646193384],[75.41736014942055,12.498438538607573],[75.38223084805799,12.50201575708095],[75.36081761955269,12.464968383370298],[75.33660426614873,12.464082325572118],[75.33299720711794,12.498331291485506],[75.31502839384513,12.497110672427903],[75.3040976551691,12.523281857676885],[75.2739579177388,12.535598155123528],[75.27288658592502,12.568968930668182],[75.29053690087379,12.582609026301261],[75.31539325717456,12.572537155351524],[75.32701338979965,12.592393810376679],[75.31215682457687,12.589718820596104],[75.27634946395354,12.618507455774704],[75.23749739081545,12.569758049497196],[75.22031833447855,12.569102548844292],[75.20114222895819,12.587733180653627],[75.20174189341338,12.6300225522683],[75.16068309816204,12.622126921633635],[75.13850696168166,12.643436386909668],[75.16203353233901,12.671956426199761],[75.15200259301923,12.68324057362544],[75.11145748108552,12.68181922870173],[75.08600914031358,12.704034562725125],[75.08516610629994,12.674760818921555],[75.04664200095785,12.66756567389153],[75.05245776429834,12.720081100063425],[75.00098652255942,12.716393164403504],[75.0133996247118,12.727954546811201],[74.9832672784667,12.737196293698723],[75.00944829926642,12.767512328461157],[75.0031625583221,12.791667309485574],[74.98903045973772,12.795463061325211],[74.96836010529023,12.776361493572395],[74.93292612431007,12.78054246635762],[74.8823125609203,12.754048560044696],[74.86440494889749,12.770886051316888],[74.86418906031052,12.761376633633333],[74.82442737910449,12.849057475860546],[74.7163655298454,13.312579386705307],[74.69358563021572,13.343707349985644],[74.69542987702276,13.455179415350836],[74.66851133432752,13.640168011874398],[74.64555248823547,13.6819579292265],[74.62580583215845,13.79685435528443],[74.60992991389371,13.865551620940286],[74.56920873264164,13.946779049248105],[74.54928796148303,13.949154972087792],[74.51398208201687,13.986858474561325],[74.46892708770261,14.188676636098302],[74.44165544193525,14.224565860573108],[74.39766941023706,14.408179078180742],[74.38111212105682,14.424388493900922],[74.3547320398625,14.52217139218374],[74.31021727033786,14.521365373976657],[74.31472695373981,14.545724290915253],[74.29299900880227,14.596489915960362],[74.2735809666575,14.62748342687857],[74.27043460561697,14.626982701745154],[74.2864391559852,14.634214520974076],[74.28429531924739,14.66356509648556],[74.2567550011121,14.707563321297267],[74.26279811015657,14.719808400233694],[74.23423922899325,14.74842655614575],[74.20380795802882,14.736389374102137],[74.20403263900735,14.719276904633336],[74.17716323111038,14.750561590113621],[74.15210840341823,14.747059887707094],[74.14238311881189,14.7785401867902],[74.11943594237182,14.77398980135347],[74.09277326937136,14.804001945419357],[74.12426054609601,14.805003401583011],[74.12510493092249,14.837887128978533],[74.0964751451935,14.89744915659851],[74.08578216532771,14.900904374253322],[74.12422543130542,14.925323968060225],[74.16211852449345,14.912140011314442],[74.16360833592157,14.958480917588403],[74.17945814475873,14.957050043657038],[74.20154479151901,14.925723680045273],[74.23669983338404,14.966845102547472],[74.25259587234233,14.959093829432263],[74.26432050954693,14.978524688108404],[74.25360515711081,14.99814551039479],[74.29649498528731,15.041207726521028],[74.2726451055247,15.097497567959692],[74.28513444881214,15.149028718015876],[74.31696111806623,15.186260800757061],[74.30161243031378,15.224340708721654],[74.25954730249805,15.24102400943804],[74.2511693208795,15.258772589001047],[74.27141888186505,15.281233818776194],[74.32623788081939,15.283946914631807],[74.33587366167373,15.295457122627484],[74.31667023828832,15.330682949627512],[74.3232020973035,15.367679640558856],[74.27587165849297,15.391586771292266],[74.27545115562944,15.449187942768512],[74.25091007630441,15.491593093085651],[74.2826525448831,15.531417680042154],[74.26315336480648,15.563936745554978],[74.24519297338503,15.56660255647945],[74.26429804732378,15.615509077912726],[74.24415959703423,15.626108376697125],[74.2504424952198,15.657257914009483],[74.22377925837233,15.668982646183187],[74.20512752059572,15.651032178593793],[74.18193009313065,15.68221204364323],[74.16441599619564,15.653498534117254],[74.13554402508458,15.648371586587558],[74.08806250867488,15.672255576133058],[74.12577089556714,15.680967173867034],[74.12216561793005,15.720731146230806],[74.16155659535116,15.75129445990235],[74.2014333710755,15.758620707337462],[74.22102952237903,15.785997600598602],[74.23350130669498,15.786994514440348],[74.226502204276,15.762628492046764],[74.2402551421002,15.74332073610528],[74.26831881883555,15.754736722542413],[74.28728523350492,15.741977392050014],[74.32306971934428,15.772676594395056],[74.34568444799396,15.764555064009196],[74.35842878328415,15.774833814895567],[74.37197385422101,15.798242070006879],[74.36062489508063,15.817779502834641],[74.38308536430995,15.849104937044222],[74.3382090127758,15.854918742469447],[74.36325649043964,15.874920567026987],[74.36469511464739,15.893861789895542],[74.36861485484376,15.894359620910596],[74.38814029486285,15.854252569996547],[74.40617067997027,15.855376466346558],[74.38686531560687,15.904981268307475],[74.4308304243295,15.956582434031231],[74.4632229563745,16.039191737704233],[74.42969441247607,16.059151456102136],[74.37340109820155,16.03644348376959],[74.37733522557487,16.05512048681791],[74.36132818925478,16.053835894535492],[74.37221852401208,16.078210304215965],[74.42761928501935,16.11196505135327],[74.48155537967311,16.088889519539777],[74.49123112015947,16.104305109166766],[74.47983240336742,16.147125071397383],[74.50799522405352,16.202258306865122],[74.480479513464,16.250125657448855],[74.46862055008148,16.24018543093198],[74.4176107229779,16.258000652659312],[74.41460297676797,16.282479364440896],[74.38574825370874,16.277385763375204],[74.37354158211875,16.296489514384106],[74.34559691558019,16.29376251286125],[74.35046026515984,16.27536673536262],[74.32493375931116,16.27175626083296],[74.32082574272003,16.28447545276132],[74.34254818772196,16.29802733814872],[74.31660662995539,16.32656154663605],[74.32703463266898,16.342509469014512],[74.31719263492727,16.381003744521188],[74.33586937991612,16.393741568135717],[74.35340990742404,16.3664187430389],[74.3636943097465,16.405091321274163],[74.3350543440837,16.40140737901087],[74.33259155862481,16.45475876028238],[74.28927516797073,16.462970503776905],[74.2908950072999,16.50490207551121],[74.26077014758341,16.480096595599317],[74.24737277532068,16.49691320076149],[74.27801196743111,16.504455327409612],[74.27054415666227,16.547963894296842],[74.28313833078738,16.52458927946429],[74.30165132705511,16.529020128240777],[74.30614265031743,16.503692898630675],[74.3157134070923,16.554454677652792],[74.33969050338584,16.54775741388442],[74.35624656084485,16.559747326683677],[74.35792549078357,16.538342024108648],[74.37983255979674,16.528592265020173],[74.39662592659639,16.5832675181963],[74.46671146006058,16.606822362718358],[74.45478238469134,16.64729547929441],[74.46874253100685,16.66380297978508],[74.48903382785032,16.63014483538907],[74.54448899559362,16.635468675328347],[74.54349270234276,16.595318582946458],[74.56689424753424,16.585388588968442],[74.55484612547035,16.564511924919486],[74.56853673854863,16.553868713548283],[74.61879852383734,16.584071984661428],[74.62863325300572,16.577731931475668],[74.64001367508473,16.6104538037867],[74.68698181900493,16.606788010145564],[74.65347815143228,16.638829451110514],[74.66516393386703,16.665671518708937],[74.68955034601989,16.67702566116829],[74.69101948805587,16.71554155029834],[74.73209174467391,16.718324017032614],[74.7719695844538,16.75068225527429],[74.79574934227173,16.747746935450483],[74.849820434773,16.772755603123642],[74.86568192598044,16.76336026965903],[74.86935895820827,16.77406589949593],[74.92014360852947,16.772499202137926],[74.90151566246004,16.862550215846515],[74.96036076715126,16.88094723355615],[74.9635785539934,16.90971132708326],[74.92177566053029,16.929861659846974],[74.93170715757086,16.944755208924303],[74.9645443823122,16.926776346975142],[74.96435506351163,16.947633234110235],[74.99290892777563,16.95207042980981],[75.02658570255244,16.944136297799865],[75.02523483967842,16.928002337213897],[75.08933369997567,16.95158216015709],[75.09630858521491,16.913743264813043],[75.11748241444224,16.913444669113133],[75.13648321186113,16.874487897526414],[75.18898739984249,16.8752802572403],[75.1818474893659,16.843402317326827],[75.21420223843339,16.84169921605015],[75.23766094201224,16.86794085127427],[75.26471971792044,16.8627998148645],[75.28202992495272,16.880290476488586],[75.27960265609993,16.95655635850172],[75.35005086461487,16.95781647280973],[75.39213506510168,16.980090668294075],[75.42787797625371,16.96649455259113],[75.46555223206789,16.988365009899145],[75.48323647609578,16.975994583780135],[75.48907765897383,16.94442272265224],[75.52931415993646,16.96939982867423],[75.56765208586155,16.96574587286566],[75.57309716202593,17.009606460159528],[75.60688752270026,17.004565815339745],[75.60786302980082,16.970997075937415],[75.63393196771591,16.97025916245381],[75.64475709330517,16.95407880124647],[75.67032095799708,16.962051968960022],[75.66969398973228,17.0381602788134],[75.64099845053468,17.03758144737538],[75.65030724980335,17.05725501192639],[75.67671537207127,17.06541586599799],[75.67228865061014,17.115995838830553],[75.6503469434203,17.11569233525124],[75.62537655371713,17.17400031904868],[75.66191164739169,17.214577575107455],[75.65771605219102,17.263207729583755],[75.62784893563398,17.274339592483397],[75.60373432591538,17.30550335537936],[75.61002516829052,17.345040313338878],[75.58084537066247,17.351223008418827],[75.57414260690426,17.383299150969513],[75.6135163078392,17.39191513848545],[75.60660106888822,17.420372382159776],[75.63297968032826,17.4772144248216],[75.67587588916683,17.45594314893272],[75.6907294189067,17.409473579495938],[75.73359475575027,17.420093012299514],[75.76586758225294,17.405304180129427],[75.79294053266608,17.36969740531548],[75.81366013568535,17.372759995523005],[75.82144066005165,17.421222633438166],[75.85108406334663,17.410525269486293],[75.8608781353184,17.38559497529853],[75.88418844284888,17.417959582228168],[75.89058185686459,17.356522299066526],[75.93081941756228,17.322572751569016],[76.01433236419842,17.353533284059942],[76.06053521607383,17.355307741753613],[76.07913002648559,17.331602428491006],[76.11895334555386,17.370504290681602],[76.16261784682771,17.34522010011129],[76.16507938744442,17.30333496415207],[76.17631499092651,17.300787458550744],[76.17031474878421,17.352624210748687],[76.24279291745493,17.378824519407516],[76.25072752541041,17.360432779796504],[76.27200913616971,17.360591867658684],[76.27636043556949,17.33457417625489],[76.31766342717262,17.33237566365658],[76.31434413241065,17.34838984758995],[76.34529924235329,17.354448123110647],[76.35401167796326,17.314316458583008],[76.38315992367305,17.31452571753404],[76.39660776803673,17.347103938078234],[76.41218865804058,17.351067743812305],[76.4091205415936,17.371387755746994],[76.3634265446506,17.37766806477277],[76.37151040095765,17.43642362392162],[76.33326247131217,17.433901018518153],[76.33068729928183,17.470193578765056],[76.37551612686414,17.490219880131825],[76.3457645765577,17.4925298396984],[76.34657184981877,17.51257942023916],[76.36721912621356,17.51945291228454],[76.36274038135039,17.537372596252645],[76.34069251565009,17.542474571834937],[76.33128653621506,17.597418570088163],[76.41968493161421,17.603710071625727],[76.4291913507653,17.644953396063343],[76.48974872422627,17.660499210271155],[76.48722764489011,17.714763621386183],[76.52390216299928,17.715152067354907],[76.52327570557321,17.75979729460508],[76.57270774264545,17.760539543749804],[76.57029543869787,17.70540567912835],[76.58219995036362,17.705270301112517],[76.61533111890355,17.770396479827014],[76.66418880486349,17.687560216834026],[76.69083990552251,17.681004800040395],[76.69964593420387,17.72724909881987],[76.72827082433025,17.73756074332356],[76.714091360082,17.78094002430609],[76.76203848097681,17.787017029033162],[76.79039367437097,17.826334109854898],[76.76749953162874,17.852127361942674],[76.73848209813484,17.856681603876176],[76.73997194119018,17.89970115909676],[76.76816082558383,17.90115213435694],[76.77504962289564,17.877712932536323],[76.80666940428074,17.870575240486147],[76.8102157120517,17.887041353564154],[76.83120164714775,17.88561569172178],[76.83972490898584,17.899374231122476],[76.88426795423932,17.894292897130214],[76.90126471671692,17.917242290709847],[76.91898117335784,17.91595377656524],[76.90564382134653,18.00970960028447],[76.91431527847463,18.035361158029485],[76.95230517436434,18.040219260800427],[76.94521382755839,18.083200776895346],[76.96634972639994,18.09820117601597],[76.92049956199077,18.11818282374469],[76.95193446854316,18.188099338804715],[76.99060911452784,18.18998779363818],[77.00111405570085,18.160899453728987],[77.02330396366986,18.158509523074965],[77.03317774404091,18.181992785130674],[77.06395800255261,18.150652083527696],[77.11154309459542,18.155833479968813],[77.09759872993148,18.196723570260954],[77.15152194723417,18.217044882642856],[77.14863254444758,18.239045631087713],[77.17481189253554,18.284861788746312],[77.2130133264022,18.28032030383044],[77.19871246634943,18.315452184072925],[77.2190671884373,18.325730498048333],[77.22583090869831,18.36521996582763],[77.24639102861374,18.370765612726004],[77.23368514549382,18.388200596137587],[77.24176795733487,18.41260713126933],[77.31505972503005,18.442767459913004],[77.31616409866355,18.42213575040703],[77.33429220908536,18.4221118716826],[77.36563593089423,18.451564090412756]]],[[[77.27884849322454,18.475738029012636],[77.29628993786856,18.477101573151145],[77.29952866344735,18.464879610529547],[77.26747356653343,18.45461269616001],[77.27884849322454,18.475738029012636]]]]}},{"type":"Feature","properties":{"OBJECTID":29,"STATE":"ANDHRA PRADESH","Shape_Leng":5365759.70314,"Shape_Area":160040707243.0},"geometry":{"type":"MultiPolygon","coordinates":[[[[82.31921211089279,16.567716830444326],[82.31905844525537,16.566288910177573],[82.3181569814046,16.56719226166721],[82.31921211089279,16.567716830444326]]],[[[82.31515421638986,16.57212054716495],[82.3188442479896,16.56798686257022],[82.31733136194163,16.567674143565682],[82.31515421638986,16.57212054716495]]],[[[82.34457024089807,16.6068853609675],[82.33591551416227,16.58950763723977],[82.33130761606263,16.591759037662392],[82.32950471513624,16.59509866648681],[82.34457024089807,16.6068853609675]]],[[[82.33094464193925,16.617966037726795],[82.33518539504568,16.602837617270385],[82.33066120644106,16.607069037379578],[82.33094464193925,16.617966037726795]]],[[[83.00982000027166,17.484002600035932],[83.00907409978389,17.483297199909106],[83.00909020027302,17.484098799590573],[83.00982000027166,17.484002600035932]]],[[[83.11000790041862,17.543244499554657],[83.1094426995666,17.542497000220838],[83.10932490022383,17.54310319971501],[83.11000790041862,17.543244499554657]]],[[[83.11092649962347,17.543950700113726],[83.11050849976235,17.543780099782413],[83.11069100035066,17.54415670044861],[83.11092649962347,17.543950700113726]]],[[[83.24053880036068,17.619772500379387],[83.24000999993589,17.619896300053618],[83.24042880040078,17.620189799624324],[83.24053880036068,17.619772500379387]]],[[[84.55726100002609,18.806413699614417],[84.55665829952657,18.805497899765744],[84.5564654003161,18.806293199743035],[84.55726100002609,18.806413699614417]]],[[[84.57687010020463,18.836344099690145],[84.57662900046597,18.83583799989878],[84.57650839954155,18.836247700077692],[84.57687010020463,18.836344099690145]]],[[[84.57740039994758,18.837886400144225],[84.57660489958965,18.83725989987239],[84.57670129986445,18.837886400251996],[84.57740039994758,18.837886400144225]]],[[[84.67777777938412,19.166386807534803],[84.71201126537869,19.158277034629055],[84.70279551064782,19.11786212164562],[84.76146375584838,19.079122967645915],[84.68447703982936,18.967471281236605],[84.58710419261435,18.867439241790564],[84.55783828444537,18.817752010799513],[84.55149765538522,18.790488748693033],[84.36863938353999,18.593429840492607],[84.35472852832508,18.55491444899953],[84.15065238376184,18.377267928759572],[84.1268951466724,18.34385307538778],[84.12685935165912,18.313365502982027],[83.86038897428708,18.17428380418786],[83.80993084855209,18.156032297531475],[83.79497473166249,18.16839861342333],[83.8052638110885,18.154038769933923],[83.6949366350737,18.098795157812738],[83.56937420645674,18.01179941201916],[83.54185268919618,17.961176560686265],[83.46933536239797,17.91117112614511],[83.40707164658643,17.840937999376965],[83.41086958980908,17.80935818755649],[83.3541446810519,17.75571913078977],[83.34594453233673,17.726050323519935],[83.29692611646573,17.69371362508576],[83.2942973293121,17.674469479258732],[83.2418746871876,17.634572501833542],[83.23832529922096,17.612443996283357],[83.2123176904622,17.59073958204096],[83.0312304426023,17.51332096323353],[82.99206853042716,17.472548040383526],[82.59625881664827,17.282790731732824],[82.47172852574573,17.198574404587635],[82.31930864955538,17.05784891329811],[82.28822061025078,17.01598972245108],[82.26493057402547,16.93890640718859],[82.27055437057635,16.941418591050336],[82.27345717266088,16.947594287239305],[82.27683411324347,16.95057785300595],[82.27788295629507,16.950695705148988],[82.27114526033799,16.94129609278617],[82.24670793879767,16.91784721797316],[82.24303893042745,16.917836642559504],[82.24144428279622,16.908036595563804],[82.24826681476773,16.876465118051698],[82.25982179837668,16.88445101725208],[82.31422884084047,16.845879806950006],[82.36157112866083,16.854447139514452],[82.3577148381043,16.950026764252474],[82.326260764071,16.98833498583291],[82.35564571590496,16.967794319268787],[82.36636497815842,16.91135852673049],[82.36527378309182,16.875990518916854],[82.34179608779888,16.72843617098701],[82.33334496084208,16.7167305476907],[82.34492835430132,16.70455298144561],[82.32768839253458,16.684920741979116],[82.35399544184381,16.705631762503526],[82.34644933619533,16.71563789597741],[82.36533809327553,16.706654000804484],[82.31728810207788,16.662266365722942],[82.32905279571041,16.61447518644701],[82.31887429817769,16.576826302232323],[82.3128227927294,16.668011947006526],[82.31214174610973,16.627075349825482],[82.30750294761052,16.63992724959896],[82.28425914353123,16.626027164593566],[82.29882441012603,16.586435836659994],[82.26308456280424,16.563019343971813],[82.29710529422503,16.56760482557673],[82.28098650927143,16.558645724064107],[82.28999304640169,16.55486595074084],[82.29964089238122,16.55819435090913],[82.29915454005815,16.572236628455027],[82.30087019873557,16.56239000853716],[82.31066838400064,16.56773822360091],[82.31343646348206,16.5648201075148],[82.31367129412905,16.55873520333229],[82.31285214325956,16.56348647428633],[82.29948432678394,16.5559388979972],[82.2349115602389,16.546011452875376],[81.9577318897249,16.392374455728024],[81.878150961517,16.38263128930679],[81.72078750304588,16.30686011134975],[81.69063990403257,16.327471792482935],[81.48724227562488,16.35506610543983],[81.39379109469022,16.342473152222485],[81.30301202856889,16.302095276271892],[81.24619159465219,16.258865906915794],[81.21376366587778,16.20721832862959],[81.19136532816341,16.102823684672373],[81.14554113649896,16.01294511826375],[81.14804521520459,15.973701412912842],[81.00477141513305,15.837804229964151],[81.02056249362873,15.793007714342249],[81.00823733335777,15.797406769653945],[81.01210343601848,15.766076623721188],[80.99845133031607,15.76969143367473],[81.00845941137246,15.752928471116869],[80.93721926650868,15.714404116301282],[80.93200061473712,15.72368220737732],[80.82151564087745,15.70933846510245],[80.80963824349631,15.72192971536371],[80.80922900250995,15.7349651543177],[80.79808419069147,15.74241668521122],[80.78842964526814,15.757228854429778],[80.78771597794827,15.764262862323642],[80.79046112015986,15.769858319671304],[80.79964928716805,15.776774539133212],[80.79121724872792,15.753633850958188],[80.81024279525496,15.735262148280643],[80.81143002418705,15.7270604783116],[80.81671394533271,15.716993848184465],[80.82227375505836,15.710418312694564],[80.81753163083626,15.749358021512489],[80.77962901440526,15.83529598495573],[80.80091240451145,15.805791357466978],[80.80245576569818,15.816096732677565],[80.81560721522867,15.810695291784127],[80.80702033924199,15.840445715520142],[80.77388317809924,15.86626705490637],[80.68060701292677,15.885399672943668],[80.53645750137146,15.852303241538975],[80.42856260021335,15.804682430599433],[80.34560739748687,15.751205457223294],[80.28223578165453,15.685274818213546],[80.2372118427047,15.600669928578844],[80.22905441349286,15.60424620262988],[80.22062638705218,15.600924560902092],[80.23472670275083,15.599052193572023],[80.22412527430427,15.5949726525259],[80.22238319698354,15.582677467732822],[80.22552319452282,15.593056812028696],[80.23506464742917,15.590590498393025],[80.22479376928838,15.533477518209077],[80.19422570252405,15.505014629835296],[80.21051635653676,15.493509116328376],[80.20496261361899,15.473890989135047],[80.12183479019268,15.367873672361824],[80.08474095804786,15.28333543864931],[80.0890304397566,15.211933043970426],[80.04698470431194,15.080181110078781],[80.09772470020819,14.77954790160039],[80.142066947483,14.703507051191467],[80.17117892150598,14.611659799481787],[80.19551323958413,14.585826953966722],[80.17164979101689,14.373419380614763],[80.13010717495943,14.231160878916178],[80.1264131571704,14.164324223173447],[80.14977817896958,14.031769437559046],[80.25308904964197,13.7859166835283],[80.23364962346257,13.658447694367084],[80.26853931615045,13.56453746606671],[80.24181401229735,13.470646953578454],[80.21459856161927,13.49027183092718],[80.14514498957571,13.491415239561391],[80.13921277556409,13.504273795480929],[80.07819007003536,13.48881143484733],[80.08125942940346,13.54975122806282],[80.05693460264946,13.536636519806759],[79.99859971387332,13.54272382394185],[80.00051907078242,13.52567541289257],[80.04842321278778,13.512250756073453],[80.04661829767302,13.49368380513954],[80.0159045541351,13.497951506492594],[80.00749053647432,13.478640515286779],[79.97242033208127,13.469091660507132],[79.9733387159497,13.429672476715],[79.9345709523961,13.416453212302233],[79.96275461762832,13.39135767571092],[79.9331146960687,13.351917721262657],[79.91597242279576,13.359869173362043],[79.86280893845672,13.316920846069292],[79.80890213906964,13.31725357183152],[79.79173280609734,13.293524142350828],[79.76027052904567,13.318204941712514],[79.75674668441404,13.295288372731054],[79.73065083311292,13.282866243572629],[79.79473202035886,13.242103946286031],[79.79449303862803,13.226321734553359],[79.75499101449697,13.20647815805598],[79.7373170823185,13.236534770933778],[79.71640674785569,13.216421674455072],[79.70224238826786,13.224149899077645],[79.70912457616927,13.251043491865826],[79.68427382348676,13.244428815497752],[79.67829334227886,13.261653601315373],[79.69574914253572,13.26727645565562],[79.68260530804628,13.295824134394024],[79.66538610201516,13.278716510911682],[79.66387413072619,13.289766701260298],[79.6424817359653,13.29014819714952],[79.63163779838595,13.26969805139909],[79.59605682534851,13.284853812174868],[79.57926643232273,13.257793137662658],[79.53460244299323,13.27539688856763],[79.53730509892186,13.33864706825479],[79.49738387323887,13.332038045042124],[79.49970838390333,13.347787400619785],[79.45625511681797,13.338570740149871],[79.4354289909173,13.351709701916711],[79.43166884591162,13.336714818649908],[79.40536137245022,13.33503746886167],[79.38188801281359,13.307487805689819],[79.42003527171218,13.289546840933676],[79.44542222931291,13.301251735428236],[79.43373232841861,13.274987036230737],[79.40841812333316,13.26526961581934],[79.41849621649439,13.242960107941894],[79.43767925171966,13.242888783055188],[79.43978593063363,13.235860461079913],[79.42987080813978,13.231211916154948],[79.43086644634793,13.229847966690748],[79.45328951308886,13.2384878577817],[79.45380044067974,13.216942611325319],[79.4373785608173,13.219554485705087],[79.43842768099005,13.188175122936848],[79.37403254511902,13.189257135023201],[79.38772672107467,13.177528977061337],[79.36952220369005,13.172914319503722],[79.38003813325672,13.162926321765944],[79.35611537046508,13.16457928782823],[79.36050482395814,13.123537546043242],[79.34510870522345,13.121266432489389],[79.34130595580432,13.136820444899524],[79.30718986094338,13.105521888941507],[79.29430542158079,13.109598980533836],[79.31246370612998,13.126141605585834],[79.28401760579978,13.122769889239743],[79.28033943235458,13.152868728130214],[79.26208754665399,13.149041846198658],[79.25745613868833,13.160736267934379],[79.24527305714642,13.13827581727682],[79.2349291525047,13.170843516592413],[79.21003004253869,13.148458091150138],[79.2328729697486,13.139370222898648],[79.23442666616435,13.105228877630752],[79.19829339309862,13.081341318741131],[79.18065877855527,13.084242357422198],[79.19212109037504,13.067431588614523],[79.17829799290445,13.059186230124267],[79.19209993293842,13.056146237741293],[79.18043969740707,13.048849546383364],[79.1929964597769,13.046695498527724],[79.16312114183421,13.020270373670332],[79.11448180769194,13.039272142376769],[79.08090729458986,13.025727124776578],[79.0633976343588,13.053107344489332],[78.99500118186604,13.086608660112248],[78.97027952962283,13.074713863766135],[78.92394154765493,13.08080906760055],[78.90367541322529,13.047705617313593],[78.92916311773524,13.045758780558904],[78.9408099057757,13.036409830310383],[78.93710704943923,13.030426710982915],[78.89164302045273,13.033058363927946],[78.89158114230113,13.097087331182683],[78.84203642531884,13.07861309081963],[78.81313985492193,13.08914229746549],[78.79430397202174,13.066583927169091],[78.75177602798402,13.054941810272966],[78.71451634266917,13.068678315253528],[78.70527143115692,13.015238622203755],[78.65621469696197,13.031169391758038],[78.65552037665611,13.015248065261346],[78.62089681364854,12.991240368808116],[78.64716929927586,12.966237127247702],[78.63805852067047,12.96475931851548],[78.65701386271893,12.932106396028221],[78.63343561473904,12.931746021244978],[78.60155930891932,12.850803829303418],[78.6077576646066,12.821902619826641],[78.5925210231232,12.782675628430585],[78.55562811598206,12.755785069349955],[78.55587556411638,12.70015727226955],[78.54090825170275,12.690674796949017],[78.5349053066088,12.69112464041706],[78.52960839121826,12.71021841755296],[78.54428019733949,12.710937799798026],[78.49316507083111,12.747149267733674],[78.52001350754479,12.712013424525948],[78.50306925791052,12.716769517159149],[78.49933412061046,12.675085473030597],[78.46789965383199,12.675892085932043],[78.46496906117854,12.62402921150554],[78.42706756418043,12.635242762009545],[78.3794192410577,12.625014008309158],[78.30099437102918,12.665869266514294],[78.2721542852815,12.704674256617736],[78.2445609878268,12.706326288667773],[78.23770675149734,12.685759953775344],[78.19932260826052,12.69538140852688],[78.24100785966259,12.729943121923707],[78.230951227994,12.760659714739548],[78.25219797857675,12.860551001436113],[78.31244642021561,12.858518184206869],[78.31362685361609,12.876453247992096],[78.33707990390795,12.882364585136816],[78.3203300156692,12.887259404371044],[78.32353285239218,12.901783355975747],[78.34406978438571,12.90849883292609],[78.35409578146417,12.9396872078953],[78.38869573258917,12.906858139105958],[78.39866700075966,12.917308941903713],[78.4122110664576,12.903233522068493],[78.44557971055453,12.911796037345972],[78.4647711162672,12.86676365897587],[78.46669669102937,12.905409652871276],[78.43801608483412,12.929013924657747],[78.41881751550814,12.92172477945025],[78.41116305888643,12.945268010388695],[78.43797268944826,12.96398542376346],[78.43533014081079,12.981039789211483],[78.46746125490439,12.975022485179531],[78.4621958661754,13.04321409664984],[78.51425156802587,13.061855408597353],[78.50947043747507,13.091495112782063],[78.53850595597643,13.105730185974426],[78.51704501581042,13.13159035831865],[78.54464535984076,13.142003409508881],[78.55011349515227,13.16418891068774],[78.5797651669244,13.16736159197517],[78.5760595851113,13.186691794406068],[78.54975867091399,13.189693956994416],[78.55006029533146,13.200181376122972],[78.5787021693798,13.212992155785399],[78.5664014972656,13.220854901528156],[78.58736419635409,13.280642532506262],[78.56554907977124,13.312003334410402],[78.56163761516721,13.28851447770365],[78.53932266332201,13.287870303862201],[78.53217871106324,13.26693784424168],[78.51399767356092,13.29058533402815],[78.47930994302524,13.301290302759272],[78.4834016125729,13.321171050433344],[78.44420565889445,13.308111015858167],[78.44038473276147,13.328429447936132],[78.40110419838334,13.315469505145291],[78.37714794635754,13.33197097043085],[78.40868340632505,13.342883023525667],[78.36507712826447,13.361798964303484],[78.3816754705427,13.39698321142226],[78.37531632082072,13.508954048002488],[78.40200141358382,13.587970969947362],[78.32617100142816,13.59483754040083],[78.25860489911386,13.583005823066761],[78.23634010349006,13.598581763879494],[78.1929720149315,13.564846535925215],[78.20419665617483,13.628421534534395],[78.16822381480773,13.63285169252534],[78.16757823065281,13.655825034897092],[78.11429245508094,13.657362123242034],[78.087108711414,13.643066246086358],[78.08974298539262,13.65909909272698],[78.06571655806805,13.6761405644226],[78.06907612383381,13.697808478138587],[78.11322010060718,13.692735261586233],[78.12079984389895,13.715617975502358],[78.09152337014145,13.74227686035721],[78.1266229731048,13.787113405333827],[78.11375301985508,13.807467956683883],[78.1254708691093,13.832012810366674],[78.11477620981857,13.862888292623067],[78.08190598657184,13.861240944190762],[78.07899864949866,13.881155064085162],[78.04886525102664,13.89609228892005],[78.04619277333606,13.862133163547126],[78.00048377642622,13.872928339246778],[77.97610283311919,13.829492341221792],[77.95298242821156,13.827353715975912],[77.94907877287136,13.886448963602808],[77.98458780643372,13.89740132202426],[77.98752580500394,13.955498159864764],[77.9674309618447,13.96015657475737],[77.92676699998498,13.90532678167492],[77.89581780442056,13.9203619123981],[77.89569453933315,13.941042035593952],[77.8265883128599,13.944724611681103],[77.81349244934874,13.914623194523793],[77.83707244467317,13.86974097678243],[77.7822687468809,13.844080533060376],[77.78153461826778,13.81829318600795],[77.71930866924482,13.800274866845122],[77.71736273922323,13.741074236416857],[77.70329454573796,13.769788583831158],[77.67171819920769,13.760480765591053],[77.68007825404578,13.786777671163502],[77.65148792158492,13.784128842884025],[77.6176926752301,13.762676276062987],[77.64187803920494,13.747832358654234],[77.63058299936314,13.735915326642624],[77.59997230068302,13.75075954331113],[77.56092807430146,13.72233886341159],[77.54744186397808,13.752900684312802],[77.52556415239177,13.753303507503444],[77.53663704181366,13.730601300417478],[77.52833690462549,13.693010836227932],[77.51236991552626,13.697247456130718],[77.51416855785186,13.713210850683744],[77.48503987178911,13.714782507134098],[77.4921148744163,13.68980929122639],[77.45533407109436,13.682261569403865],[77.45007421281166,13.710900078613752],[77.46507610476638,13.710876010084966],[77.47055142170147,13.758020723277818],[77.45648741890378,13.788718894851892],[77.4645908446916,13.806076807231225],[77.42256774715779,13.799091894627963],[77.43251995862613,13.843216486520438],[77.38189802679193,13.839362785858535],[77.36243040468376,13.854246004444914],[77.32538145708385,13.833237754918864],[77.31149502975498,13.86658283092886],[77.28828418269462,13.847476156237665],[77.2566945590182,13.846522347424461],[77.24826875527101,13.901211006817917],[77.23562186950896,13.904136341011451],[77.21985048451934,13.867717254286342],[77.21312689497036,13.886189961107885],[77.20043077149516,13.863037152151728],[77.18138913811082,13.8698434839607],[77.18470963875566,13.925185883475569],[77.16193418327475,13.906624851845525],[77.16857987344319,13.86449056233033],[77.12819900142141,13.856458388067763],[77.1686849865592,13.82961953552712],[77.15751776500402,13.806030289349327],[77.17850750397444,13.782684709099962],[77.17305215264605,13.762009766614396],[77.09044299505402,13.767140055728978],[77.0856343634269,13.74243586078244],[77.06470043444845,13.743832259669414],[77.04337069570124,13.777793741952456],[77.02447249530718,13.779223565158029],[77.01650198353897,13.738509244512944],[76.99850330192996,13.745573542882438],[76.97802124591053,13.826866589323686],[77.01422324341166,13.860308891451416],[77.0230293663481,13.902595297301145],[77.04729283111243,13.906599690178851],[77.04165706436814,13.933433165526226],[76.99376586766319,13.962564092668206],[76.99949266991018,13.990338845970195],[76.93113463479705,14.030200854578474],[76.93238471765939,14.053924810359675],[76.97173951732046,14.058016025190474],[76.97757013721696,14.071288751352746],[76.94840029083954,14.092051093633353],[76.94569001815492,14.118213521131258],[76.92498110736766,14.137108574569341],[76.88591403816545,14.13823818986441],[76.89453436648705,14.167811338300275],[76.94237118678619,14.17333046633731],[76.9475661945654,14.198175404695602],[76.96060465876077,14.181771253413492],[77.02332919379806,14.176687659282315],[77.01467369498346,14.10000211150122],[77.02980113825801,14.088173015690947],[77.02768361646866,14.061746448382172],[77.07892157808614,14.042639036224129],[77.12740193562153,14.047014346849497],[77.14922270222515,14.001162940653675],[77.24535408868952,14.011944362241223],[77.27035776774217,14.034482642240418],[77.2749975281059,14.011283746724569],[77.32223051077783,14.029994571638305],[77.33622037664249,13.995367688109088],[77.36109104263011,13.990812067088799],[77.34948791033048,13.958140155887495],[77.37128653982253,13.9527513929851],[77.34783880029148,13.915963661621886],[77.35763295052736,13.903374392401663],[77.3978762427388,13.906183236662073],[77.39874265156944,13.88812590052098],[77.43504143786927,13.915006558544208],[77.41587848855676,13.924196887368154],[77.41208582774809,13.945558783170052],[77.43536386151246,13.947514810722659],[77.43788136060974,13.975521624391517],[77.42588838957919,13.98611283202735],[77.38164316521133,13.976233714336809],[77.39015779625576,14.01669619283219],[77.33230263367,14.030688204003926],[77.34050490036849,14.060191208546268],[77.36054494362718,14.06255984733175],[77.40092041868516,14.118712557312437],[77.39061313451937,14.126640050236274],[77.34746656461088,14.103635562230847],[77.35171478790066,14.131104375294282],[77.37894360549478,14.135841476077305],[77.3937191747251,14.174245151365115],[77.50350595642189,14.157117859549885],[77.51703101060542,14.182811551272424],[77.49278835691138,14.231006354495312],[77.4982814984162,14.278848272245863],[77.4789268786524,14.292161517951033],[77.45027981140952,14.28070676854087],[77.44622179346055,14.317466537376585],[77.43126010315257,14.312960297023814],[77.40644471237292,14.337747331483454],[77.37703105865499,14.307601765861921],[77.41769295924362,14.22584245898581],[77.41827825709046,14.209067158963206],[77.39259525626716,14.198843112390817],[77.35948595780717,14.23400650829983],[77.36382063115039,14.275827233137338],[77.283536942377,14.28273653780686],[77.28656671215082,14.340098991982279],[77.23820067742068,14.317360015378572],[77.13890405256386,14.339971428482858],[77.11019081807589,14.268274856705618],[77.12048237124004,14.262929302384476],[77.11666634879998,14.226380852257957],[77.10080474964323,14.217137804400444],[77.08117243528815,14.214152106182492],[77.05246313952186,14.245502994460008],[77.00566394231552,14.235785327350575],[76.9400558634026,14.244607367943392],[76.92489740032009,14.273783642039591],[76.95672445137743,14.294346460964015],[76.88464149580018,14.34754200087488],[76.8848178681601,14.395708726398158],[76.91582982936131,14.420692548893546],[76.94271474541613,14.399336267576732],[76.94479080704743,14.450896294868341],[76.95980001825579,14.450213377485202],[76.97481429956748,14.485330367817834],[76.90068809033373,14.489208135234918],[76.86796159542179,14.474038376743824],[76.85560253637483,14.50959144415795],[76.83100862701137,14.53036179166806],[76.80628218850313,14.531064889333734],[76.78184267160329,14.5964960318765],[76.76499495562355,14.602123661737755],[76.77527089024005,14.680960038515659],[76.80294369514411,14.741884212700453],[76.78268687343267,14.785938034319486],[76.83674836982716,14.790774784077582],[76.83736813692664,14.810564108874168],[76.85397732846307,14.809444241385714],[76.84178895819004,14.836552411257909],[76.85719345020306,14.869106925638237],[76.84547946604492,14.889294045948253],[76.86384369289244,14.895581906749973],[76.86962148310607,14.937710050940323],[76.86745880979356,14.969822332531292],[76.82850353772209,14.956457302325811],[76.81827919495596,14.969438104343746],[76.76653874546592,14.975616820367504],[76.76056909634933,14.989857617673618],[76.79013024678882,15.020714739772073],[76.77669378481878,15.078400631596606],[76.80023501245893,15.095832062061465],[76.83601587911215,15.079234455304745],[76.86588508500708,15.059684568173571],[76.877162730434,15.030207564741902],[76.91836590775335,15.03552304569622],[76.98522220159718,15.015188754279817],[77.00407818136267,15.033832919144274],[77.04956248978945,15.033076094113376],[77.04411746859769,15.009842723568172],[77.08245132091311,15.00608055064604],[77.08474759606008,15.030708691774363],[77.11292918908693,15.034056399633883],[77.13011985281146,15.100768507838513],[77.15632762771978,15.122931569241489],[77.15727893881012,15.140468984062505],[77.13540514857428,15.149747780027894],[77.16913361263116,15.17134861850919],[77.14765652638644,15.223909428692949],[77.12512039642286,15.2269393219629],[77.16693103150442,15.268584178371954],[77.1471355235232,15.27292142951306],[77.15157756033477,15.29243496107288],[77.1183751944317,15.294850565495073],[77.11310098284201,15.333678202455138],[77.06372732342051,15.328018269837226],[77.0648964265076,15.343552060755352],[77.04182891432244,15.361922241346612],[77.04724841089752,15.390021923350385],[77.02922859688131,15.404360258812355],[77.03352799313029,15.43288919316597],[76.97383655762304,15.499526525302732],[76.97453080363009,15.510506497715793],[77.03003982431598,15.502647875720244],[77.03043236678045,15.63449266577403],[77.08318943033707,15.659145353179094],[77.12142316890959,15.631084865921311],[77.12888367569485,15.665864694249386],[77.0786939081483,15.695144032045896],[77.0796887221684,15.727510814107982],[77.04594479591313,15.74035593407328],[77.0671724220834,15.78773558264437],[77.06520453504413,15.828193943543386],[77.02518549024734,15.837509234097704],[77.07475528720798,15.912019219737372],[77.15506956000112,15.950033804092275],[77.24886641516507,15.964555371463517],[77.37947518737178,15.93980204512453],[77.42959659769825,15.949063450915437],[77.54907044577541,15.919444486323313],[77.6114816525562,15.918256928315662],[77.65928862722001,15.885822213654786],[77.72418150202066,15.896137139885507],[77.80359918418334,15.874458573846104],[77.85859263622297,15.884031337963933],[77.88805825139963,15.906406399354958],[78.00893796304727,15.86207787274623],[78.03196359368899,15.90766840281506],[78.0836266062455,15.841247668314486],[78.13406942663526,15.836584934605979],[78.13560620960708,15.855028721638147],[78.17541242366687,15.858399418033327],[78.1844975397468,15.910139330844684],[78.25168291025327,15.935545803700792],[78.26092897399221,16.02613455246149],[78.31232515094261,16.01182768726422],[78.32661978985035,16.03705463766639],[78.4079519399488,16.075124750692993],[78.55181541241969,16.043118511377806],[78.60168535795317,16.08424124559462],[78.62729042765639,16.087951793148168],[78.65027220850193,16.079121726874998],[78.68124191307523,16.035106683397213],[78.73554349219455,16.00846988232055],[78.78319156782747,16.02060753539272],[78.83780073866596,16.072173901751274],[78.83389168240281,16.144788662900595],[78.87219210648996,16.144281365163394],[78.89564127350198,16.085894544046734],[78.922067694971,16.10462754254332],[78.90544277806566,16.183900698615357],[78.98575512126745,16.21102494854081],[79.00954607753044,16.240523712048358],[79.10166813548346,16.223164614883636],[79.11975785069039,16.23224729874027],[79.15697910636757,16.209596919002376],[79.21657550913156,16.227713446398113],[79.2343247458586,16.334144190899593],[79.21023133052402,16.358534434457912],[79.21159427452349,16.447688253167296],[79.23338583553557,16.45950130639832],[79.21485964217554,16.48820782943438],[79.25686600873993,16.566114524162778],[79.29104898733522,16.561870804815317],[79.34013848492326,16.582934510043405],[79.41866194891462,16.580540557975674],[79.44719430556091,16.620006575383055],[79.54210821337563,16.63253983558645],[79.59893857627092,16.673517113580345],[79.63310440593548,16.660716269379783],[79.68155372764546,16.6946632779327],[79.72290455429648,16.690567531836344],[79.7739993518527,16.731064642066638],[79.81726906280116,16.692157925368118],[79.85106831173684,16.706129277365697],[79.87753325849988,16.697588911696656],[79.9101094766761,16.634210766793135],[79.96307138677713,16.643825550203005],[79.99741126798709,16.70238329949872],[80.03003704883102,16.71469528909093],[80.05495314331084,16.74493514012498],[80.07059921144602,16.801978880384695],[80.04684198284679,16.85362689297594],[79.99876147147302,16.865498151441674],[80.01738295959252,16.915256923650205],[80.04040315754285,16.918364869031613],[80.05543804820685,16.971421830255792],[80.0914848862418,16.968378373166384],[80.09516057953054,16.990651501661986],[80.14023685018704,16.99059227321727],[80.1872870820284,17.01995502001556],[80.1964527662379,17.04403365179626],[80.21142152760127,17.01055185765417],[80.26486926520964,16.997517635955653],[80.28265015177949,17.007950441326464],[80.29357959108647,16.996611307314016],[80.29026386659231,16.981355567876726],[80.31662338584529,16.948613705085915],[80.32169886233392,16.879629864561885],[80.37406560588936,16.852394453305166],[80.38041686955025,16.81773588796103],[80.40778035511387,16.84851357975707],[80.37857415473333,16.851845339527703],[80.38315424262075,16.86531476721786],[80.46424021970435,16.819977759306067],[80.46445492734155,16.79544865651784],[80.57024080111637,16.76800901746716],[80.61296655586995,16.793540995456155],[80.56282630983087,16.833126197165388],[80.56821548568546,16.86958636262337],[80.59588976752346,16.88490546923972],[80.58712000509983,16.904177811162043],[80.60205074784173,16.91869593045768],[80.5346757614614,16.961694801165994],[80.5261034839943,16.947881380575147],[80.49922903187635,16.95633461917759],[80.49342734098036,16.927710269236684],[80.44965059138885,16.95504453409996],[80.36340456958197,16.97606555990546],[80.40703486361323,17.015796036019964],[80.38571852255676,17.06820302894466],[80.40903042744722,17.091496958928246],[80.43861172958142,17.037860614750684],[80.46484161221086,17.03030140490797],[80.47135796980112,17.050646193987305],[80.5053779614959,17.068739828420192],[80.51406032332152,17.122326934876064],[80.56316252069205,17.133378047851135],[80.5799971531509,17.153344721115396],[80.6705547724131,17.101187539905006],[80.6537858374383,17.06888764124284],[80.73888132595044,17.079588912517725],[80.8453094512176,17.039967155263955],[80.87722821308029,17.070557406423845],[80.86774061542732,17.123130611970144],[80.87943805423285,17.16083009448444],[80.92399459423426,17.157846257046995],[80.91884229086843,17.220007508759092],[81.0312318660328,17.190601302953635],[81.05460934514285,17.2248742019527],[81.07956514092663,17.21554752718153],[81.17393257881434,17.230606851204822],[81.19036515874753,17.325080250231004],[81.27398032779053,17.317459168348574],[81.32264131487403,17.37454770385533],[81.31238226306112,17.408723800536524],[81.2052636089203,17.449587930854392],[81.1932971511069,17.43562515874459],[81.17232707033966,17.44904329029575],[81.17554726125294,17.46363637679554],[81.14825367493277,17.46365328524514],[81.15968076807273,17.484370095760458],[81.14214537820648,17.488587538909865],[81.12727966430924,17.526422939046814],[81.0975631876751,17.504255902501427],[81.01989579664288,17.520034335555902],[80.96939520565824,17.598055470219936],[80.85540134660127,17.60186987747777],[80.86149487294928,17.634214634769656],[80.91105496686458,17.63801721383948],[80.90495630173515,17.6773195039224],[80.88576515722775,17.681218776651495],[80.88554632269218,17.7356779538086],[80.92785046564548,17.761775184951368],[80.97342181740467,17.780122161431255],[80.9913179694752,17.749917129242355],[81.04056442893173,17.747608380418402],[81.05816501322533,17.73308576590567],[81.10426226012035,17.772006361560983],[81.08558749965351,17.798023476705406],[81.09396506760127,17.80927276778445],[81.1661344930637,17.85760038511392],[81.26626416304588,17.809522265656543],[81.35410973589829,17.812287101926973],[81.39185329366532,17.79417971949737],[81.39655077642564,17.820232664498793],[81.41559671754915,17.81342317282964],[81.43412206931282,17.831930109749514],[81.4739200653939,17.837965743115433],[81.49004547236667,17.812694884755295],[81.57431611663955,17.837167554102788],[81.61654740801522,17.822075774805505],[81.66973111831123,17.88655150808584],[81.69853263492953,17.90135434618161],[81.70917356573365,17.87199602126552],[81.72562016709455,17.878863256106225],[81.79012862873135,17.92080654907007],[81.80989412356217,17.950984258895456],[81.96296652877024,17.99925146202487],[82.00934719333353,18.03007272109205],[82.0073899470173,18.05632328587425],[82.03232388675823,18.06931840249512],[82.06156410595342,18.05545035383087],[82.07663571832208,18.075217357665984],[82.1334898708852,18.05989017777582],[82.13717597404813,18.0439360320858],[82.16883885538843,18.05195295273014],[82.1878050041155,18.01473119044789],[82.26557511467973,17.998627307209894],[82.27261171374461,18.057221006928124],[82.30200532479931,18.06915700387936],[82.29874289021944,18.05527602044262],[82.31984975309254,18.044763364556204],[82.32225385948168,18.05990588896602],[82.34388304491756,18.057994506829218],[82.33879536781573,18.1469222694467],[82.36324806097225,18.134808905311452],[82.37231683080411,18.148163525540912],[82.35336728290605,18.17169321829238],[82.315452570767,18.184029241010016],[82.31084253945632,18.204094774310377],[82.33705506115074,18.22430463702147],[82.32441241402557,18.23121042593215],[82.34466497450485,18.280548197714186],[82.3764959480424,18.280678499369387],[82.39233587548019,18.297949549630133],[82.38896125827819,18.328507437388353],[82.35587020423242,18.31592294249725],[82.3382183368894,18.326710417287558],[82.38554900467885,18.3675052964678],[82.36421242085488,18.421537643763674],[82.4827531229376,18.54872211895959],[82.50433152580904,18.513872642993743],[82.53216118907922,18.510988229029113],[82.53419021248482,18.477734441807716],[82.51942004638741,18.465596657698686],[82.53955790659543,18.443604164052676],[82.54237186323586,18.45762720530576],[82.56139586262016,18.44849009430695],[82.53552856610544,18.40617060074866],[82.59479558274184,18.389228945421188],[82.62122753773126,18.35970828325202],[82.6020447069559,18.352276315230004],[82.6089416845131,18.327126767219486],[82.58130670038547,18.31516890544998],[82.5986552473586,18.30418628454842],[82.5877853503629,18.27606343812382],[82.63768099961469,18.23670446941145],[82.65248670862408,18.24999935625655],[82.64264991545483,18.30203300718888],[82.66676592111304,18.298029228628113],[82.77408584995896,18.340316747850107],[82.79953837028306,18.40674976006302],[82.78216326850475,18.43078776727341],[82.80314259159051,18.44924603148968],[82.85241611901445,18.419201458679606],[82.89499966355014,18.42410257934327],[82.8941936657772,18.381568108297433],[82.93972706667005,18.360818663975056],[82.97047146163065,18.36000612929294],[83.02192066417376,18.39170380671137],[83.05448881004396,18.37998582121049],[83.0770513472463,18.40335434398957],[83.05743567641751,18.419372032693417],[83.06731161345432,18.43009142161763],[83.04253037489464,18.4242258192263],[83.02094766411257,18.456241953885],[83.09503920991254,18.546642411697725],[83.04535418995005,18.544183657617673],[83.0297567499635,18.57350780526696],[83.05279252028164,18.600683815908102],[83.02379024776647,18.589647176406057],[83.00047013567062,18.607984925225814],[83.01963278662264,18.63512156353885],[83.01312841724788,18.646054184495718],[83.05802360395622,18.66531468177258],[83.07279076990847,18.70554002136498],[83.13902967653382,18.785364555882687],[83.20654786462896,18.75143843181095],[83.21245207805006,18.730485462438043],[83.22460748819339,18.77508823597076],[83.2713546084636,18.764635364366118],[83.2843378533943,18.79787815970081],[83.33061630700062,18.806346744385365],[83.32824572916685,18.818081807828495],[83.36815090913187,18.84406001858693],[83.37832565430378,18.83066285663746],[83.40588258232353,18.842515212260118],[83.41475137951772,18.87496324524468],[83.38191541461696,18.891756434558207],[83.39060909679678,18.90960848569641],[83.35982531371312,18.91471243870959],[83.35248399098884,18.943463124776798],[83.37014699082808,18.94171630822935],[83.3706042745139,18.926036204084724],[83.38737775392421,18.932978499063204],[83.35473595941419,18.967296289592216],[83.34843771005029,18.92628642966294],[83.32649797297846,18.93198196398653],[83.33901710825819,18.952778186890686],[83.31064622082319,18.998672858863035],[83.33878483782374,18.997005094234652],[83.3429214878493,19.018136553834363],[83.3674780910691,19.01648197380053],[83.37261285216368,19.002259182992884],[83.40047329344345,19.00939561085171],[83.46182906659675,18.954781358288674],[83.46783543200405,18.99108306741866],[83.44994125016622,19.009658656395214],[83.47968020105101,19.008467231353713],[83.48334752983665,19.03354666327099],[83.46229434839282,19.063766509737217],[83.47837203505487,19.079273929265494],[83.46797670740925,19.09311796083707],[83.48339583852287,19.09225591080874],[83.50060405427332,19.06063197165836],[83.5117147785553,19.070315445228225],[83.51930166710328,19.03906497047649],[83.51482103769295,19.028456328272913],[83.49646640885074,19.035469405941488],[83.50093582205628,19.020661556145033],[83.53670517465476,19.00949507689774],[83.5575673738744,19.056202366911023],[83.54904551556909,19.080517676075825],[83.5601737719599,19.087068484600305],[83.56341923410102,19.0578504559923],[83.58445509180623,19.05756587788462],[83.5855886269283,19.086555411832435],[83.61061415109181,19.096063334751307],[83.59912643507205,19.130161458130253],[83.62603413423103,19.162666444374565],[83.63700780959309,19.131477590115217],[83.65496290275436,19.129620824663228],[83.66101787010804,19.08113756796269],[83.70013891290452,19.025451182077433],[83.7300168573052,19.02195539610466],[83.70947691596369,19.002636504560833],[83.73301270393668,18.98771175259696],[83.75385874622478,18.925131045009675],[83.78789079889721,18.91586879813724],[83.74485346691945,18.987978776516798],[83.79468802890219,19.017976999886674],[83.82657738914293,18.916283746848197],[83.84578768667934,18.91358284711052],[83.84600511563492,18.86909737554988],[83.89316228089429,18.814473184491888],[83.91580486341165,18.827961592737424],[83.95016153430693,18.80517726963053],[84.03848330119062,18.816432845238865],[84.08946253226695,18.756780403325486],[84.13808981238672,18.761490577078096],[84.16349557264866,18.789303858678682],[84.1899385393694,18.77770397672825],[84.19534272787257,18.791676831056854],[84.23674091582487,18.798551908054364],[84.26096673491556,18.78322007297348],[84.2886615432728,18.804659320670563],[84.32125836132172,18.78649242760638],[84.3445453519652,18.801797145289022],[84.33105524878259,18.81784968033752],[84.36384964012555,18.83712191582871],[84.33306030469616,18.86051372654042],[84.33053324319033,18.883215122001918],[84.37422691107933,18.861388378377868],[84.38420217676038,18.87413965443552],[84.37259142029949,18.878066732090563],[84.3602664518661,18.894552687417267],[84.39213248371146,18.876296431959183],[84.39751805340826,18.8902832015718],[84.38514933723806,18.895920627406237],[84.37893389378762,18.90421753343028],[84.4180181459851,18.897202117173652],[84.41857282045677,18.91732080164977],[84.42839255867173,18.909022532915674],[84.43802455510709,18.92046209519158],[84.42421983130065,18.947253904344784],[84.43107293634641,18.969189415072492],[84.45242624307704,18.9759774884571],[84.43221884355657,18.995050605636038],[84.42108539807393,19.02199144800057],[84.47889316638614,18.988459171967587],[84.49436735786388,19.02900116822963],[84.5728648477027,19.07371998182162],[84.5830950261587,19.07273003762747],[84.58166624194479,19.030088266600657],[84.60090112835337,19.02478939419576],[84.6183097630628,19.06587300544455],[84.66113103362724,19.06303886119204],[84.6708523468187,19.07633014092056],[84.65897086103317,19.094428001084673],[84.62549477035593,19.084913615471017],[84.59553003530978,19.13244953374532],[84.66731840999395,19.12985673672897],[84.67777777938412,19.166386807534803]],[[84.35327463928608,18.789892993631803],[84.3501111261353,18.78757249756732],[84.35171316710169,18.785771135969625],[84.35327463928608,18.789892993631803]],[[84.3395915720225,18.789400542926117],[84.3292729076778,18.78719874152644],[84.33936160672023,18.778691965030735],[84.3395915720225,18.789400542926117]],[[82.22596595252884,16.758080555018935],[82.20542528099749,16.73449960642115],[82.18629185586471,16.737058158516803],[82.19334936912382,16.721627497056684],[82.23916786465061,16.71623308222208],[82.26674301303359,16.694585581399586],[82.31040253511821,16.718697931418994],[82.30549341888141,16.748175981627508],[82.26981613225155,16.721726379069207],[82.21749457529033,16.73272036586331],[82.22596595252884,16.758080555018935]],[[78.39525985477606,13.350945379870211],[78.3958383990602,13.351113841681526],[78.39495938577602,13.351477630380122],[78.39525985477606,13.350945379870211]],[[78.53966312597079,12.698984839800163],[78.53622816758974,12.693526679705279],[78.53929131517816,12.692695017354678],[78.53966312597079,12.698984839800163]],[[79.8456676611203,13.327576678871987],[79.84337483444642,13.321673162145679],[79.85004991484773,13.32373928509441],[79.8456676611203,13.327576678871987]]]]}},{"type":"Feature","properties":{"OBJECTID":30,"STATE":"BIHAR","Shape_Leng":2988691.42967,"Shape_Area":90619538500.0},"geometry":{"type":"MultiPolygon","coordinates":[[[[84.51627150475954,24.27571002063747],[84.50523181272452,24.260494222288987],[84.51000307374761,24.283359046354914],[84.51627150475954,24.27571002063747]]],[[[84.10906470265012,27.521119343579205],[84.1513725524745,27.51667294973945],[84.14912963129507,27.48590832895061],[84.20542497028502,27.470427081946998],[84.2089274263109,27.442600146299736],[84.2542609560584,27.45404975220822],[84.29238247421712,27.384811550793444],[84.6218932193654,27.336927334565214],[84.69114438087009,27.214821971206632],[84.67449035242664,27.095905735602194],[84.64615993451876,27.07564708740651],[84.64339421079373,27.046144471207636],[84.75674021827162,27.00284599531905],[84.77342089235948,27.01773611966224],[84.79356053279638,26.99583822296197],[84.82540156344697,27.020913246895997],[84.89157572619946,26.969675146739238],[84.96257975998962,26.960526502695963],[84.97850816603719,26.940086030212573],[84.96806383852419,26.916144636941258],[85.06119730736587,26.886585247537056],[85.03085823301174,26.87436394419662],[85.02397020486436,26.85437725390348],[85.08388044369757,26.853532561338476],[85.10538494661911,26.871696072625692],[85.19084225550294,26.869824437250276],[85.17673592874776,26.809622470605532],[85.21262061005537,26.757997843451875],[85.33451094275145,26.741667877436058],[85.40773796458694,26.79134586293128],[85.45456231214159,26.781784149848114],[85.5659833374418,26.84110222520873],[85.57555745810043,26.86099254530407],[85.58566484995477,26.847358772845507],[85.6345541791923,26.872211662641313],[85.64242295038622,26.853269073397808],[85.7211305851416,26.820357631079727],[85.7344790493305,26.795872497043053],[85.7233190491067,26.69982273393149],[85.73417979810395,26.65076045383644],[85.80176817743953,26.624270415711653],[85.81773942217674,26.602799665855894],[85.85125989889718,26.60867733699616],[85.84920907350438,26.56899838769363],[85.92910351958983,26.6168149940731],[85.94817938092899,26.61396195480827],[85.96012208774725,26.651010832121887],[86.02758034153383,26.666787180258],[86.13876408326746,26.628848759763255],[86.13633011212357,26.60633577158942],[86.19224048045946,26.614841259257155],[86.19629974118166,26.593943285183443],[86.21767685060182,26.588479756290784],[86.25268757805391,26.617108084126542],[86.33289028587522,26.61913737410942],[86.49863400811236,26.542096239070712],[86.54154944278461,26.53872262923092],[86.57025070193009,26.496563180053943],[86.69322533025252,26.451198207395322],[86.73139799009145,26.42261631369828],[86.7664964880583,26.459440822751425],[86.83376935323756,26.439098169881387],[86.89423019339637,26.461926957715654],[86.89167627345898,26.486188956056036],[86.92999453136157,26.489684066124504],[86.93215913075862,26.516954037688762],[87.01535972751554,26.532043804658603],[87.04467403985063,26.587234076265315],[87.07182249393841,26.585813894207266],[87.09165094385638,26.450292247606846],[87.16256152219992,26.403895255978345],[87.26105184680537,26.409269915742914],[87.26601523477706,26.373875004665397],[87.31253370418635,26.37156872658084],[87.34109251312596,26.34751915550797],[87.3584054885574,26.36105398706223],[87.36889286571018,26.407937655422998],[87.46377165528585,26.43950923972548],[87.5477041906464,26.418374857513427],[87.61040446388827,26.380777464145595],[87.65187737495503,26.39342487739692],[87.65020261367809,26.40595727986597],[87.6781278538007,26.415834722308638],[87.67755794619684,26.435456095625636],[87.73393997266201,26.407610620668777],[87.73931685953066,26.41759311815293],[87.76475988038332,26.40988214220362],[87.78951460990098,26.469431276053854],[87.84882840620607,26.43646348449021],[87.88829370576025,26.486759761275916],[87.90980831623237,26.45756321555747],[87.8987393851946,26.448709595485532],[87.92514272501302,26.444838657248194],[87.92694196073603,26.417801203738687],[87.99191961400199,26.392562878986435],[87.9953524952348,26.366007743301996],[88.03050431003268,26.364922205816505],[88.03449892762075,26.391910395329734],[88.07129638504237,26.408140440554877],[88.09597868152096,26.439987627649888],[88.09208430841738,26.463307454501802],[88.10697808624961,26.475742492109788],[88.09024129283249,26.507252548123432],[88.09807437035019,26.537948272801653],[88.1300529453401,26.516024526929062],[88.17939290604114,26.548254210884384],[88.21161029023239,26.539944012679967],[88.21095328495439,26.56091998669965],[88.22548756132896,26.55674524238581],[88.22968332005162,26.535044710210823],[88.17988661642208,26.487643107549044],[88.2107335843648,26.47309233084901],[88.22436018203436,26.481946823718964],[88.20982311203487,26.46922530131746],[88.2695789371636,26.420445190860196],[88.22793765024967,26.392747390616698],[88.2322150351793,26.379598202671584],[88.27626499187122,26.37943793554046],[88.29353284340466,26.350818012862383],[88.27890857142437,26.349393877957702],[88.27469311964978,26.328571006397407],[88.26838110906205,26.337985069168447],[88.24725272549558,26.328120852003693],[88.2106317664722,26.27779141099731],[88.14439787907277,26.252241173919245],[88.13981542681329,26.227195002116513],[88.1144164306403,26.22372462373386],[88.07184826187785,26.174202393055424],[88.03723404870917,26.178707170307277],[87.99987941693946,26.13839577042552],[87.9920707408005,26.150960416712373],[87.9749021929444,26.143373814467473],[87.96927149035363,26.11762150699497],[87.98680325079243,26.101407167547343],[87.9636054714341,26.094626262674115],[87.98562162130627,26.0776601765277],[87.95291250859452,26.076467197256562],[87.94550210346834,26.060760797194057],[87.92804842596966,26.083067347355833],[87.85592510424706,26.035976305380068],[87.83843384014106,25.93149313845524],[87.8073741504688,25.929852350095878],[87.82982778646854,25.87064800988606],[87.91469022497067,25.85394686051361],[87.88803704733124,25.83066304275285],[87.91588479254492,25.81639623720676],[87.89945775585308,25.807486036382016],[87.9041711338723,25.77113067805008],[87.93797262299513,25.773932151368225],[87.96570106496777,25.72562045284583],[87.99885480059655,25.721903592365948],[88.02064558180682,25.695864355716306],[88.04865012807312,25.69708705671255],[88.0481652854511,25.64622125840106],[88.0368009346537,25.64164268821728],[88.05526082677088,25.637820995545546],[88.02026488362239,25.59114943140123],[88.03851174990201,25.56939783194707],[88.02582143972738,25.558855295949343],[88.03727572102815,25.538322165456808],[88.07653494506872,25.50809616403202],[88.07338014323051,25.484311896269066],[88.0302772692147,25.491537965140733],[88.0135212601045,25.511211527510213],[87.99577532544426,25.49954454525832],[87.99379856556047,25.52241261401872],[87.96333390042187,25.539535239937244],[87.92772244546474,25.537196092219364],[87.90276169091618,25.505324179873593],[87.88437067433226,25.520572804335515],[87.8693070199995,25.468996512913748],[87.83934606656096,25.467841084449226],[87.82478098850383,25.437948303534085],[87.78725760929142,25.450401146638274],[87.77519226541902,25.40890971501843],[87.76451315362964,25.413776591142753],[87.76587601243497,25.38527025853621],[87.79231199642578,25.373548007766818],[87.79596012503521,25.32620287118224],[87.86142963387444,25.281422197867094],[87.8552684397532,25.255269605139166],[87.82730342936068,25.23528863084995],[87.76718006379298,25.26097656437971],[87.71134097817486,25.257643853843096],[87.69208287298895,25.311532718744893],[87.6119681768586,25.312657698609666],[87.58409977493176,25.331438121708175],[87.58389011741046,25.349180935518255],[87.55169337612233,25.332499748665338],[87.54271917113961,25.28094088905847],[87.50162278673932,25.29232706154653],[87.493707200792,25.30751039800863],[87.48610082541167,25.29726589821589],[87.50048859561183,25.259792206639077],[87.47640446106253,25.2378495882052],[87.47780695397883,25.19414305204148],[87.40098089600663,25.22690486875179],[87.37151634347909,25.206248185986418],[87.3272895293944,25.22361800745678],[87.29540211217993,25.08853698281216],[87.25033963510587,25.105734797906404],[87.23740061078249,25.085841348284713],[87.21428771998086,25.09122988687694],[87.14622745337658,25.020006823845414],[87.14235860129426,24.91372321290807],[87.1555469876337,24.885017580105036],[87.14258864136967,24.86059969443076],[87.10612206985084,24.855056504542006],[87.0743359427382,24.81985441604585],[87.09574041547683,24.80271643935433],[87.06963578495873,24.74555999982097],[87.08073834650565,24.729065253626878],[87.05406950390105,24.669339867835745],[87.05063763061203,24.608783057723464],[87.02304643040456,24.61570491571296],[87.02126731512105,24.629462301745047],[86.99609930116677,24.620105719202552],[86.97758317207483,24.639565711321186],[86.95278603875326,24.631473407790374],[86.9581992832648,24.64759447730344],[86.93759059787838,24.650167547036112],[86.94493648071202,24.635828814464126],[86.90732234866911,24.588160044522642],[86.91457963649147,24.542205452122992],[86.88050577376677,24.572192817797923],[86.85684003474599,24.55488498427645],[86.84264591425543,24.57422527314497],[86.80314946223376,24.570324980525676],[86.81123738812992,24.59827238881532],[86.78900939591219,24.618694222056615],[86.75399254854109,24.621297293853257],[86.7346880073108,24.57949040890626],[86.67023950284879,24.564878278842418],[86.60329342390158,24.608380535231884],[86.55232157536011,24.535973033548753],[86.52935765896686,24.54028473156813],[86.50956595993657,24.52219203837092],[86.48673137414443,24.464139778751967],[86.491279299526,24.4280811617629],[86.46649652522119,24.42386193875815],[86.4719266014718,24.39334790090319],[86.44489976498541,24.36782978857861],[86.41213435652887,24.380966647842317],[86.34990046173856,24.44738718199251],[86.31737720670456,24.44151899939298],[86.27601088476935,24.46579896371715],[86.30897872218907,24.509763372003714],[86.3008403750574,24.560116591040792],[86.32320509791245,24.586792081803598],[86.25921453736929,24.57867177008625],[86.21429898500713,24.613790842551346],[86.21445076902197,24.594928388296427],[86.18047912163433,24.583678899130003],[86.1253172484617,24.611484079042697],[86.11522185038582,24.64394536220506],[86.12835519555439,24.698647400669177],[86.09073087312358,24.745997933269162],[86.03709077628085,24.74112648103091],[86.05510484475587,24.779692606815974],[85.9690451043053,24.733125256524087],[85.94439669568949,24.73357015100743],[85.86723357175694,24.804246739668166],[85.77828074734562,24.796627712535116],[85.73673046234538,24.821060491738653],[85.7073595338793,24.779759381463688],[85.70825813163586,24.725909211971558],[85.68200049898724,24.691919323179736],[85.6492139144722,24.684765987372057],[85.67619845656395,24.616624810515287],[85.66738285644466,24.57889235250263],[85.61472677004501,24.58074410784664],[85.58076745111262,24.600680986024347],[85.56599843197024,24.587254183300576],[85.57177105655751,24.561819945245837],[85.56022687026,24.55273649154597],[85.54074086511713,24.56271913670197],[85.54077648070975,24.530510284042016],[85.52396281081835,24.521270690007945],[85.49166123315304,24.548099684136734],[85.43462715010426,24.52852398141056],[85.384353389734,24.55549329754978],[85.37077620195278,24.555349780315645],[85.39749247851856,24.544798536190743],[85.39193366185556,24.530345209458797],[85.28808658451973,24.523260681568523],[85.28233367411946,24.49166690119752],[85.24910921295523,24.490728005223783],[85.2258423608579,24.46313128230274],[85.16075214488723,24.46033930979739],[85.173904508262,24.42062027024741],[85.08904625025289,24.37249886128652],[85.07323903902349,24.378227232666266],[85.08102173667541,24.433035718262673],[85.06111093912557,24.405862633005245],[85.03116739144231,24.414572792641593],[84.97488668246997,24.374713756551838],[84.90382953343052,24.372247501405425],[84.88228130698693,24.424767441182684],[84.88727725990502,24.463283283473164],[84.85401395773178,24.466706634949194],[84.84009527437183,24.452191299940388],[84.83893881511844,24.5126113314109],[84.80189110575718,24.530744415796196],[84.78609034490364,24.503827588344144],[84.75558080316038,24.4999639123234],[84.7291836281324,24.470153271316892],[84.6853180098138,24.455124639546792],[84.66506653975205,24.390877680648284],[84.56819153409334,24.409439898410326],[84.5723590339023,24.3826200088906],[84.52782047881747,24.375735325976358],[84.53144085765224,24.338207695529192],[84.49590425736174,24.286068673270602],[84.48435418337122,24.301967359873327],[84.50528553207656,24.331331434927037],[84.48449138871128,24.312670366249613],[84.45960703539969,24.33709433305268],[84.42440173312086,24.32983751247291],[84.43111358224019,24.35652292729614],[84.40035696953039,24.364625019063563],[84.40657362623338,24.374893546888977],[84.38824173670866,24.38929186503223],[84.34162310599665,24.393545497476566],[84.33452645844382,24.42064203723219],[84.32053461098894,24.421071020755804],[84.3356028017809,24.43148970981517],[84.29737523377173,24.4493913718666],[84.29609776642528,24.473477910405272],[84.32752831268348,24.492355406395244],[84.29683782100051,24.56057640094012],[84.27053174142445,24.56001421687454],[84.27986414366028,24.547873158778675],[84.25679268487839,24.526884557014487],[84.23639975147424,24.54932099710673],[84.21506331697842,24.532719061677586],[84.18723288841453,24.552928884359925],[84.17318399204449,24.544700399026432],[84.18494689226131,24.519593573056643],[84.16974944691513,24.503330159888353],[84.15245575035124,24.515174639141872],[84.16348836592994,24.533404493469373],[84.14427905347851,24.538251716462685],[84.14053394025994,24.50053333015826],[84.11080911182333,24.47673520321442],[84.08562582329978,24.5051822409556],[84.09321606962341,24.533645212132942],[84.05095032730023,24.58663861831672],[84.05202281504015,24.609922409877242],[84.00779151216753,24.642891602882095],[83.93613238666458,24.549115872272395],[83.87314636170359,24.531750424751788],[83.80018315536675,24.52953179894189],[83.7205663208455,24.503452628861577],[83.50330098143274,24.52535369429921],[83.49712169351317,24.53909567092463],[83.5222793987028,24.547662732389757],[83.5300964785025,24.56732196642606],[83.52352761390597,24.60313177485217],[83.54797921798244,24.623278788175533],[83.50049208700095,24.651251629497676],[83.5203797568326,24.677501990981437],[83.48512990161134,24.701672108557528],[83.4893396242709,24.73632854173405],[83.45809720719011,24.731345913618576],[83.42783196029605,24.768294795508687],[83.39305020687632,24.782733947040754],[83.39659404906739,24.832345275069212],[83.35743411740302,24.870907419104384],[83.36946180623353,24.879872783447514],[83.3545785880951,24.90546931528925],[83.36145277369086,24.95372234114094],[83.343106570429,24.963072120592056],[83.34981052423946,25.009248593314563],[83.32021588688508,25.017261372079016],[83.34335238694301,25.05087952304927],[83.35008755307223,25.113278126713038],[83.36736957441698,25.12522685340411],[83.35130152713272,25.157011310382032],[83.35724936245337,25.199661418935076],[83.402040216192,25.2090640181467],[83.4099122349581,25.246606306474156],[83.43622919796694,25.24423906812267],[83.45009070947455,25.261038434392223],[83.46792305134764,25.25234418939157],[83.4903766885913,25.289479801209307],[83.50545991557466,25.28103945221711],[83.52345743496303,25.30255571997005],[83.55409430659537,25.308491010023797],[83.53990783902485,25.31578641896111],[83.57372366312912,25.30612507427381],[83.59628112534129,25.32766545242141],[83.6488012684734,25.33927080728207],[83.65594575394067,25.36836387478682],[83.69370738232016,25.36962848872525],[83.68205678906658,25.378624427722155],[83.70168271099436,25.396159645072487],[83.71012300356632,25.38604470295862],[83.74059409315316,25.410631684861016],[83.76897345760955,25.38635510720927],[83.80783535513608,25.409099182232154],[83.80156111834768,25.429831216315055],[83.8463534260082,25.43435136493212],[83.84192113102783,25.446920528528835],[83.81280962352307,25.448197363043167],[83.81655583303991,25.462759456951396],[83.85611033360912,25.46804163678768],[83.8762126694343,25.518062014129026],[83.90208895763598,25.524026333381457],[83.92119592410629,25.55198233932364],[84.01741176530648,25.614690385050594],[84.08127596808231,25.636307958524352],[84.0751581391174,25.695271623238543],[84.1050619217279,25.721216965750735],[84.13990059121049,25.731656990962254],[84.1298843943879,25.717788156603643],[84.14173712848029,25.716090310027624],[84.15466926649981,25.729244664215095],[84.19889475217381,25.702076814351567],[84.20601142320338,25.669464090555515],[84.2768621371233,25.660411854405783],[84.30025953481343,25.665394826004825],[84.28761123194364,25.67754674259838],[84.32434592816212,25.671033278670095],[84.33634492912668,25.744233696124592],[84.37522027393692,25.73532952079082],[84.3917004951081,25.745162978846583],[84.38439379286365,25.732774704615256],[84.40003937052963,25.729369749580094],[84.40673788855374,25.69842077203484],[84.42767788265729,25.69361704206454],[84.42964871765611,25.711615307522056],[84.4535093387457,25.714325960785853],[84.49933845566679,25.6746822933236],[84.52886831440193,25.682492634951338],[84.5394358864587,25.72672995356016],[84.53518778379696,25.69076966116253],[84.55743011526592,25.679511871456246],[84.56028289764313,25.736895716441825],[84.63465011233927,25.727941860808503],[84.60295629647821,25.761935468145772],[84.62346825291417,25.770796529471706],[84.62457464483015,25.79217147292682],[84.55211212051513,25.84018334791385],[84.54861340504391,25.828537324716574],[84.53052169542023,25.831611596314875],[84.52321937356912,25.86029028745942],[84.54322087061713,25.859955642052956],[84.53397997286814,25.87636933531999],[84.4275559484082,25.891235120596544],[84.41190116426498,25.930779901570336],[84.35395342308657,25.958782856207243],[84.29691447630142,25.945174301647132],[84.20707820842014,25.99983170213173],[84.17002718860945,25.987676182593976],[84.17245768831422,26.024604700427467],[84.11777365852744,26.079983427915224],[84.08867233561142,26.100240901903724],[84.05597251389037,26.0999916303536],[84.05011705268046,26.130015527965664],[84.02743926804722,26.142401295015517],[84.03345396996535,26.160687111366034],[84.00938424529782,26.175589504546885],[84.03924359760803,26.209052267080338],[84.01231269604759,26.2323991792698],[84.0272638126623,26.23964748175328],[84.08641166638273,26.218750580003828],[84.12168889818572,26.258867836365532],[84.15116294173225,26.257790224350046],[84.16620843118791,26.24094588749452],[84.18597354792928,26.312899356940953],[84.17644156281716,26.371278477521493],[84.07916630558175,26.382507270352896],[84.0338607625451,26.4116542498873],[84.01683007362425,26.447554214367496],[83.99126062315354,26.432238726052756],[83.90785949180355,26.44729194269114],[83.90808546701481,26.519077139320085],[83.94035675745069,26.52524244916247],[83.97082509389017,26.50750952626374],[83.97612878079164,26.533512603584693],[84.00831942897537,26.521941245155034],[84.04811966459155,26.53640359981621],[84.08908699800759,26.603023055784195],[84.08649905612126,26.63914202059546],[84.15869925089524,26.636202387971768],[84.16029358467131,26.624505153633663],[84.28132126629956,26.59959983827678],[84.30726715965078,26.61632277243496],[84.41970873465334,26.62681496724143],[84.41041076794224,26.67024885613668],[84.33005561873544,26.684099853689705],[84.30586519369588,26.749487853481437],[84.25542018337671,26.72662151683988],[84.24066899739367,26.738723282858682],[84.23257636573442,26.753666903369155],[84.25998401685375,26.805027021353805],[84.2540945929116,26.85659437395596],[84.21948570560787,26.87159948488875],[84.16609560729344,26.83376885432436],[84.14060834483864,26.852652504603554],[84.14640824382806,26.88542440232588],[84.11041497671997,26.898598780904198],[84.0981361030826,26.875937464278184],[84.06026753949146,26.88810318510917],[84.05997178175457,26.92018915043513],[84.03213565105476,26.941184941197125],[84.05483385147583,26.9600625754458],[84.04576004166827,26.98223869331807],[84.05669918836286,26.989662082796958],[84.03730885295437,27.00907735384744],[84.0495030849367,27.04327120718558],[84.00006266670218,27.068587146020054],[84.03033739992004,27.097630435474446],[83.94647118202782,27.090822206477146],[83.95906417642917,27.136878290853936],[83.99418363865205,27.17517232807599],[83.97018386659569,27.22399202472086],[83.90507203172633,27.257615796907114],[83.93247040576557,27.31138900621781],[83.91663225422076,27.32653662592413],[83.87144003374205,27.307242324508298],[83.83657194363403,27.322215097809696],[83.86234098838838,27.335684677588077],[83.8832502182102,27.374238146362234],[83.83311248167084,27.425082514428166],[83.84725916708793,27.44563630836142],[83.87549305422385,27.4353895110003],[83.93347595222589,27.450471187610944],[84.02692714474561,27.433540755261838],[84.06115633092259,27.452713350173674],[84.10906470265012,27.521119343579205]]]]}},{"type":"Feature","properties":{"OBJECTID":31,"STATE":"GOA","Shape_Leng":434428.155508,"Shape_Area":3635517821.38},"geometry":{"type":"MultiPolygon","coordinates":[[[[74.1087557684585,14.763600544003733],[74.10707237833277,14.755772895136731],[74.10666076396897,14.763690816453087],[74.1087557684585,14.763600544003733]]],[[[74.08635329976873,14.795475800234883],[74.08909799963553,14.79529179993713],[74.08858319999074,14.793535899790546],[74.08635329976873,14.795475800234883]]],[[[74.05484099988848,14.816985700325287],[74.0571151998432,14.815425300381442],[74.05432640040885,14.816321700068766],[74.05484099988848,14.816985700325287]]],[[[74.07217032661192,14.820131108782753],[74.07192248762466,14.81995599344576],[74.07179027445929,14.820102998410789],[74.07217032661192,14.820131108782753]]],[[[74.06748002248268,14.82036980850103],[74.06735707217233,14.820219060916557],[74.06720664662217,14.820343298624717],[74.06748002248268,14.82036980850103]]],[[[74.0623245996158,14.820998799585412],[74.06578899973941,14.819730600114426],[74.0625028996853,14.819438199658368],[74.0623245996158,14.820998799585412]]],[[[74.05670549987317,14.820429800424181],[74.06162060010686,14.820013000006536],[74.0574780998833,14.81899889984099],[74.05670549987317,14.820429800424181]]],[[[74.09369219977587,14.838489799998277],[74.09571179980719,14.837266600215486],[74.09347750039497,14.835959500161355],[74.09369219977587,14.838489799998277]]],[[[74.09733699960036,14.84259119962124],[74.10142890029988,14.844832200096098],[74.10091429954468,14.841545400409286],[74.09733699960036,14.84259119962124]]],[[[74.09676809965521,14.847810300185003],[74.09774359984269,14.84807019975342],[74.0978734004307,14.847824399690015],[74.09676809965521,14.847810300185003]]],[[[74.0947090003256,14.877822499783404],[74.0963145999299,14.876798599929835],[74.09466730034914,14.876306099939782],[74.0947090003256,14.877822499783404]]],[[[74.09236532151935,14.880689137867693],[74.0922288830732,14.880506616329907],[74.09220749275565,14.880686886833365],[74.09236532151935,14.880689137867693]]],[[[74.09389627535548,14.88104975296442],[74.09375378856328,14.880957430636201],[74.09377473061457,14.88110676884894],[74.09389627535548,14.88104975296442]]],[[[74.0941962183593,14.881167015364616],[74.09402067665724,14.8811102716586],[74.09405117508182,14.881241657991488],[74.0941962183593,14.881167015364616]]],[[[74.09351271596152,14.881545365115084],[74.0933243507702,14.881420768216673],[74.0933127411096,14.881574046424218],[74.09351271596152,14.881545365115084]]],[[[74.09282099964813,14.881988999628799],[74.09218980002083,14.882464200336619],[74.0934430000293,14.883119399662183],[74.09282099964813,14.881988999628799]]],[[[74.06502799977325,14.89208029990961],[74.06355990008024,14.892199000422929],[74.06487509983238,14.892722800393972],[74.06502799977325,14.89208029990961]]],[[[74.08535675861097,14.89984420439756],[74.08555029613817,14.89844038038546],[74.08527825353461,14.898632776127391],[74.08535675861097,14.89984420439756]]],[[[74.01408454020566,15.00816789334727],[74.01258224919214,15.006275497139436],[74.01173565363844,15.00857459255806],[74.01408454020566,15.00816789334727]]],[[[73.76039849956928,15.344151899858463],[73.76007479979772,15.344176799960794],[73.76034870043735,15.344293000474735],[73.76039849956928,15.344151899858463]]],[[[73.76665439990504,15.348912699580108],[73.7662331001475,15.348777000368198],[73.76661010010496,15.34901570003925],[73.76665439990504,15.348912699580108]]],[[[73.77375320029387,15.349331099977197],[73.77362039978607,15.349123599999134],[73.77332989962103,15.349190000132355],[73.77375320029387,15.349331099977197]]],[[[73.77577840047066,15.34953029979766],[73.77541319992481,15.349497099810398],[73.77585310018263,15.349654800131052],[73.77577840047066,15.34953029979766]]],[[[73.77657520039153,15.34978759962411],[73.77637600000777,15.349712900178801],[73.77642580036931,15.349812500047618],[73.77657520039153,15.34978759962411]]],[[[73.78315390014926,15.350058300197658],[73.78299279956762,15.349950800094335],[73.78304249962322,15.350110299910392],[73.78315390014926,15.350058300197658]]],[[[73.76380149959401,15.349264700379953],[73.76434930037837,15.348824800346351],[73.76372679977136,15.349065499649383],[73.76380149959401,15.349264700379953]]],[[[73.77338819993687,15.349747999793504],[73.7731531004225,15.349615300092024],[73.7730102999837,15.349774799732755],[73.77338819993687,15.349747999793504]]],[[[73.77462509974714,15.349833699831324],[73.77418379974391,15.349631500058317],[73.77410890010913,15.349771100068695],[73.77462509974714,15.349833699831324]]],[[[73.77125490039857,15.349455599904507],[73.77205999988408,15.349638199615564],[73.7721679000546,15.34958010015625],[73.77125490039857,15.349455599904507]]],[[[73.77105480008677,15.34977129981572],[73.77068299979275,15.349604200282844],[73.77063869954995,15.349714099596673],[73.77105480008677,15.34977129981572]]],[[[73.78514563375174,15.351727760729515],[73.78481693387805,15.35159326155391],[73.7847995340081,15.351692861635419],[73.78514563375174,15.351727760729515]]],[[[73.7684963002819,15.35202990030154],[73.76815430007811,15.3518917997359],[73.76845660018944,15.352140600356655],[73.7684963002819,15.35202990030154]]],[[[73.76911240008145,15.353501499964825],[73.76889180019413,15.353448100148047],[73.7690848997985,15.35358999958909],[73.76911240008145,15.353501499964825]]],[[[73.76158539963335,15.351754700207668],[73.76502159995394,15.352061800296763],[73.767304099626,15.35147250028128],[73.76158539963335,15.351754700207668]]],[[[73.77261610002816,15.352227799598152],[73.78233540032562,15.34912359963759],[73.7688147002745,15.351987099790758],[73.77261610002816,15.352227799598152]]],[[[73.77637430015506,15.354716000374601],[73.77620239996729,15.354721099785968],[73.77628300037122,15.354833400323855],[73.77637430015506,15.354716000374601]]],[[[73.7746968996152,15.354964400246494],[73.77445759985964,15.354906900126748],[73.77463629981486,15.35502590037561],[73.7746968996152,15.354964400246494]]],[[[73.79335780028862,15.376073699655157],[73.79892709997064,15.376787500322843],[73.79661970023999,15.373118899706611],[73.79335780028862,15.376073699655157]]],[[[73.774358600179,15.400200600447484],[73.77370899988681,15.399753999596385],[73.77361620041454,15.400281800325418],[73.774358600179,15.400200600447484]]],[[[73.67993441807668,15.721146621860296],[73.69079647558192,15.729229089043239],[73.69666944746228,15.722790079592105],[73.67993441807668,15.721146621860296]]],[[[73.85570805667606,15.801016638861459],[73.8800888365834,15.774320947726364],[73.87569505273379,15.75128305155303],[73.93872529327608,15.743332259806515],[73.95233054886582,15.714401946582196],[73.94369516825448,15.696936473276622],[73.96376046616317,15.692321784714242],[73.96176522845802,15.641684577684146],[73.99335854142565,15.610638109671479],[74.02079718889013,15.606085184480476],[74.03115607815306,15.622611329130711],[74.11757519754036,15.652147459862794],[74.16441599619564,15.653498534117254],[74.18193009313065,15.68221204364323],[74.20512752059572,15.651032178593793],[74.22377925837233,15.668982646183187],[74.2519765259811,15.65431142441669],[74.24415959703423,15.626108376697125],[74.26429804732378,15.615509077912726],[74.24519297338503,15.56660255647945],[74.26315336480648,15.563936745554978],[74.2826525448831,15.531417680042154],[74.25091007630441,15.491593093085651],[74.27545115562944,15.449187942768512],[74.27587165849297,15.391586771292266],[74.3232020973035,15.367679640558856],[74.31667023828832,15.330682949627512],[74.33587366167373,15.295457122627484],[74.32623788081939,15.283946914631807],[74.27141888186505,15.281233818776194],[74.2511693208795,15.258772589001047],[74.25954730249805,15.24102400943804],[74.30161243031378,15.224340708721654],[74.31696111806623,15.186260800757061],[74.28513444881214,15.149028718015876],[74.2726451055247,15.097497567959692],[74.29649498528731,15.041207726521028],[74.25360515711081,14.99814551039479],[74.26432050954693,14.978524688108404],[74.25259587234233,14.959093829432263],[74.23669983338404,14.966845102547472],[74.20154479151901,14.925723680045273],[74.17945814475873,14.957050043657038],[74.15915045134565,14.955851566666208],[74.16211852449345,14.912140011314442],[74.12422543130542,14.925323968060225],[74.08536683964628,14.900317360442404],[74.04454478974552,14.916066904384545],[74.04104189577622,14.995434584824688],[74.02103991418053,15.01716839984659],[73.98948234579771,15.018915121032212],[73.98835786018422,15.055139935301687],[73.97504651990769,15.048941452631786],[73.95499011985589,15.071928463549172],[73.91287557910239,15.083574222033123],[73.92766801730522,15.095321994780194],[73.91847874778541,15.106210178664972],[73.9413245297698,15.116586932768225],[73.93678810048687,15.13216176864079],[73.95650016744297,15.135496218621165],[73.89448964073807,15.330835847869555],[73.87368963070908,15.367889075319333],[73.84242643175948,15.358414891977159],[73.78317970194209,15.409528571456779],[73.78971171643906,15.463804111060636],[73.76658872838154,15.492812435447153],[73.73221656054379,15.58859118519651],[73.73207037506619,15.606945681065731],[73.7446696543404,15.605690491699358],[73.7228207776669,15.626746576484088],[73.68948284996917,15.719117971701277],[73.72630731786477,15.71704546924772],[73.74283615900367,15.736574932107622],[73.78497403973562,15.726125249592661],[73.82661530061002,15.743361123838254],[73.85570805667606,15.801016638861459]]]]}},{"type":"Feature","properties":{"OBJECTID":32,"STATE":"JHARKHAND","Shape_Leng":3037313.345,"Shape_Area":76789862605.4},"geometry":{"type":"MultiPolygon","coordinates":[[[[87.83111406300941,24.483688512651643],[87.82776119070645,24.48074057948526],[87.82691023391071,24.48296770272346],[87.83111406300941,24.483688512651643]]],[[[87.58389011741046,25.349180935518255],[87.6119681768586,25.312657698609666],[87.69208287298895,25.311532718744893],[87.71134097817486,25.257643853843096],[87.74744709396826,25.26382678441591],[87.78535419593955,25.249713387135],[87.77436444406871,25.121363929645923],[87.80579044701972,25.07265225642469],[87.85727514644415,25.054630927474445],[87.89936035222553,25.006784673403644],[87.94053828201613,24.990854794998853],[87.96279737285731,24.9370573063385],[87.95292795765722,24.90776353423177],[87.89132784218391,24.856035716212812],[87.9002712231394,24.82409897318304],[87.86912154560814,24.82463782066687],[87.88160440107922,24.80536817352534],[87.86923324157196,24.775025635757327],[87.83740162899848,24.76578526006286],[87.83623697178042,24.790209694218873],[87.81639409990863,24.75968905206579],[87.90835194494781,24.72161752117931],[87.88774914838287,24.67998724594053],[87.916608987264,24.665753013362647],[87.91414166487921,24.63770948146459],[87.88791677418165,24.630343965075078],[87.9057715669407,24.629275707842506],[87.90603424989007,24.61500545181972],[87.87583229094852,24.615229446230984],[87.91076750648425,24.61043437689318],[87.91327683057378,24.59346380865975],[87.8919315253458,24.584181613233458],[87.88926820403654,24.565051878236503],[87.84940778588178,24.553835090595953],[87.81217993772509,24.578559486946112],[87.7712177141729,24.58301938618717],[87.77018804923729,24.57048953618354],[87.79245903128026,24.571660964634436],[87.80858811587106,24.546694770532564],[87.79414325671254,24.501137431854666],[87.8012633553883,24.493720126549828],[87.80933950341054,24.51451757460056],[87.81168329913612,24.490768294164248],[87.82815100103998,24.498615402003317],[87.81070416722368,24.476363413234125],[87.8237723744726,24.458456634994082],[87.80313621395602,24.454001613698747],[87.78883141514757,24.41654955714133],[87.8112768936583,24.417833825090373],[87.7939501316122,24.39928587985537],[87.80110276811115,24.382217192538825],[87.76440261400457,24.339328163560747],[87.76160237843308,24.308467138890517],[87.72930167163223,24.28842170903558],[87.713673802734,24.2943992421171],[87.70589117040143,24.261436386285908],[87.6591662595988,24.236119625797592],[87.63877708804294,24.254382792200776],[87.63437456327297,24.241652894955248],[87.64662673355255,24.231526370000815],[87.63860585919768,24.21398942516826],[87.67558356872605,24.208334699355774],[87.67634569391953,24.193730784648977],[87.69860658781369,24.187812746385934],[87.69442344308068,24.150242426220423],[87.57614515600504,24.161282213858087],[87.61023024754597,24.13253369088248],[87.57659710370113,24.112257230881877],[87.58022134255641,24.086368767833953],[87.5599202633233,24.0819688719319],[87.49761673712605,24.118973272175758],[87.48983001129271,24.09011482548363],[87.5107493698659,24.082246570101912],[87.49061421789892,24.070594312425722],[87.5119804730687,24.035835708249316],[87.4761290522485,24.012270224563935],[87.43833789199579,24.013554152021896],[87.46039431806342,23.98382908322071],[87.36042394523803,24.01309177950251],[87.32816606261443,23.998665060821],[87.31917414280014,24.00848170857736],[87.33712301229632,24.034309489185972],[87.28745819633677,24.028862464649933],[87.24539607070643,24.045064757077732],[87.23288775876078,24.02374373935435],[87.25050341899976,23.997036405801175],[87.26415581831577,24.00060796053033],[87.26153166920747,23.96757522175413],[87.29324905132299,23.95863468138656],[87.28354465826646,23.920906813575936],[87.29503314978888,23.90234104445547],[87.26914962124364,23.874583957242976],[87.25828128230056,23.906312373522773],[87.24512321151714,23.908201707274532],[87.25493865924533,23.84703532798063],[87.23869859545898,23.826427577478857],[87.21654050460029,23.83170588275826],[87.23368389305821,23.857133846598504],[87.18858242763487,23.843154846227925],[87.19610450158287,23.8578100553746],[87.13306427931897,23.870190699657485],[87.13002032153003,23.8539117048084],[87.1670157325597,23.824526350795765],[87.1504878446708,23.797564768873002],[87.12177621272498,23.796654689594973],[86.97323922618097,23.86877268406421],[86.94515317967365,23.84688367293251],[86.91555783539557,23.882431647098976],[86.88024322003557,23.862324713025878],[86.89029676767161,23.820502232543074],[86.87421553131014,23.847309701800615],[86.82653562146744,23.813939767013014],[86.80476079975325,23.836846608816433],[86.80335745966934,23.80129900533558],[86.82836602071245,23.760195304650473],[86.79903755694947,23.6890324909699],[86.7473354826624,23.678786597973435],[86.71494770218477,23.698875560173423],[86.59757012013809,23.67375656927573],[86.53539741859159,23.6312369183621],[86.46180672391557,23.630299514565742],[86.44708442008144,23.598135930528127],[86.3881588697987,23.573948700176956],[86.36510775861915,23.532689589373845],[86.3751946107405,23.510342510021097],[86.36241990521125,23.48424861847896],[86.37946276805873,23.47363977014453],[86.3640901387765,23.47168895401394],[86.35145896305812,23.44209371402743],[86.3057663461916,23.434824556534846],[86.31055333683845,23.411359252707424],[86.26409278589163,23.430768434303765],[86.24739348206366,23.41113516823916],[86.22987118656106,23.430822794752174],[86.2455679151675,23.45931724332372],[86.23261660056822,23.462243059799405],[86.2283833000036,23.442882439461062],[86.17828830798126,23.469841651310077],[86.14882496681275,23.465257284435904],[86.15834686646767,23.55998047876246],[86.08086736359819,23.565678933271034],[86.07742904649379,23.579212687961704],[86.0420643787335,23.586881388330056],[86.01627777353349,23.547317205691993],[86.05383642660841,23.48705670884917],[85.95499321205814,23.471016214932817],[85.9071998945712,23.4837056298123],[85.87000123680606,23.474945537050917],[85.86389238524097,23.43135585868922],[85.88258247345398,23.430584223804654],[85.90254287587499,23.3971147471283],[85.87081251246697,23.38881423092191],[85.88306784851056,23.350782124053488],[85.81971709654206,23.268883090508293],[85.83860565464407,23.246834408898632],[85.83658095505808,23.22052615383639],[85.8638145322666,23.22238179244757],[85.88252317636129,23.198729002399133],[85.89454222791635,23.155128287867242],[85.92770726203457,23.148569993505685],[85.95761440562278,23.16104554134877],[86.04452189850663,23.144237814795684],[86.05125660816101,23.105526164972343],[86.14625706933549,23.074959059814084],[86.1419800414942,23.054249727762684],[86.18502557858604,23.005383632327664],[86.24849921589603,22.994910300478484],[86.30373837528103,23.015998448118726],[86.33953328235226,22.989814059515446],[86.37275176001758,22.998153256076584],[86.39854777943445,22.979893325656807],[86.41925887302587,23.000274068735777],[86.44642249926291,22.988236642079134],[86.50114751292422,22.993590349615648],[86.52119420391897,22.970709654412087],[86.54560616297128,22.99027827579774],[86.52598000937843,22.94760525879622],[86.50258033313591,22.95187339020198],[86.48913337729775,22.9372427603034],[86.47631807326103,22.951175428434567],[86.43534008538519,22.925185170924152],[86.46713797616805,22.89992692083894],[86.45077168303555,22.86153527087979],[86.4349712214908,22.860512396932208],[86.43884570901108,22.83102329044982],[86.41760869683442,22.783676331647623],[86.46018220328122,22.761910604136652],[86.51132507949589,22.704995768335834],[86.51293119564079,22.71661879787834],[86.54419525601651,22.721602891363613],[86.63805490845553,22.662978450301296],[86.6331227722602,22.611269083711157],[86.65902930788292,22.575065103442316],[86.75849984408882,22.57787602011215],[86.77484039330609,22.549053381735778],[86.78928736636315,22.5490032137582],[86.80160356683294,22.488831792745007],[86.79117365707731,22.47742567441183],[86.749871307046,22.482947635255375],[86.75100765906392,22.456706028668624],[86.7645310718903,22.42726294626777],[86.84635415578889,22.39908308736895],[86.83157150286216,22.328780885713975],[86.8877901537328,22.297459435265246],[86.88632464651589,22.257238556438992],[86.82395562744676,22.26675523783245],[86.81825161502123,22.25372020189918],[86.81359205704412,22.267390985377915],[86.80399246350743,22.243584584133416],[86.7922617480433,22.26630195959088],[86.79486176888558,22.243169356998745],[86.81202298088695,22.24122682676492],[86.80241458222179,22.217549780346825],[86.77907332911616,22.21691551345537],[86.7949051436298,22.227787729858104],[86.77767528439473,22.236594184273947],[86.77641357459815,22.217864633608656],[86.7497791259162,22.21169001319978],[86.6843381435388,22.22241150021294],[86.66958667471897,22.242536526250337],[86.6548305644336,22.235933771105415],[86.64438065263677,22.268488993654],[86.5930834411043,22.278559061272635],[86.58225478984514,22.301645244244238],[86.53276352615282,22.300959197575416],[86.49691479832094,22.347200735020127],[86.44483267655306,22.32865568135517],[86.43720160481598,22.304156516222825],[86.35814374274294,22.34921267691352],[86.28130084049688,22.44866173713072],[86.11663147485645,22.487003814653757],[86.04544360478671,22.567507353938552],[86.02402711866158,22.544624570494395],[86.0265297528272,22.524021805191143],[85.97340341023676,22.50585495898726],[85.957123369168,22.464818738429415],[85.9846131899288,22.43544699295939],[86.01500148236885,22.428729387406303],[86.02719527552757,22.38621181967675],[85.99802444826291,22.341599560651456],[86.02671191518093,22.33486399926213],[86.01370332666139,22.313069412464497],[86.04720588658881,22.308956291867975],[86.01425097235537,22.29728709990959],[85.97387588303103,22.247078536080565],[86.03143202900509,22.190850991620476],[85.99676151532,22.13244801973003],[86.00738430460645,22.117092866067814],[85.94359421224496,22.020356166320983],[85.9161534698353,22.00877684335763],[85.90824964463204,21.970666722311467],[85.89576630552538,21.98441332842159],[85.82437069751413,21.975448685251084],[85.76299343733747,21.99614397285292],[85.79343735980402,22.08181011436576],[85.83586325899103,22.08015749773826],[85.80742544050794,22.11611185181598],[85.74939229230716,22.073566311464923],[85.68487266047578,22.054226888971442],[85.65162369665836,22.09543854780369],[85.59718249475361,22.079123699257373],[85.54297961526946,22.090473057209817],[85.51497338076913,22.115637875797063],[85.39785408724273,22.163185356170672],[85.36611880106965,22.15891454410811],[85.36393500284558,22.123456453735397],[85.30964981269761,22.117931553407388],[85.23629254666328,22.009803315375514],[85.18057088040439,22.073232847759858],[85.16761594212907,22.06950563376459],[85.17386555122154,22.05137882851091],[85.15479887522025,22.078830190017097],[85.12006542651828,22.070176816139448],[85.09487508768154,22.10835638434565],[85.04029821751672,22.115855664734834],[84.98455535356412,22.086606799482464],[85.02684505764446,22.12251602296342],[85.02909834493161,22.163494244990684],[85.05265812187535,22.182456883283255],[85.07820346687886,22.2573908583133],[85.07061453790794,22.273652221945397],[85.1159970279204,22.29409326451613],[85.11809583037979,22.317594607115613],[85.09073587314072,22.318580377992063],[85.09574879846535,22.34474060435905],[85.07667016580793,22.35620683326469],[85.08786816142462,22.388466624637815],[85.06055272037084,22.447124899904537],[85.0771495830103,22.463752205722084],[85.06725741827064,22.484169279147974],[85.035947947184,22.48242968506763],[84.95935151083299,22.443053679738906],[84.95666837313931,22.458225406651884],[84.9102262592303,22.423283169463687],[84.8855763786867,22.421079394506595],[84.88239470522323,22.448466195093523],[84.8385531734862,22.430925671375597],[84.81252397188979,22.45293129722292],[84.75931545882852,22.44746572397919],[84.7497429101619,22.418989039093347],[84.66805755326516,22.418064443137244],[84.62864814053182,22.434552975295645],[84.53620151638268,22.427374491206606],[84.48243519364846,22.413273041430948],[84.48463004185741,22.388847436353302],[84.4349594690193,22.374165212423968],[84.42813267438457,22.353265782072885],[84.29533489702321,22.34102483677987],[84.2514559502963,22.37807794540776],[84.19895533110632,22.375814898460817],[84.15613272312554,22.407735093035313],[84.14092516939955,22.42561895713269],[84.14068433605946,22.47391506263886],[84.11348994821141,22.47568642292957],[84.05971491327114,22.51643182198852],[84.00921117743577,22.52557739691918],[84.00950540988352,22.573048560678433],[84.05412571898195,22.59810720391169],[84.08401621004275,22.638116449364386],[84.15246752978496,22.636800602151553],[84.2332074196035,22.679240404730965],[84.23126524676225,22.73996172782459],[84.25964540973487,22.766987235511092],[84.28935948227172,22.7661171455844],[84.33361677948294,22.860568469583896],[84.37260075196123,22.865322299725673],[84.39368273638678,22.942450899787815],[84.37289552587846,22.97837587085825],[84.32810688042198,22.981900754584064],[84.28415824516799,22.96339055001668],[84.2778223580129,22.99336938730634],[84.25302502320447,22.97292694564976],[84.2187098166228,22.979289190607247],[84.18580180149404,23.02709172047288],[84.17551352045558,22.976008880388743],[84.14924842193152,22.96567388722571],[84.12554954301595,23.036478171878507],[84.13346048910628,23.083089703932675],[84.09317095544091,23.112781396058676],[84.06640329977633,23.110667936943678],[84.03746900682543,23.139878618468938],[84.03239425976865,23.160484848664375],[84.06316626809011,23.205649556370595],[84.05373419221226,23.24729889855726],[84.07482053371179,23.333121687968436],[84.05083711369404,23.374768451699627],[84.02386153762748,23.37650326634326],[84.00480351154866,23.354009398534885],[83.96700240896327,23.387584529275312],[83.98576242447913,23.42583008323195],[83.97394312391843,23.4598518507375],[84.01464892721525,23.503498382052637],[84.02805603737333,23.545601910743038],[84.03005926051786,23.599995445885856],[84.0077051189798,23.62229590865664],[84.01659327570727,23.634378899507446],[83.93190612990315,23.620413472573105],[83.93769377699134,23.568992070066916],[83.8153736431559,23.596201550180336],[83.80722347019633,23.587471075577632],[83.77532010746367,23.60895421018655],[83.75191928699063,23.63866555079924],[83.76112381013245,23.651463045087983],[83.72285964863873,23.685864698459326],[83.7460679655416,23.71949489458275],[83.70534703293572,23.820757313535104],[83.66449076423169,23.827655477161034],[83.65949413244459,23.849263455021926],[83.57119005339577,23.862135442454406],[83.58575792235818,23.886402682429097],[83.55344413993336,23.89806817605212],[83.54739020525822,23.93754484836172],[83.51530315648289,23.980689428740988],[83.51572245651056,24.027163561852763],[83.45288940827642,24.041990406693845],[83.43224736115683,24.085980821867242],[83.40664417601867,24.080444210124575],[83.38828911171429,24.099961526239326],[83.3293463715909,24.101318727368827],[83.35406210536726,24.124906739583782],[83.3829918831448,24.19791803203269],[83.37873193200895,24.230360727285],[83.40910181850361,24.266328175591678],[83.40716673904564,24.288782150445336],[83.38003278286594,24.313131717041493],[83.4572661530939,24.3645495108154],[83.43441854544899,24.400752584268893],[83.40507019009414,24.404784483623],[83.40489410662406,24.435998574174924],[83.38656817872983,24.44816201527708],[83.40150489963972,24.503433200204437],[83.50463299559479,24.5255804675378],[83.7205663208455,24.503452628861577],[83.80018315536675,24.52953179894189],[83.87314636170359,24.531750424751788],[83.93613238666458,24.549115872272395],[84.00779151216753,24.642891602882095],[84.05202281504015,24.609922409877242],[84.05095032730023,24.58663861831672],[84.09321606962341,24.533645212132942],[84.08562582329978,24.5051822409556],[84.11080911182333,24.47673520321442],[84.14053394025994,24.50053333015826],[84.14427905347851,24.538251716462685],[84.16348836592994,24.533404493469373],[84.15245575035124,24.515174639141872],[84.16974944691513,24.503330159888353],[84.18494689226131,24.519593573056643],[84.17318399204449,24.544700399026432],[84.18723288841453,24.552928884359925],[84.21506331697842,24.532719061677586],[84.23639975147424,24.54932099710673],[84.25679268487839,24.526884557014487],[84.27986414366028,24.547873158778675],[84.27053174142445,24.56001421687454],[84.29683782100051,24.56057640094012],[84.32752831268348,24.492355406395244],[84.29609776642528,24.473477910405272],[84.29737523377173,24.4493913718666],[84.3356028017809,24.43148970981517],[84.32053461098894,24.421071020755804],[84.33452645844382,24.42064203723219],[84.34162310599665,24.393545497476566],[84.38824173670866,24.38929186503223],[84.40657362623338,24.374893546888977],[84.40035696953039,24.364625019063563],[84.43111358224019,24.35652292729614],[84.42440173312086,24.32983751247291],[84.45960703539969,24.33709433305268],[84.48449138871128,24.312670366249613],[84.50528553207656,24.331331434927037],[84.48435418337122,24.301967359873327],[84.49590425736174,24.286068673270602],[84.53144085765224,24.338207695529192],[84.52782047881747,24.375735325976358],[84.5723590339023,24.3826200088906],[84.56819153409334,24.409439898410326],[84.66506653975205,24.390877680648284],[84.6853180098138,24.455124639546792],[84.7291836281324,24.470153271316892],[84.75558080316038,24.4999639123234],[84.78609034490364,24.503827588344144],[84.80189110575718,24.530744415796196],[84.83893881511844,24.5126113314109],[84.84009527437183,24.452191299940388],[84.85401395773178,24.466706634949194],[84.88727725990502,24.463283283473164],[84.88228130698693,24.424767441182684],[84.90382953343052,24.372247501405425],[84.97488668246997,24.374713756551838],[85.03116739144231,24.414572792641593],[85.06111093912557,24.405862633005245],[85.08102173667541,24.433035718262673],[85.07323903902349,24.378227232666266],[85.08904625025289,24.37249886128652],[85.173904508262,24.42062027024741],[85.16075214488723,24.46033930979739],[85.2258423608579,24.46313128230274],[85.24910921295523,24.490728005223783],[85.28233367411946,24.49166690119752],[85.28808658451973,24.523260681568523],[85.39193366185556,24.530345209458797],[85.39749247851856,24.544798536190743],[85.37077620195278,24.555349780315645],[85.384353389734,24.55549329754978],[85.43462715010426,24.52852398141056],[85.49166123315304,24.548099684136734],[85.52396281081835,24.521270690007945],[85.54077648070975,24.530510284042016],[85.54074086511713,24.56271913670197],[85.56022687026,24.55273649154597],[85.57177105655751,24.561819945245837],[85.56599843197024,24.587254183300576],[85.58076745111262,24.600680986024347],[85.61472677004501,24.58074410784664],[85.66738285644466,24.57889235250263],[85.67619845656395,24.616624810515287],[85.6492139144722,24.684765987372057],[85.68200049898724,24.691919323179736],[85.70825813163586,24.725909211971558],[85.7073595338793,24.779759381463688],[85.73673046234538,24.821060491738653],[85.77828074734562,24.796627712535116],[85.86723357175694,24.804246739668166],[85.94439669568949,24.73357015100743],[85.9690451043053,24.733125256524087],[86.05510484475587,24.779692606815974],[86.03709077628085,24.74112648103091],[86.09073087312358,24.745997933269162],[86.12835519555439,24.698647400669177],[86.11522185038582,24.64394536220506],[86.1253172484617,24.611484079042697],[86.18047912163433,24.583678899130003],[86.21445076902197,24.594928388296427],[86.21429898500713,24.613790842551346],[86.25921453736929,24.57867177008625],[86.32320509791245,24.586792081803598],[86.3008403750574,24.560116591040792],[86.30897872218907,24.509763372003714],[86.27601088476935,24.46579896371715],[86.31737720670456,24.44151899939298],[86.34990046173856,24.44738718199251],[86.41213435652887,24.380966647842317],[86.44489976498541,24.36782978857861],[86.4719266014718,24.39334790090319],[86.46649652522119,24.42386193875815],[86.491279299526,24.4280811617629],[86.48673137414443,24.464139778751967],[86.50956595993657,24.52219203837092],[86.52935765896686,24.54028473156813],[86.55232157536011,24.535973033548753],[86.60329342390158,24.608380535231884],[86.67023950284879,24.564878278842418],[86.7346880073108,24.57949040890626],[86.75399254854109,24.621297293853257],[86.78900939591219,24.618694222056615],[86.81123738812992,24.59827238881532],[86.80314946223376,24.570324980525676],[86.84264591425543,24.57422527314497],[86.85684003474599,24.55488498427645],[86.88050577376677,24.572192817797923],[86.91457963649147,24.542205452122992],[86.90732234866911,24.588160044522642],[86.94493648071202,24.635828814464126],[86.93759059787838,24.650167547036112],[86.9581992832648,24.64759447730344],[86.95278603875326,24.631473407790374],[86.97758317207483,24.639565711321186],[86.99609930116677,24.620105719202552],[87.02126731512105,24.629462301745047],[87.02304643040456,24.61570491571296],[87.05063763061203,24.608783057723464],[87.05406950390105,24.669339867835745],[87.08073834650565,24.729065253626878],[87.06963578495873,24.74555999982097],[87.09574041547683,24.80271643935433],[87.0743359427382,24.81985441604585],[87.10612206985084,24.855056504542006],[87.14258864136967,24.86059969443076],[87.1555469876337,24.885017580105036],[87.14232403011303,24.914404737959877],[87.14933941276871,25.02489476391932],[87.21428771998086,25.09122988687694],[87.23740061078249,25.085841348284713],[87.25033963510587,25.105734797906404],[87.29540211217993,25.08853698281216],[87.3272895293944,25.22361800745678],[87.37151634347909,25.206248185986418],[87.40098089600663,25.22690486875179],[87.47780695397883,25.19414305204148],[87.47640446106253,25.2378495882052],[87.50048859561183,25.259792206639077],[87.49362285736511,25.307510409377375],[87.5418257305106,25.28066503979681],[87.55169337612233,25.332499748665338],[87.58389011741046,25.349180935518255]],[[84.51000307374761,24.283359046354914],[84.50523181272452,24.260494222288987],[84.52572751416167,24.266586502448707],[84.51000307374761,24.283359046354914]]]]}},{"type":"Feature","properties":{"OBJECTID":33,"STATE":"MADHYA PRADESH","Shape_Leng":7372081.15524,"Shape_Area":296496482117.0},"geometry":{"type":"MultiPolygon","coordinates":[[[[74.15711751017196,22.412332872875435],[74.17523343640573,22.418062483684885],[74.17915515468401,22.387993810528396],[74.15711751017196,22.412332872875435]]],[[[80.47349964537023,25.063050682213042],[80.48305555917831,25.067243292152696],[80.48516574915634,25.05463061583285],[80.47349964537023,25.063050682213042]]],[[[80.44468051501802,25.1279962406672],[80.46077043065065,25.114710916837854],[80.437136062724,25.115771909623902],[80.44468051501802,25.1279962406672]]],[[[78.37276327996253,26.863361857718363],[78.39904844206049,26.818480024229864],[78.434292711893,26.825705232671375],[78.46169745720948,26.78818562449194],[78.52323039425079,26.780314591750344],[78.57685860676813,26.748966517137045],[78.61299837083956,26.75243036086882],[78.6284461303298,26.773229164116405],[78.67052861878302,26.762406748995392],[78.68452504087142,26.788753751554946],[78.722902914675,26.797267981794565],[78.72719277902034,26.77647020167155],[78.75359691493114,26.787012182028263],[78.77101823877081,26.75908087883618],[78.81899030943731,26.760941767615478],[78.87236229817462,26.697786782530056],[78.91256389837838,26.706834264534088],[78.95605594752939,26.691680366526867],[78.94548794183348,26.654821623890154],[78.97914628543296,26.67563164127368],[79.00377897414339,26.67373896517832],[78.99346017141245,26.64190719361151],[79.0170629022836,26.601035952504922],[78.98913806869369,26.5955590013806],[78.98978348585052,26.57845057075471],[79.00774363803475,26.54386968935303],[79.02833796507454,26.54668762870104],[79.03966091509305,26.515114231824057],[79.06812686816615,26.496621054183855],[79.05261636464635,26.453738261461925],[79.1351777969084,26.440131045940625],[79.125983698707,26.411253583324797],[79.09520640554938,26.41263598247215],[79.08417002898234,26.359269656866473],[79.13883078085449,26.337513365365176],[79.1155273384144,26.32047747884395],[79.11741656834569,26.298905696581215],[79.1019288316798,26.30681526112044],[79.09064824053591,26.270027930835536],[79.0770085190104,26.280620472276063],[79.04564409577931,26.260307334061487],[79.06969513479794,26.24569658738815],[79.06344474484588,26.22590465001549],[79.03459853834174,26.225370480589124],[79.01944220943857,26.24760914855887],[78.98935560861956,26.234975982138952],[79.02582147322393,26.22009804851138],[79.02583037544927,26.191765391849124],[78.9936657103081,26.19689173473564],[78.98311385666247,26.184358310071335],[79.00446865689312,26.169215608775044],[79.00489540226584,26.148049811745103],[78.9669558057838,26.150142603749487],[78.94887043930028,26.12867977014793],[79.01206315147223,26.083184846718883],[78.94826299328584,26.02774923373532],[78.95681428786898,25.99653801871169],[78.93317921490147,25.979331876286114],[78.93895646532572,25.942687090034582],[78.88463912186938,25.91392951637183],[78.88737906606957,25.86849481512433],[78.87305664502118,25.875138834582692],[78.85240623833496,25.85664649488371],[78.85140719237386,25.838462462064644],[78.87257846586981,25.83509295749607],[78.87244444153201,25.801378959511194],[78.85714756507988,25.79181523966673],[78.84555115599132,25.82155485771576],[78.81843532574268,25.829007305210812],[78.80626639607074,25.81309286447103],[78.82831017509174,25.814338163747486],[78.82861660332604,25.79570756128488],[78.80828756594697,25.80097115995704],[78.7828829041021,25.758482969228016],[78.75285582425607,25.750002434219514],[78.7633317013021,25.719929726853795],[78.79991169127592,25.705068234556897],[78.81670423566977,25.67632145709682],[78.81176271307449,25.620782511681618],[78.74214936605146,25.59699318905262],[78.71732912611432,25.605329195674493],[78.65867489651059,25.559886657099515],[78.62419297215163,25.56737836110873],[78.63079678576007,25.578932543939903],[78.61813623861099,25.583662571345094],[78.58774171581781,25.556600204726],[78.49333850137843,25.578697780645918],[78.46469369187774,25.54550860371189],[78.44359920633015,25.56320362511884],[78.41934049753287,25.532964094650623],[78.43130656359301,25.473629613038977],[78.41648543726734,25.476478098959632],[78.37766068687363,25.436810593433673],[78.35454453229623,25.45197906556687],[78.34053029262844,25.399520659843777],[78.30543606474365,25.37707616648819],[78.30080118948787,25.35993153957531],[78.32805789302388,25.35254293404903],[78.34379321406843,25.328455828346378],[78.31173418638521,25.303300589733514],[78.35458581882926,25.292254388128878],[78.35011060145723,25.277327302568086],[78.37251418094846,25.25990687375495],[78.3597999942071,25.24219321339098],[78.41095197922414,25.21266596452544],[78.39138210543226,25.20119131812663],[78.39607777383863,25.187216443544678],[78.45824719011257,25.16460807981283],[78.42729984556397,25.153988153743324],[78.4481957479526,25.12591326826163],[78.4068218657881,25.128934212175174],[78.38345217633693,25.101719902727066],[78.33863497425996,25.086581359370726],[78.34737274189811,25.021531464719544],[78.33385237466955,24.995499619972115],[78.1735087103259,24.878638068823758],[78.16897049043038,24.862619909564227],[78.21667858800733,24.808594448516637],[78.23574459515366,24.771748212310953],[78.22614323589004,24.7469120080099],[78.27669667016376,24.662993114418125],[78.26267358078307,24.64600180015652],[78.27798347228028,24.614757584303295],[78.26446944475231,24.552202345606492],[78.2294432270863,24.537533976402166],[78.2254184559564,24.52137196770386],[78.24601648053131,24.509539049207813],[78.24589046463345,24.486139174721355],[78.27497912449572,24.4739234360872],[78.26968957764203,24.446939188140092],[78.36578652707979,24.385976220990234],[78.32920091143242,24.329448068369306],[78.3480462270914,24.299577785946994],[78.38566891162948,24.26966874817683],[78.41163498636726,24.27163286816526],[78.43998693652173,24.29588248980433],[78.44389064403873,24.319345489643016],[78.47758138916338,24.338484380712543],[78.47429432125034,24.35633553737531],[78.50047772047051,24.389073608831804],[78.51838035224317,24.38781875332961],[78.52988419144839,24.368095180571316],[78.586004323394,24.353742298595858],[78.60364634016634,24.314499724526748],[78.62844280995566,24.303937966503483],[78.62580303303629,24.280590646572453],[78.66004569425276,24.267594697918597],[78.6686337117398,24.240037326778772],[78.70305791231682,24.22692324242294],[78.73416604068312,24.252405124209897],[78.75042419503845,24.23388695217961],[78.76189156186625,24.25953690052416],[78.79282197813632,24.17682872201859],[78.81267488586514,24.181027245283392],[78.81494615020394,24.206804480885328],[78.82674810272961,24.19544634219182],[78.84688734151496,24.21377002370659],[78.88185411539206,24.217009155591825],[78.8843741432595,24.250000012829577],[78.91607017583684,24.26762632109786],[78.9096377035989,24.29799495448783],[78.97145395161297,24.34760583846097],[78.99364771610641,24.422750151746683],[78.98576122608273,24.441683678437048],[78.94748376899784,24.43662189407072],[78.9399246271776,24.453451554072814],[78.91420947462197,24.459617737540302],[78.92057591409977,24.499718890690946],[78.93621897460679,24.4794226330001],[78.97152153440005,24.494241776316233],[78.9472554057408,24.50240402994233],[78.95321011349567,24.546895855528],[78.92015186748363,24.574812103247847],[78.88323256049101,24.641293527999956],[78.8680162366582,24.63998963218553],[78.85976527912155,24.617640576573855],[78.84330151037422,24.6232902949071],[78.83461067628956,24.60455547926719],[78.78378711776436,24.588560325052363],[78.75203016911783,24.600179873653662],[78.74392792295006,24.654059854532544],[78.7809998926241,24.70607574018215],[78.77039767951706,24.788400793126975],[78.7898390509095,24.810977868382004],[78.77003672137529,24.85901974967489],[78.67655975638843,24.89863117059992],[78.66339325882832,24.938442399446835],[78.63173100561107,24.957694061386878],[78.65261670155715,25.050592469397284],[78.6281449977571,25.086199184220078],[78.60244947057942,25.09442152762487],[78.60067793848219,25.15539204794862],[78.57020280155433,25.22387845925666],[78.55553723794824,25.21141931603874],[78.57790185247643,25.25481884670154],[78.53361472985468,25.268370538552077],[78.53091967617672,25.284651045836394],[78.51055996888081,25.276776867809236],[78.50343369098906,25.289526550618472],[78.45085363884327,25.26210792477333],[78.43503084571681,25.284164041231428],[78.45379264070586,25.301266188127077],[78.4729453826157,25.28550224482736],[78.50230006017762,25.320899425075858],[78.50989696756835,25.295552821739626],[78.53119302184096,25.300018260117973],[78.55306755978823,25.31964191738737],[78.53199895680314,25.356578073248183],[78.56137914310348,25.34121595769224],[78.58329054413382,25.346973991421194],[78.58876850685766,25.365968386719178],[78.57778383713122,25.38123906997916],[78.5628905994783,25.377261675518046],[78.56650465377227,25.393534378067084],[78.59019353840344,25.386026828464686],[78.60966672839176,25.41602236644841],[78.63581652370846,25.40069484116497],[78.64135672959135,25.433493914204135],[78.65983459897375,25.441660058973923],[78.68171241277068,25.433221996298283],[78.68986585613354,25.44574803376444],[78.71142753781781,25.42810269284441],[78.67489877354264,25.399567324904258],[78.66600953921855,25.41581419724208],[78.65894873734572,25.38528664009266],[78.69960431150913,25.381888647662937],[78.72412234759065,25.343967256271398],[78.774587784571,25.353104129308303],[78.77365965097954,25.37616764152322],[78.75692273888905,25.385444051217785],[78.76798487146469,25.400031093639097],[78.7481452118592,25.390988985647287],[78.74973994507127,25.41105953685203],[78.82137363763889,25.422578067441304],[78.8029707356478,25.437162341901953],[78.76235969764014,25.426900351706905],[78.73182734417368,25.458058689591734],[78.73345646853768,25.489426033448915],[78.74283442038116,25.49877971705652],[78.7678288649149,25.46942807314088],[78.79669323671631,25.482763254251473],[78.8186873861204,25.470979591986044],[78.8091703180941,25.453413775154882],[78.82060803891567,25.46774420201862],[78.84089036830656,25.461499106554644],[78.85488794505311,25.44769488505368],[78.82072537750855,25.43869098344703],[78.84656065253667,25.42868725566859],[78.86617108324371,25.46566864365389],[78.83341373254231,25.502638239273733],[78.88438203647662,25.515579242226842],[78.88264871523494,25.55396148931572],[78.91120343799672,25.55516226722476],[78.92336586593466,25.53593603325872],[78.9330959433615,25.55533569923592],[78.95178990636293,25.548787095149464],[78.94685282642256,25.529458617058765],[78.91990066335295,25.515401063554812],[78.94215612506073,25.492449782011146],[78.92670938790371,25.490894397856255],[78.94390609255176,25.48292559323325],[78.93781527534509,25.465036961709675],[78.90887279000992,25.44242051967128],[78.93826513939624,25.422248944969173],[78.9509355157386,25.440549609791823],[78.96699666530638,25.434623173688536],[78.96992913171083,25.39011367219847],[78.9893319081832,25.37404080236929],[78.95915885439379,25.37151109572788],[78.93871245246909,25.346976728787944],[78.89641838944661,25.37411097868038],[78.93829494098625,25.37482544744648],[78.95330007502545,25.39994946094259],[78.88024274142695,25.385892763370002],[78.84574305991866,25.355554607878087],[78.84104190135598,25.34496930823769],[78.84993972574208,25.334937442792093],[78.84615710141892,25.32697936482946],[78.84261369628291,25.336551943653255],[78.8192991059953,25.306940563985904],[78.79823662711817,25.313936220153288],[78.7877818324387,25.29600705798165],[78.82856614107308,25.30273714283954],[78.80947222837345,25.27060227521861],[78.8496535634109,25.228785357180318],[78.87989556489839,25.28597630277034],[78.86261630156304,25.314452039993366],[78.88200407103815,25.34363691757108],[78.91184157786546,25.332560748524475],[78.92254325473205,25.342898127558794],[78.92793402903507,25.32412895806948],[78.96061563893208,25.3450834132537],[78.95742755397599,25.30223808847658],[78.9799245683142,25.279046550979864],[78.95551291771784,25.28275859230926],[78.94514376529044,25.259419587486803],[78.91702579775087,25.27358499181462],[78.89977457681061,25.243116020931183],[78.88092163214559,25.25401095240717],[78.86953198051528,25.231107414528115],[78.89058475279259,25.21442429750096],[78.87063510784849,25.187013760869075],[78.88039591558068,25.15761630618171],[78.95385808982253,25.218962618305277],[79.00587346103379,25.19504719606315],[79.00118617805767,25.23369814633434],[78.97484431086677,25.240493364448238],[78.99437462419773,25.2731633601263],[79.013221583764,25.274049904348267],[79.02177340299362,25.24157192351081],[79.0636834404519,25.221757847183973],[79.05966608782563,25.19040899452479],[79.05232919103373,25.20744458153105],[79.03091379162281,25.18448069679822],[79.02938069980546,25.14028656324907],[79.05080560477319,25.13398412438672],[79.0906302594445,25.190807496161998],[79.12609355556783,25.161219920516366],[79.11600257736947,25.139648884472603],[79.13188654705013,25.109014105036167],[79.18599551616141,25.114933111229515],[79.17618005619244,25.140059978639993],[79.19220958616123,25.146213911751897],[79.21502946746648,25.11140657843824],[79.22737241589789,25.1220011835534],[79.24543596272308,25.113975736534755],[79.24921980403211,25.140297664002357],[79.2241593877647,25.146047710102334],[79.24459751440315,25.159049925926627],[79.2648887316081,25.15172511200463],[79.26590232428528,25.121470723100323],[79.31365393888953,25.136235231465236],[79.32313373732957,25.149829513912735],[79.30850833085968,25.198286713247146],[79.28461661546757,25.19118774510429],[79.27925208328499,25.244729462102878],[79.32852704948061,25.221322820945208],[79.3383634887059,25.19795855858265],[79.3518943111986,25.212156622055424],[79.33275710291628,25.22827956468135],[79.34357579768869,25.227056656908157],[79.35086215673644,25.263920125914627],[79.33521489571996,25.269802468063844],[79.31651766876278,25.255957650479136],[79.29378741286654,25.283583629870826],[79.28267871636409,25.262161881320203],[79.26446587214235,25.268945185554504],[79.27051669420166,25.309716205199877],[79.29988612610076,25.33763448304054],[79.35223110516972,25.329882227882266],[79.33614729252447,25.288096315623594],[79.35830979338023,25.284236761813503],[79.36289908114091,25.261696360639352],[79.3685920852898,25.29245635857888],[79.40761389579953,25.27391594553332],[79.4088128605592,25.256091101715516],[79.43745276615162,25.254876953367113],[79.46721898819011,25.283296950963617],[79.49445900710367,25.266905686127924],[79.46246231704414,25.264666536743906],[79.43265685693648,25.220637103994616],[79.44883408856873,25.215073572444442],[79.44037072586485,25.198819535919107],[79.412078788742,25.200318919651604],[79.41163188810545,25.182697725109428],[79.38990413077363,25.170108491762452],[79.38394535504858,25.142706590152937],[79.40573954513177,25.106359438447942],[79.42613403206082,25.119055257969855],[79.42129653164172,25.13543248882601],[79.43919727634393,25.127802165833007],[79.43892060175654,25.101221190176346],[79.47724054536062,25.127451228046375],[79.46502460479297,25.088045616074304],[79.49150417728941,25.07965421234517],[79.52489457361511,25.096973104387036],[79.51794748722786,25.127034917436557],[79.56935874270356,25.171802007381704],[79.59568617261023,25.14336772696719],[79.60698576863595,25.15276863128266],[79.60113884921742,25.127486767028795],[79.62270632981829,25.140609831238123],[79.67322173699952,25.120358060648663],[79.68335752976995,25.135154721355992],[79.74849927150932,25.139351349358897],[79.86153175210762,25.096210079459],[79.8516169482985,25.128549401529902],[79.88153014484799,25.14204698085635],[79.86645554823261,25.149820807792864],[79.85601976616782,25.194052323330393],[79.86858931424023,25.216490590944655],[79.85137847796267,25.23555896095974],[79.90748826158114,25.250889863882442],[79.91755484867227,25.22682516707768],[79.94833035283719,25.26866239278549],[80.00511496219062,25.26571022099813],[79.99894342813202,25.285972928258527],[80.02221273543027,25.29761615534582],[80.01779181731871,25.32253241612893],[80.03341502432448,25.342023561280566],[80.07266988185685,25.336947018521997],[80.08878083623878,25.35585466533973],[80.13109688892645,25.334230132037497],[80.16896182419627,25.376858861784168],[80.19493151537976,25.378157730749987],[80.20237186929859,25.414036540232477],[80.22082092978785,25.396743494405595],[80.25341922621706,25.400834372451328],[80.26383817713193,25.424019525991092],[80.31541104511166,25.388871224185763],[80.31079988479799,25.286407039673406],[80.35142658001047,25.277157289060614],[80.38357647694482,25.23728895259531],[80.40334384586582,25.24403433424059],[80.43166591814452,25.177617141187365],[80.35455745842296,25.13835749330295],[80.3760823188524,25.116359244347546],[80.348430156047,25.086652099854515],[80.35533461624827,25.055634926860094],[80.31139771129439,25.044234336863628],[80.29053768200689,25.059538928524706],[80.2736229611124,25.025973240013602],[80.33099299323457,24.99219992136281],[80.36294905584137,25.02359720740909],[80.38731549527029,25.0043144205588],[80.3964404356369,25.011946234446928],[80.37365890139874,25.055911559284908],[80.38800374716875,25.050914355272674],[80.40062308914482,25.069572486259478],[80.40871689909964,25.055253344569408],[80.41610608135888,25.07317548867196],[80.43303201690576,25.065758334638137],[80.44964589746156,25.07849322718902],[80.47514698226283,25.037940506856277],[80.50187663143727,25.03724881825525],[80.47435333606448,25.030529460481898],[80.45444992378927,25.04222295189647],[80.43309161836781,25.023735490635257],[80.45487235148718,25.005729056306205],[80.43678603437131,25.001481128513998],[80.43702554475172,24.994522891051254],[80.46285460039807,25.002533368279863],[80.4561446972286,24.981636009814917],[80.4786560883791,24.973953169623815],[80.49930225274403,25.006214614816788],[80.54947573452401,25.002466208086],[80.54606860805654,25.032417627036413],[80.50057917771811,25.04153121441479],[80.50662752074645,25.083974236684362],[80.48076782256335,25.09291377556551],[80.48272223385393,25.100211026311474],[80.5181317299931,25.094703034438805],[80.52159734624679,25.076045810845745],[80.54580021353556,25.064401821488364],[80.56844663646739,25.08687703815241],[80.6131362314931,25.06569556163831],[80.59228629879796,25.09019727368902],[80.60654219610737,25.15035828347547],[80.61033846773091,25.129013575868672],[80.62851022547333,25.133397104827896],[80.63822688775308,25.116867373058806],[80.60808185468174,25.098432977795262],[80.62602588462697,25.082942974597927],[80.65596734581216,25.084713664574803],[80.66173639844905,25.067605426948756],[80.67292223203538,25.082524622794544],[80.68501265199947,25.076607265084643],[80.67973689983481,25.048457147266067],[80.72072118350891,25.064008883358717],[80.77576060563237,25.054824048945644],[80.78363355232662,25.075948873222934],[80.72545121154714,25.091431089148006],[80.72735156285995,25.11855252545903],[80.70438937446512,25.128374875597075],[80.73024161999544,25.146318755148496],[80.74195269202812,25.123633303707518],[80.77878026152827,25.14226097698071],[80.78637635307567,25.12944239557129],[80.80839654688282,25.136786883824794],[80.82988602937098,25.10006317144963],[80.84910392888548,25.16260169047299],[80.83814296801098,25.1803470440052],[80.8687925757438,25.174510944686286],[80.88466179942964,25.187938871831502],[80.91291198802193,25.159083141489035],[80.86843875559906,25.115679643018158],[80.87804056089766,25.065469249170363],[80.83178167946275,25.03287366640603],[80.85173592546028,24.98824861278885],[80.79220770470451,24.96486844583949],[80.82004982192832,24.932905699577393],[80.81199113169001,24.92254777214611],[80.89171672209635,24.945106813804973],[80.90707641217696,24.935052139859078],[80.89914848767432,24.948622075251997],[80.94600409816091,24.966265187933356],[80.95717766733242,24.91785348794261],[80.97385133414464,24.934192403226415],[81.0230692373659,24.927620834267],[81.01626664126172,24.951503049485183],[81.02557884942584,24.940053571070518],[81.03373058171823,24.952611690524964],[81.08450719085617,24.949907916236853],[81.09630217381113,24.921189355504296],[81.13960425651061,24.88752742196283],[81.16801198161521,24.955229177751406],[81.20719407018949,24.930432066564226],[81.19291001452164,24.9253521640447],[81.21963743167903,24.928619159810797],[81.208924056068,24.992617518016193],[81.2638211158095,25.05276452767911],[81.26667214798594,25.084389693460732],[81.25213728662942,25.102076604668458],[81.2775161556192,25.166000224119244],[81.31343014406141,25.163735687026282],[81.32147216983893,25.1127658531662],[81.31956335922163,25.156782581701876],[81.33451637129367,25.169294778990544],[81.39992097604528,25.119219167021672],[81.4142941176846,25.120926703737695],[81.40618572526591,25.131287594474422],[81.43852473389852,25.130334664928753],[81.44765769446246,25.107172156759333],[81.41371001858423,25.10791838127171],[81.40727000433643,25.104914315896014],[81.4911345206462,25.072323733052414],[81.50023756443474,25.09637776290418],[81.51809823175941,25.100738449104526],[81.49032172564523,25.10944504663599],[81.48005486981937,25.132549202512482],[81.49638401804873,25.128980018805866],[81.49950980557159,25.148681735710632],[81.52724380519078,25.138091067494887],[81.53650006592841,25.1605478754796],[81.5146033891205,25.184337372946825],[81.578574223484,25.19085385039709],[81.59562128610145,25.181821930180895],[81.58846342403982,25.1657697330927],[81.62621054352468,25.16046671700652],[81.62332026949825,25.141039386336573],[81.59806434114621,25.131335708854806],[81.60831668123825,25.096054939870125],[81.62408163425611,25.120036954662243],[81.6408635263836,25.09849244067944],[81.60035062447605,25.07384629853049],[81.61143405281393,25.05650152408596],[81.66654251802542,25.075111047576016],[81.6897522959941,25.038947808153914],[81.73150766077175,25.048641907081873],[81.79221272767269,25.00440737592753],[81.83481528754054,25.016972070614365],[81.89131354943935,24.988868175240352],[81.8955614439075,25.00951808504427],[81.90726969279481,25.00567297038834],[81.91964503419325,24.928124865398786],[81.90283632700164,24.891675305016115],[81.96526618499193,24.827039505309273],[82.01693993383256,24.845980123833662],[82.09765407435785,24.816148662056847],[82.11560920465644,24.78443631938129],[82.1386615173011,24.799462793667754],[82.16702113271049,24.785441922464013],[82.17890183673218,24.79506629811718],[82.16965117512989,24.798048481232616],[82.16665055136043,24.80087503495532],[82.17818164590852,24.81088770118418],[82.20359157899588,24.81920468036584],[82.18425728625577,24.79563299340021],[82.216150385821,24.794140990254267],[82.21792244967799,24.776675613630772],[82.19654510006802,24.778059546789756],[82.20325678956996,24.7583395247833],[82.17745434788273,24.73232532116762],[82.21403870117186,24.73442506129233],[82.22130446365283,24.722327776680373],[82.20656922428991,24.747194593831164],[82.2288404995835,24.74558281032462],[82.22645826158409,24.761237113459355],[82.2451604583723,24.74441055269009],[82.24613640564702,24.769659051378355],[82.25093426732194,24.76993031362662],[82.25011060192038,24.697452958238582],[82.22971131235293,24.681787208188],[82.23971135795601,24.661273102778964],[82.24900168862332,24.67116166934982],[82.26087401751157,24.66131235306693],[82.26875843238598,24.683404960680157],[82.30314305582482,24.66710296384207],[82.29680412308238,24.605840433354683],[82.3386389388823,24.620364477167307],[82.3647673483568,24.59719821048638],[82.41611021129403,24.59119843778567],[82.40620446993584,24.681119460964183],[82.43048557729924,24.70258537296964],[82.45302834058651,24.688537017890066],[82.45023837479764,24.674409680244054],[82.52295222075574,24.676269734340977],[82.53963448327396,24.647851436221288],[82.67084677849907,24.697026690075347],[82.70088847811243,24.67601868262785],[82.70670183710821,24.636274862269158],[82.77430165391108,24.641774716476924],[82.77954809177662,24.613935868478446],[82.76546192048835,24.59577096027049],[82.80328315176054,24.597089290680728],[82.80754497098837,24.548994384898503],[82.7555201267877,24.537446750607817],[82.75163908959493,24.54990684266418],[82.71918269672331,24.552469986502995],[82.73102748832336,24.53508337835811],[82.72063409486817,24.514032362382213],[82.74356322850934,24.49534678726881],[82.72989485640647,24.472651467041388],[82.73921034646781,24.427643921811672],[82.71320701805998,24.380235763587013],[82.72383565855169,24.36817715025526],[82.76938289777074,24.370698249413163],[82.77321848144547,24.307362663680735],[82.75901327930899,24.23635416054253],[82.73481365188621,24.217780431647782],[82.74443692075731,24.165480435029437],[82.72807757877881,24.13514294224762],[82.68288502236348,24.154591872965003],[82.66430478670613,24.12916004173502],[82.71389944606325,24.076249723747058],[82.77401947308628,24.076304332444614],[82.75070454121779,24.011978142959894],[82.8041829084135,24.00352473544475],[82.81261164700857,23.959869432187578],[82.75446091214891,23.934188060871655],[82.75238378964744,23.919789756809912],[82.70350635333716,23.924487397323666],[82.66159014356658,23.907641835815387],[82.65123457039131,23.88675565710609],[82.66812837393333,23.870892514803238],[82.63533783200401,23.837707948134014],[82.53307438113596,23.822146916393223],[82.55147454451293,23.790641035761315],[82.4974035687983,23.784900923482272],[82.46925805857082,23.811059712325015],[82.33465645007573,23.802546796147848],[82.2606106970382,23.82124053651222],[82.23181318565996,23.80531423066121],[82.20631246427206,23.827411161024063],[82.21178319712426,23.85200493741602],[82.17146241060084,23.818240098372932],[82.05358100748123,23.818375168739987],[82.03841595039401,23.826840528852546],[82.04418049393256,23.841648882203025],[82.00881316613597,23.861078450550398],[81.957799329187,23.85228404788687],[81.92147425428615,23.87091252147052],[81.89902909810138,23.84086041024253],[81.81558008592832,23.806364976734976],[81.72547385680372,23.839824049411],[81.7319777512663,23.856677880842984],[81.7074906390912,23.861132461083333],[81.70731007403568,23.88235920882768],[81.69043700343194,23.88476313639171],[81.66858229058012,23.924962301793784],[81.60841944114722,23.90226065886576],[81.60423502012699,23.881751794880653],[81.62220707116632,23.870238577263805],[81.60318182034116,23.853710106154587],[81.61322974980055,23.83447750927964],[81.63583598091292,23.83451306175626],[81.65144667857375,23.79905530349077],[81.64466174915195,23.770126102757068],[81.68184924698656,23.753302919445872],[81.6959093193307,23.721320124598865],[81.68407813419375,23.69091960333211],[81.65554932418864,23.682016202444142],[81.65517241715102,23.66313632793084],[81.61456519245442,23.662917866452624],[81.61196901360074,23.59525292041494],[81.57668454332381,23.585344486404946],[81.58402119026897,23.55357599695271],[81.61031649782944,23.555083047258055],[81.61199114243638,23.51068425800923],[81.63727595556429,23.490364464841587],[81.65816506626845,23.504907531587502],[81.65891135999304,23.52899724811294],[81.6996447211248,23.522016788074154],[81.74663713763223,23.569797052512854],[81.75826188020604,23.549871442595073],[81.80906941758363,23.549341284030874],[81.82068932606106,23.515242031996088],[81.83642511391199,23.510907770088295],[81.87560470381192,23.51271230211565],[81.91853346116251,23.53500224067142],[81.95791100306356,23.500702052910455],[81.95499260400899,23.467170366596292],[81.98040452790482,23.447040443894018],[81.98491391751702,23.414915163209844],[82.02571532493594,23.424578740217243],[82.02330309596356,23.385841960939725],[82.05600389540089,23.376784265252816],[82.06406244356708,23.392938229710513],[82.10425896865057,23.397806873350476],[82.11713741414937,23.355460475014425],[82.1457482681183,23.36117989902784],[82.19938820357736,23.31342910442496],[82.19295519080711,23.27713445060739],[82.14527449706348,23.226715312266514],[82.14435242486744,23.165648138545862],[82.16224886200894,23.15453361408151],[82.13790639980687,23.112000513886553],[82.1222494637722,23.10380144953452],[82.07222470639098,23.118324681335242],[82.03418861820627,23.080047387853114],[81.94225115598631,23.078964985013123],[81.92150179437047,23.0408140082704],[81.95048143348436,22.98292693105478],[81.94630761941882,22.956778674612437],[81.87824026767179,22.909808621259593],[81.86611398771954,22.91581057233442],[81.86162662557311,22.88926100224738],[81.77568307994493,22.874436759584864],[81.76134521366109,22.8302872652607],[81.79439169692454,22.766459904262856],[81.7535927771665,22.72851593886871],[81.77237068373425,22.66820605003616],[81.75262783756897,22.64448651639056],[81.73952840251431,22.675086792869777],[81.71314025080147,22.648089414928673],[81.68331539833586,22.6469066061059],[81.64725446935984,22.61326420309421],[81.65993153746011,22.569455511826387],[81.62902523481897,22.563359328490638],[81.6219425052653,22.538015470632775],[81.5695494138099,22.550729952120136],[81.5700330704822,22.53227191222824],[81.5222305443611,22.53901248236176],[81.4847101406123,22.487830130616043],[81.44260620674747,22.49435086267661],[81.44661681608477,22.46976356887035],[81.45892735569423,22.469292522783675],[81.44736781248157,22.465875592554678],[81.42783864177095,22.47981280584863],[81.42869941274219,22.45688853878463],[81.40670443177751,22.440950999786423],[81.39005988771852,22.4522642265087],[81.38205529093754,22.509818347539365],[81.326526697481,22.526144135731524],[81.31372802701082,22.48292119737199],[81.28126928606466,22.50295418717299],[81.23219093418734,22.452155025030702],[81.19946172206924,22.4630331231257],[81.19766649631863,22.48956657437754],[81.17269230702622,22.487908501006846],[81.15511525167287,22.454914618851486],[81.11116413702412,22.43757446554922],[81.10366308435627,22.383367561311445],[81.12121091768351,22.34259551821681],[81.11871815567547,22.291260469353148],[81.07954900373171,22.2393777339564],[81.05006141547696,22.24455051176909],[81.01946268977437,22.22118453447693],[81.03163980577153,22.1996535250688],[81.01665778440949,22.185529098944354],[81.02191295981439,22.13272903276058],[80.97814332309828,22.120105166895673],[81.01133339869804,22.095568943050303],[81.00526647931189,22.061545068665115],[80.99439090387922,22.049241830865217],[80.97004191872956,22.057408308159566],[80.95697924021458,22.110418030068303],[80.9219517491988,22.119950545919025],[80.8826941740729,22.059034475726538],[80.8526730284238,21.957307404128137],[80.82549437998473,21.958420626509433],[80.84769648494586,21.93253314797548],[80.83205265828337,21.890351531127816],[80.85330934989855,21.872571187837256],[80.81973916284048,21.748023192240563],[80.78543263612785,21.740307930865043],[80.75599153847752,21.762064987397256],[80.71566476360952,21.67404040579926],[80.73163883847424,21.626049990936178],[80.71636718022228,21.599068881171295],[80.7289144698321,21.57257495044135],[80.71981447404666,21.555530743451882],[80.74078155873981,21.539225949105536],[80.72759980947414,21.49619746965276],[80.73527420648452,21.46091963978083],[80.70681583125993,21.43307345064356],[80.67134030704344,21.33843930987102],[80.62133788358267,21.320368728199565],[80.56943328974998,21.343462810116854],[80.52762243832456,21.39487045656084],[80.45755687642392,21.40268427088092],[80.44863171108689,21.372053862315866],[80.40758494689298,21.38029386828392],[80.39603515283257,21.40810715607519],[80.42215511691363,21.440539503681258],[80.37719491734934,21.522246583070334],[80.33131199734301,21.54754218397401],[80.3277544329934,21.5714017891683],[80.29806167453806,21.5758101478065],[80.25344717121675,21.62475449412648],[80.22147856110527,21.620969918597297],[80.19277827671372,21.63545050844827],[80.1546169874931,21.606471028028757],[80.1197089485316,21.609879014554664],[80.06668629853752,21.554202369060757],[80.03286540282346,21.556213991890193],[79.99680581245936,21.53361865268857],[79.97148278603102,21.557717651428284],[79.93590047791403,21.556244436811628],[79.91846485461772,21.524544508402702],[79.89124462580557,21.51818663087068],[79.83124911933055,21.546924809126896],[79.79207068555964,21.586589748044602],[79.73762859454911,21.603856261148312],[79.66093595704903,21.576895447013904],[79.65205337797828,21.55598472901412],[79.54061071279465,21.542680125238306],[79.542507653744,21.568226777288228],[79.51202842494189,21.583973369374643],[79.50371304882663,21.614593196874566],[79.51723102764636,21.62574716365267],[79.49620610025833,21.674224969900386],[79.42219784010301,21.691822329098166],[79.39248710601451,21.674119688794782],[79.35236806670152,21.678057370203508],[79.23118579770917,21.722284006035324],[79.22402043682604,21.64880378942845],[79.14831286667892,21.661174909421938],[79.14330039601796,21.636964054329013],[79.10052730954263,21.61760342462032],[79.1072063779197,21.605026730145863],[79.09395815803678,21.598112150768536],[79.01236897104663,21.59944618015689],[78.99801229496629,21.618573534072954],[78.97552187763756,21.617637858219975],[78.94393177212565,21.592146634478922],[78.91435210717809,21.58898616365849],[78.91375072106906,21.5709853689978],[78.93186327615625,21.561760103335402],[78.90679754336192,21.553259066449098],[78.94439272199337,21.515875187434816],[78.93669236387038,21.485766655013737],[78.89925857148661,21.500461606235152],[78.89083658830862,21.485262478162372],[78.80025692068766,21.490155181748847],[78.77612971784303,21.464583302927647],[78.75084851897138,21.492983918238163],[78.72846587025045,21.46229299619317],[78.68891015474522,21.48197081864098],[78.58533516755216,21.486721664369124],[78.57014515736651,21.514255442937813],[78.51164494226559,21.528690113300346],[78.44965456194086,21.49551822615861],[78.43650068567763,21.499504184621074],[78.42423804673567,21.544436262256035],[78.42718750494913,21.599206778520323],[78.38742502263675,21.614838974192278],[78.3726373268853,21.61344506596157],[78.38161544695944,21.592037515477823],[78.36306166814778,21.57520380971452],[78.34274980502116,21.589055500209998],[78.30705045765114,21.569573430126958],[78.30297156932433,21.58374189126742],[78.26647537874814,21.59173257654499],[78.27385586067653,21.569254835387767],[78.22327897245667,21.55315725427377],[78.18188671267126,21.557343078615954],[78.1762141744975,21.499754949796863],[77.94118880936517,21.38577162120948],[77.8832740181041,21.376038326921044],[77.8011548550632,21.40959506363523],[77.79676753445705,21.38901064599182],[77.75004117177933,21.382827459648826],[77.737107645379,21.362202347741583],[77.70998854623016,21.35744715110385],[77.69199149026845,21.39756499684429],[77.66990847545402,21.368923474460864],[77.65312709153892,21.39145650606199],[77.60496558173463,21.390734555864753],[77.60784820603801,21.364937327559],[77.58711110748706,21.362839557355397],[77.56349647017316,21.36930955113047],[77.56146127466941,21.39645658800322],[77.53171921221956,21.41914605108369],[77.51452376936535,21.375939625875468],[77.48805752134594,21.374358709617727],[77.47359805809356,21.454446539388414],[77.44218726072761,21.469910790674618],[77.42555741802224,21.537740366489146],[77.45488619448444,21.55384258107673],[77.57522762762656,21.526458460704678],[77.6114816374213,21.53882062610738],[77.59529227720249,21.559431451661823],[77.57711479358517,21.555170632218864],[77.5755170087098,21.620639181068704],[77.54425973121269,21.70226326990665],[77.47946723963457,21.754146721989706],[77.47909410317317,21.769986863302233],[77.40417411254116,21.752423398387315],[77.28988792922092,21.76034491321509],[77.28721698383191,21.72192179974707],[77.2269108646583,21.716792617980868],[77.22774917595981,21.699528286768906],[77.21042437891381,21.68964514266547],[77.17603374629813,21.725754714447856],[77.16512276620468,21.710737823922013],[77.07321867802484,21.719454034845725],[76.90161701470328,21.596843937379088],[76.85448658214479,21.61331502617045],[76.83290586501771,21.588954268934216],[76.79526213207896,21.593910790404003],[76.78141248624917,21.564720931706596],[76.78932647424968,21.53637853260257],[76.76344368277816,21.520767421929943],[76.79560916288371,21.489582823216768],[76.78401994889042,21.462373530874164],[76.74442806584518,21.439865272434297],[76.73950877201099,21.41055720161311],[76.62174730307333,21.332291360435203],[76.6628990719363,21.275964911643765],[76.66164256773405,21.24070726753516],[76.64183032638357,21.23713380179096],[76.62348868382388,21.185038857650756],[76.56726240900726,21.199394353349554],[76.53025674557334,21.181932408927988],[76.49337310603094,21.193944357220293],[76.45555999019275,21.108070317296878],[76.41069574245824,21.102436298236405],[76.41319441681935,21.088422422296606],[76.37476648882453,21.072553106727657],[76.28013163027842,21.070688525419904],[76.2603849958135,21.09058301044466],[76.16740076567744,21.079484396087825],[76.17088709958188,21.103933060754237],[76.13792808829118,21.119853127772462],[76.1424684235254,21.135152847971824],[76.1134803422826,21.15539395475708],[76.12926069367127,21.175821784339345],[76.17168618728809,21.166560396299246],[76.17639598828298,21.183995212412775],[76.16565907548114,21.221615891767055],[76.1420361546725,21.228163477418114],[76.15936112497539,21.255974996374817],[76.12974038088058,21.286704633088306],[76.09659931255872,21.371769485570855],[76.04897616899807,21.349720440012334],[75.96305971805768,21.38970987741119],[75.9106581478306,21.382574498080885],[75.89003032013956,21.394708846733685],[75.83336373232822,21.376636529380555],[75.72847084957107,21.388683647896272],[75.67009030901208,21.374579340037748],[75.62302546771764,21.375023480454505],[75.60693955685265,21.39184408645136],[75.54372432653153,21.36852798188552],[75.52005437330926,21.387016428522795],[75.38243838150922,21.379542432245103],[75.35716192214369,21.400865320256337],[75.29874023803802,21.38556727092433],[75.29532572610205,21.41357319402119],[75.2189154419732,21.408339531447705],[75.1258300965832,21.449261230476278],[75.05331544558949,21.564824491838113],[75.01502122633242,21.56967738410331],[74.90168331540825,21.629238013708658],[74.86276380374802,21.63445504982531],[74.82885826494956,21.60979332390169],[74.78287391796654,21.61069032180221],[74.6874614344748,21.631589078168634],[74.66412999260615,21.65252673186949],[74.58208162120549,21.664989049822026],[74.57986850535346,21.68332680134833],[74.55420471177806,21.681362357895576],[74.54736731226963,21.719602685869237],[74.50558819531302,21.726306144675515],[74.51395220105759,21.765687822374655],[74.49821065100043,21.790088695114996],[74.52405036569371,21.91116416776743],[74.48873036684341,21.956169395061472],[74.43938963379759,21.976723952300954],[74.432330609713,21.999403509393805],[74.45219043579539,22.004228491293556],[74.44331820446102,22.0233877880251],[74.38832695166248,22.02075095813739],[74.35070190437386,21.978120899886704],[74.30089492446503,21.967128767412415],[74.28117565885282,21.933112149423156],[74.20543101382106,21.926105350409127],[74.1420677342619,21.95537452096112],[74.14837300030591,21.988298046841003],[74.09693140333299,21.999271338708468],[74.09466400064193,22.018731033268352],[74.14014938403892,22.040321321647035],[74.13140733702674,22.04783121118447],[74.1786530253256,22.085476711608464],[74.15255727470472,22.10600615603302],[74.12446179332305,22.09790799459374],[74.13385680619152,22.160541413253558],[74.12144213007294,22.167400711671732],[74.12232888136172,22.212396768365867],[74.07217451893878,22.219157194746344],[74.08718277238575,22.24279482561086],[74.05237951978683,22.29409158728745],[74.07156887799918,22.335987708427428],[74.06476597121181,22.354606558184862],[74.10507335924346,22.371814992872743],[74.1278608677537,22.332735857158056],[74.19033380712263,22.32025991264361],[74.204041380884,22.36670728489944],[74.2238798311043,22.35636514292176],[74.22370730452994,22.379944166894095],[74.24329440769252,22.3760522438481],[74.25673504713333,22.399652290260697],[74.29117835714545,22.394012421652057],[74.2527856694089,22.432947680343094],[74.2016226677529,22.43451000086534],[74.19340083342715,22.475476275553817],[74.18412587579331,22.44153883316733],[74.16044883934892,22.431210508463998],[74.14920960028056,22.45565830818268],[74.11911208773995,22.418761461752712],[74.0997460864293,22.4380400848264],[74.10415265741435,22.464527113818413],[74.0753250248399,22.464295363462714],[74.08251701984558,22.50678461796466],[74.0529795723515,22.508932752384386],[74.04080011044039,22.486545997219302],[74.02938198960824,22.507954366538577],[74.04149124477784,22.5422541451422],[74.07463853097606,22.55140185431412],[74.14775420947979,22.513878254861922],[74.18951224373308,22.553599175424818],[74.18329549646589,22.566488043446416],[74.21003311338356,22.564258907198287],[74.26355658680781,22.643972394501983],[74.37906031342366,22.634433388408763],[74.4337834320011,22.80789934475245],[74.46477297319123,22.816391002059962],[74.47643252535171,22.85481594717792],[74.44683278379867,22.921081157274994],[74.3934081513121,22.896602878237506],[74.3394951685314,22.952888925906905],[74.36532327261972,22.976966216775953],[74.31890113405484,23.058661226962368],[74.38620200932348,23.111517900663344],[74.43225481311894,23.104897485997494],[74.46384382851132,23.081792975698647],[74.5058633447599,23.085141287240315],[74.54551386552693,23.10984404599337],[74.53937328430412,23.129301620785586],[74.606614557182,23.142559156462564],[74.67154413723298,23.199959906880657],[74.71509893527583,23.19071356049606],[74.74213614463162,23.208912306004223],[74.7475218707461,23.22665309082931],[74.69206576894841,23.219151615548082],[74.71511387631357,23.236683171241825],[74.69995542111069,23.268365551785728],[74.67676057188724,23.27380707621103],[74.63855545868736,23.25540929900669],[74.61689129615729,23.27938121233275],[74.58499347656313,23.27693797780539],[74.57436578885262,23.295169616855116],[74.54666907389155,23.277121008121323],[74.51403680830799,23.32804555350233],[74.53526751299403,23.33081982563308],[74.53981656263211,23.361865607002635],[74.5689406798047,23.376301729589958],[74.57235018043549,23.420666732175373],[74.599067383025,23.428749694235503],[74.60388661617925,23.457264961831527],[74.65188366574354,23.462279707454524],[74.70349169214536,23.505007676962357],[74.72923917997393,23.496617884496043],[74.73528812191438,23.520565224100764],[74.76151042889144,23.52114087181408],[74.77368370532754,23.544372478902442],[74.79410939030588,23.550880899783508],[74.80329609429391,23.53308419524542],[74.84683135121868,23.551860919444188],[74.90294364290595,23.625101047443774],[74.93653873124276,23.628770654354682],[74.89946070324359,23.682201764395284],[74.92159275911764,23.694652150691645],[74.92022851538259,23.719179995911773],[74.93637530743852,23.72958043518488],[74.92452104621805,23.75638566027038],[74.94040447533754,23.764743144569636],[74.92433999442363,23.796621011765268],[74.90370765598402,23.794306209341556],[74.91383614474896,23.84168312392482],[74.9026182512921,23.872951330768654],[74.91650835152672,23.9317468261603],[74.95914300834465,23.972161249036446],[74.98229816813837,24.025410746811126],[74.93934139387027,24.053920292096716],[74.94067698545845,24.06991851475208],[74.9035212049223,24.1093037188657],[74.87975457134844,24.173607736563024],[74.91034114799595,24.210105696484913],[74.89710402987068,24.227289323431997],[74.86757730349674,24.243086095706968],[74.77482711145288,24.238710847215945],[74.74711030852389,24.253468549993077],[74.78132298363039,24.289174611274472],[74.78117957356287,24.338337924014432],[74.85509859257012,24.424138704280093],[74.85387255993247,24.44452884691103],[74.81375258427317,24.436740214748852],[74.8153452026689,24.46847482806409],[74.78694430588965,24.472239277525624],[74.77713848011584,24.460501141950964],[74.70872701133196,24.48647346361358],[74.75553492491584,24.5348825785154],[74.74351284972775,24.571458815960206],[74.78642991188157,24.585930842847443],[74.7794000904905,24.61544032422245],[74.81413857538267,24.6501817757493],[74.81458497449833,24.66575253526419],[74.771936754821,24.661480748735944],[74.78761281385687,24.70417719957266],[74.77960457752948,24.732451955802116],[74.80396734279351,24.733966961521755],[74.79977777165338,24.779068127937],[74.88907852421198,24.63383188140585],[74.89497885472079,24.643937869494682],[74.90182062500881,24.632806672110362],[74.94308994139789,24.637804261346922],[74.9622783148112,24.656424318547025],[74.96018634156894,24.677765221299854],[75.00172000140553,24.686418351612847],[74.99238703062301,24.731745785212283],[75.01603296847328,24.732120346630577],[75.00148875371183,24.774524097556082],[74.97561908528428,24.763687509758665],[74.93089186046305,24.77909882224542],[74.91453343793388,24.769200583824993],[74.86043496017643,24.79848678002143],[74.84937285295422,24.77613446170387],[74.83869548753948,24.798036756989006],[74.86151878937468,24.8041365071471],[74.86084822667705,24.82246074514872],[74.825286201492,24.900149177118916],[74.83322425569831,24.95971560435446],[74.85756455828471,24.96389115371799],[74.86947949214483,24.92497408516081],[74.88069658388252,24.93735996380926],[74.9024472937408,24.930004453719565],[74.91553142980801,24.887594242430293],[74.95260596629348,24.880682428354454],[74.95866224809816,24.858186741319948],[75.03304755620172,24.84440939292338],[75.0765343602825,24.880681019647263],[75.08719494698038,24.870790442238373],[75.11693027909644,24.878261553311035],[75.11356115315944,24.966810289907105],[75.1685694729385,25.00593052018564],[75.15499522420339,25.033991152347127],[75.33215975463939,25.041494518428443],[75.35035153604527,25.01753424716666],[75.31176607604357,24.995372352344056],[75.33691279168663,24.955395834077056],[75.31844725724022,24.894155995910833],[75.3143322586604,24.88595092327269],[75.31273625270222,24.88513700943596],[75.30487313759299,24.92865613532939],[75.2738923493702,24.96404139004382],[75.26708448354165,24.947147555915993],[75.2940673409001,24.907545053261142],[75.26730846977313,24.899435757911796],[75.26343429295144,24.874855322351426],[75.3080504262818,24.856043784026017],[75.3266393870513,24.874874873898168],[75.37363166141408,24.867743061712623],[75.4161257575221,24.88608115575364],[75.42575513268356,24.86906655253948],[75.31159531565916,24.801176325077886],[75.27293702294314,24.842836170477533],[75.2240912360558,24.843924303428526],[75.25232027396953,24.813105402771956],[75.21520041231271,24.802118147316857],[75.18440043296798,24.748553837049595],[75.21944324364587,24.702554937164802],[75.22838307501488,24.717619569088928],[75.26490160352569,24.71750978026555],[75.45645518999294,24.68044997203062],[75.53343449948053,24.712049385827942],[75.54821955723251,24.702937780932714],[75.58297213898331,24.713264919572413],[75.61078618243192,24.680407402224084],[75.64596206656243,24.68491568165735],[75.68342069448833,24.725118608412057],[75.75683310700536,24.761553389209453],[75.8021670251743,24.756463424720256],[75.83360564947616,24.731845497260807],[75.8249399591382,24.6674538550675],[75.84776378643542,24.663019071619107],[75.84875663104161,24.647400767779665],[75.82484714059537,24.613454027834337],[75.83546216116729,24.594949771002913],[75.8492394329285,24.610875474117226],[75.87115475189549,24.60666372378801],[75.87836611303224,24.583385347077275],[75.91446110737851,24.572252211196012],[75.9036682645253,24.548927352853777],[75.92055011851843,24.52166031773151],[75.88785509230046,24.508070491362496],[75.91163902403909,24.49191234820026],[75.90905969965014,24.455009272899098],[75.8387902086798,24.414179315615197],[75.80986084213451,24.434042903749464],[75.8134732876806,24.462024616899004],[75.7894035903124,24.471531102873858],[75.74760011475996,24.424183430909327],[75.75530707476456,24.406527760884362],[75.72775101947548,24.39051564919624],[75.73983814132109,24.332147874708046],[75.76646553295856,24.298018008779636],[75.81072719949877,24.296090354748998],[75.81352444778904,24.24537003032414],[75.83023174947165,24.23375906828354],[75.7756288298768,24.207729381484544],[75.74601164149226,24.12126918713222],[75.77864206440378,24.119259138068358],[75.79285969040065,24.09184740226944],[75.83569651621714,24.092115986302286],[75.83672339344925,24.05706342731428],[75.7816945435476,24.042528898394597],[75.76533980986672,23.99267510973467],[75.74224794761606,23.99272990223198],[75.7411302632822,23.976938695026643],[75.71751808669909,23.966858494246956],[75.70173168094219,23.96659278480336],[75.67433848960192,24.017675999231237],[75.59552478104632,23.98999991596637],[75.52105110709238,24.02502082832964],[75.47468014814551,23.98284006685707],[75.46205640471027,23.914762644965656],[75.56322289363167,23.857577110978138],[75.57932713826169,23.83511311589309],[75.55930239173625,23.818179449719214],[75.58901210741506,23.809781808710405],[75.58344774109447,23.794823048179413],[75.65450321171843,23.79840380869884],[75.68671870976685,23.755939339446144],[75.70183557297504,23.786386352686023],[75.69011585178517,23.813246400643262],[75.72159141680946,23.811792710084163],[75.71895265782467,23.840666820227167],[75.73640589979142,23.85624582287393],[75.7015740178459,23.872833091897753],[75.70608716373415,23.899095456088038],[75.75270084479608,23.88734521004414],[75.76454188344022,23.85173981377697],[75.7812494524789,23.84872712300422],[75.79384657840284,23.86700645027284],[75.85302471068745,23.887481061702243],[75.88710079536816,23.879114693683256],[75.93751493096924,23.89668939724501],[75.98136306620376,23.928969925030444],[75.98485420333178,23.97402804470429],[75.96345518052225,24.018706919020616],[75.99701945528254,24.01768841503828],[76.03680892506749,24.062896684625144],[76.12679233850731,24.08873045790008],[76.11738274723295,24.193987743751663],[76.14842625165991,24.232025081342687],[76.13671672050558,24.270805459815634],[76.162545128386,24.28472516949337],[76.1855157479076,24.329276456971225],[76.20472719924686,24.300904578706152],[76.19458985082352,24.273192850138958],[76.2125548480663,24.209939898664807],[76.23994523984305,24.21888546638034],[76.28232090869184,24.20730766587075],[76.28736038929046,24.229860479344005],[76.32291445946531,24.245544861006117],[76.357209673518,24.23974483340079],[76.41168258173768,24.20050619923636],[76.41621642809147,24.22063441743575],[76.45226628314177,24.209363533161845],[76.47050989587407,24.226150428929028],[76.50453498489495,24.20308699823867],[76.52742392502492,24.156734339989963],[76.57772749487292,24.17917435010852],[76.56427346844504,24.190945212557118],[76.59523182114344,24.223320837989277],[76.58354484708673,24.242865759991503],[76.61119853450099,24.238652050694974],[76.61764581029033,24.258829526829633],[76.66513163697834,24.261934338874667],[76.6927736471946,24.286481916442188],[76.70273036261112,24.24319933218401],[76.67588520727952,24.19084669274541],[76.69831261383517,24.168467276493274],[76.7191149821622,24.158690125551548],[76.75792049908684,24.1682567191403],[76.80128691470969,24.116672853936517],[76.85458873514715,24.13582546071412],[76.90060015101828,24.12743238935067],[76.91629281900691,24.18785504948741],[76.93576765486395,24.18372659324388],[76.94739735702879,24.20131054900982],[76.8626149777339,24.27331940271081],[76.84105415905567,24.322414536589562],[76.83188493253917,24.35796811555603],[76.8513851842951,24.370524921923174],[76.83737851189632,24.40970862183058],[76.85308321246349,24.465891995246714],[76.81638907217193,24.53358330375858],[76.86192147553066,24.5492985701276],[76.88430756627035,24.52145076651817],[76.90186605276024,24.545850773167164],[76.91789651244348,24.543475084254066],[76.91842040387559,24.480691129709662],[76.97760954861329,24.461383798550443],[77.02897280257517,24.496079630583974],[77.0368941073346,24.527899521623393],[77.05470958693232,24.526276575050726],[77.0713312170821,24.572763261510687],[77.06498584789561,24.643844295978358],[77.03166632950241,24.71131602351325],[77.00166339001957,24.71603928282667],[76.95396500280826,24.760360338890795],[76.90749360549547,24.731594409997975],[76.88947784178967,24.747256293048203],[76.856129839865,24.742486390423746],[76.84751990852536,24.769271455307717],[76.801996779053,24.81013373027207],[76.79987775928814,24.82401330356196],[76.82508008770485,24.835548342730203],[76.8978861666356,24.83822562301534],[76.94856325345415,24.86907153522906],[76.91305455273009,24.88784408009208],[76.92041550546632,24.916774204551533],[76.8904878865681,24.919689153472216],[76.8626886308062,24.959801820699703],[76.85677892504008,25.002475882764255],[76.87603780561051,25.007064041094406],[76.87615870008374,25.041400297476212],[76.9682050477678,25.051100898363647],[76.99906906007982,25.074846055520666],[77.084828898961,25.054239462464274],[77.12257161087112,25.066653914136644],[77.14772128281209,25.095110457115233],[77.16712426430836,25.084609798868183],[77.17442477961883,25.111808969710655],[77.27001084742439,25.116093995684828],[77.3107799312539,25.079832772455067],[77.39437600867835,25.11992227107219],[77.40661691537704,25.111686448306518],[77.390581970043,25.123386294787228],[77.39300110830816,25.15922951884104],[77.40014331155167,25.18388063387369],[77.42661597277672,25.18807427519665],[77.41169646304195,25.224010531455985],[77.3550910040599,25.263477993847733],[77.36265755519986,25.279012408160202],[77.37395138611251,25.274521233828256],[77.37785241714953,25.315719670086093],[77.3676070081975,25.328597478855965],[77.34212153825047,25.32177073535404],[77.36668503868698,25.36031076178131],[77.3505010910412,25.38406884160029],[77.37096896592035,25.408493188589574],[77.3154588405794,25.431469269364698],[77.29380340554107,25.424295005034576],[77.23394351360935,25.37870090909423],[77.2339469288144,25.333772557162355],[77.22336866115108,25.318790919345695],[77.20554795282709,25.32647850396729],[77.20941757106019,25.306305135975062],[77.08367338942543,25.336557703473485],[77.07005094042977,25.318492856259507],[77.04589734287026,25.321439036004207],[77.03169039637777,25.29438736905537],[76.97373847571917,25.30040586818182],[76.94661777363221,25.28233248949117],[76.92327420520841,25.285455297896725],[76.92940825568978,25.30318635985154],[76.901538950786,25.32363473981096],[76.85728476790725,25.33278463133213],[76.77756516866322,25.3156086257243],[76.73380988974779,25.351989337794805],[76.67239434110915,25.348090928496738],[76.63976299775561,25.38353285853402],[76.62278748848769,25.376782857558695],[76.59846553363899,25.392329669438283],[76.58627281287745,25.43355891279785],[76.55597622282404,25.452030124085226],[76.55546400421525,25.48256511749317],[76.51661387243932,25.526674191726176],[76.50375872829208,25.57977214373499],[76.50383834342855,25.67320138838758],[76.47945107752618,25.684203412581784],[76.47342575156668,25.709918508608677],[76.52376724130617,25.72983179200501],[76.52101139746614,25.793599490815573],[76.58205275473617,25.870421264231638],[76.62322237252597,25.870553304846034],[76.64026441235663,25.907609917972028],[76.7163319756411,25.9011592719049],[76.75661520031858,25.921010901631927],[76.74885573896714,25.940469479539036],[76.78902757707104,25.941092521263098],[76.8067797520381,25.9898081102287],[76.88484731684066,26.048039207197093],[76.90069513914426,26.093154624941306],[76.99761369829328,26.12906669127858],[77.03162202348452,26.172610583495864],[77.09675126698968,26.183237852152786],[77.13471834336063,26.23294773279043],[77.2038888649303,26.229866813653864],[77.26975549775752,26.26681881113009],[77.34250947036001,26.352018594316803],[77.3745194119327,26.365721020626992],[77.44467691057629,26.361761537824677],[77.43734918029352,26.403276922812395],[77.53838080884142,26.411296540608568],[77.67371648295793,26.502834284593032],[77.7270112586124,26.502316803346194],[77.74590956792073,26.538754162354955],[77.82201133043613,26.549578237566042],[77.83567937129293,26.576031305197922],[77.82732613297031,26.596046983728034],[77.85066251713688,26.612538737747478],[77.89427913679857,26.614711521219295],[77.90425941521714,26.65906351350215],[77.95317634739482,26.658938751110725],[78.0004319209461,26.694856776884414],[78.08973140424284,26.67446738957065],[78.09593010859268,26.727801713851964],[78.12352702663071,26.74688223667614],[78.10196749166775,26.76764011393997],[78.11326453372115,26.7948421487566],[78.18347292116978,26.783652774535476],[78.17352871336632,26.8244653737944],[78.22524852570848,26.830647027008187],[78.26790772892183,26.813579336503796],[78.28726142658151,26.856764876267526],[78.37276327996253,26.863361857718363]],[[75.22606779385296,24.84505478172579],[75.25067064820986,24.88050841578325],[75.22162554751593,24.873780700903637],[75.20847360217167,24.894300437623215],[75.20073248798276,24.86784060124028],[75.22606779385296,24.84505478172579]],[[79.39875676522075,25.033715889479375],[79.42204204359612,25.041574682051763],[79.42591135042161,25.058588882530817],[79.38719057175128,25.085696574709225],[79.38089520262946,25.12243300329275],[79.36381662220948,25.125645688662562],[79.37419632192609,25.14260365280965],[79.36030508251828,25.144261291294942],[79.35058425188063,25.116984711244967],[79.37969120848012,25.10122228192327],[79.37980606820253,25.06479228168551],[79.35113318422304,25.068882857207203],[79.35610712680935,25.040469407762675],[79.36903882004931,25.054315887172923],[79.39875676522075,25.033715889479375]],[[79.35446584992127,25.175891802890135],[79.3725558793964,25.180015905819218],[79.35952062202038,25.18855296602374],[79.35446584992127,25.175891802890135]]]]}},{"type":"Feature","properties":{"OBJECTID":34,"STATE":"MAHARASHTRA","Shape_Leng":5576977.66357,"Shape_Area":297651719610.0},"geometry":{"type":"MultiPolygon","coordinates":[[[[73.67122410002948,15.728828999559079],[73.67097050034037,15.728897300195102],[73.67119439959205,15.729021500064844],[73.67122410002948,15.728828999559079]]],[[[73.64866970036466,15.731169099718798],[73.64825520012275,15.731076200312408],[73.64851350035963,15.731335100125957],[73.64866970036466,15.731169099718798]]],[[[73.65332089984636,15.746432700251901],[73.65241349957542,15.745925499558462],[73.6522898997501,15.746212800405347],[73.65332089984636,15.746432700251901]]],[[[73.64982500044702,15.746624999811646],[73.65157499990421,15.746090000227216],[73.64902000014513,15.74604499973881],[73.64982500044702,15.746624999811646]]],[[[73.64295870021184,15.747460599815275],[73.6426863996275,15.74709450003007],[73.64262589958885,15.747326300367515],[73.64295870021184,15.747460599815275]]],[[[73.65381000016262,15.748495000101187],[73.65348500006816,15.74812000015224],[73.65331999986977,15.748725000178455],[73.65381000016262,15.748495000101187]]],[[[73.45798230006069,15.887417400426825],[73.45772050033995,15.887308999626446],[73.4578787001576,15.887522000396938],[73.45798230006069,15.887417400426825]]],[[[73.45927210010474,15.887108399801319],[73.45853689990011,15.887258400305361],[73.45876259980814,15.887634899941963],[73.45927210010474,15.887108399801319]]],[[[73.46187679958562,15.889721899536084],[73.4644370999757,15.887934699886229],[73.46390589980942,15.88684740002436],[73.46187679958562,15.889721899536084]]],[[[73.4566542996919,15.888146900353252],[73.454991699687,15.888806200310695],[73.45530450045692,15.889809499890475],[73.4566542996919,15.888146900353252]]],[[[73.46717597715158,15.894193486392219],[73.46654586315708,15.893938310019275],[73.46669825870768,15.89451943262935],[73.46717597715158,15.894193486392219]]],[[[73.46646270451582,15.895631811777207],[73.46610405675474,15.895340782010498],[73.46616756504423,15.895685299736487],[73.46646270451582,15.895631811777207]]],[[[73.4655590003324,15.895323899725572],[73.465207699845,15.895221499589768],[73.46529830035547,15.895733599683899],[73.4655590003324,15.895323899725572]]],[[[73.46702160013547,15.898417700122199],[73.46664689965482,15.898257799928805],[73.46656369995901,15.898623399852141],[73.46702160013547,15.898417700122199]]],[[[73.46562910027497,15.899418200015276],[73.4654350998518,15.89911139988294],[73.4649759997498,15.899599900113136],[73.46562910027497,15.899418200015276]]],[[[73.47195900030405,15.904913999667524],[73.47191299972611,15.904684000431443],[73.47179800043686,15.904798999570826],[73.47195900030405,15.904913999667524]]],[[[73.46719800027617,15.904914000329773],[73.4666919997183,15.904798999735684],[73.46717500034237,15.905097999800384],[73.46719800027617,15.904914000329773]]],[[[73.57883599960567,15.910145499837359],[73.57867000017191,15.90989649972218],[73.57849570007373,15.910037600190153],[73.57883599960567,15.910145499837359]]],[[[73.47313200009835,15.914527999713744],[73.47241900017285,15.91427500024485],[73.47299400010333,15.914804000094284],[73.47313200009835,15.914527999713744]]],[[[73.46613859972159,15.925517100334345],[73.46561569976156,15.925027400162461],[73.46583149966006,15.925724600033503],[73.46613859972159,15.925517100334345]]],[[[73.46666929971558,15.926554200345494],[73.46603900015535,15.926380300405528],[73.46628940036055,15.926847800345419],[73.46666929971558,15.926554200345494]]],[[[73.46340789995278,15.929874600365114],[73.46281860013535,15.929625599683055],[73.46281860039896,15.930613299921392],[73.46340789995278,15.929874600365114]]],[[[73.46304039951697,15.931461900305548],[73.46293820019157,15.931455000035937],[73.46297730003332,15.93149290020921],[73.46304039951697,15.931461900305548]]],[[[73.46339129980359,15.931692299707331],[73.46388930012786,15.932630200423706],[73.46442050018575,15.931766999693378],[73.46339129980359,15.931692299707331]]],[[[73.47926269106844,15.970848702949683],[73.4790119690158,15.970523471553498],[73.47899347350527,15.970758139885369],[73.47926269106844,15.970848702949683]]],[[[73.47998220649491,15.971335857707189],[73.47949528308563,15.970902494098222],[73.4799218906157,15.971813889040277],[73.47998220649491,15.971335857707189]]],[[[73.47965100014262,15.972295900096583],[73.47906999962825,15.972005400334826],[73.47930239961678,15.972453599628528],[73.47965100014262,15.972295900096583]]],[[[73.4592266999015,15.985859899726012],[73.45869990027659,15.98515999965364],[73.45841319964079,15.98545329970136],[73.4592266999015,15.985859899726012]]],[[[73.45986689971794,15.986559799581137],[73.45936679972796,15.986353100097086],[73.45952680029998,15.986739699912638],[73.45986689971794,15.986559799581137]]],[[[73.46114730023557,15.986799700073599],[73.46030039976252,15.986506499663259],[73.46066049992402,15.987159700125202],[73.46114730023557,15.986799700073599]]],[[[73.4589599999601,15.986912999629276],[73.45843319989503,15.986673100259175],[73.45847979986785,15.98701969953912],[73.4589599999601,15.986912999629276]]],[[[73.45656870001172,15.987509800348507],[73.45626160020127,15.98758449966291],[73.45644419971049,15.987733899953417],[73.45656870001172,15.987509800348507]]],[[[73.46361269977308,15.988993399878108],[73.46307260039057,15.988786799808008],[73.46327929998363,15.989206699677222],[73.46361269977308,15.988993399878108]]],[[[73.4759839998352,15.991601000144806],[73.4755470001056,15.990979999754517],[73.47536300004138,15.991302000312372],[73.4759839998352,15.991601000144806]]],[[[73.46472639964772,15.991094600291394],[73.46431959966343,15.990708000342837],[73.46427960001095,15.99115459986184],[73.46472639964772,15.991094600291394]]],[[[73.46407588253422,15.992321048768698],[73.46479070418194,15.99157901349178],[73.46454375016879,15.991298979874214],[73.46407588253422,15.992321048768698]]],[[[73.47160460039524,15.993708800394595],[73.47087109961328,15.993408900405933],[73.47110449957164,15.993902099863089],[73.47160460039524,15.993708800394595]]],[[[73.47223149954498,15.99414210000041],[73.47194470004274,15.993842199549755],[73.47197140041975,15.994208799641683],[73.47223149954498,15.99414210000041]]],[[[73.45692859999627,15.993671800260664],[73.45650539989472,15.99338070020197],[73.45664279967248,15.9937431999746],[73.45692859999627,15.993671800260664]]],[[[73.47098440042193,15.994355399832212],[73.47058430045159,15.993968800083314],[73.4705310001371,15.994415400204955],[73.47098440042193,15.994355399832212]]],[[[73.47029090044123,15.99434870024531],[73.46991079952538,15.993962100139665],[73.4698440999817,15.994402100384898],[73.47029090044123,15.99434870024531]]],[[[73.45630760007631,15.993869600001771],[73.45589539989138,15.993562000127811],[73.45590089997135,15.99389699976752],[73.45630760007631,15.993869600001771]]],[[[73.45552720020412,15.993869599940075],[73.45513150013306,15.99355649983177],[73.45513149983711,15.993918999956351],[73.45552720020412,15.993869599940075]]],[[[73.45765950038229,15.994083800011818],[73.45763199965755,15.993397200376409],[73.45730229968247,15.99402340005334],[73.45765950038229,15.994083800011818]]],[[[73.47190470035518,15.994975300002503],[73.47161130033653,15.994662000306622],[73.47151790008873,15.99492859957652],[73.47190470035518,15.994975300002503]]],[[[73.47135119964827,15.994922000017286],[73.47082440013904,15.994735300122692],[73.47098440003576,15.995081900309389],[73.47135119964827,15.994922000017286]]],[[[73.45511500035354,15.994270500353494],[73.4546973003755,15.994023399588153],[73.45479629983815,15.99438039986946],[73.45511500035354,15.994270500353494]]],[[[73.45829841643956,15.994690473833773],[73.45785246039064,15.994555957136207],[73.45794428637367,15.99488748329353],[73.45829841643956,15.994690473833773]]],[[[73.4712379004135,15.99576179971972],[73.47104449976881,15.995401900441061],[73.47094440029845,15.995661799580493],[73.4712379004135,15.99576179971972]]],[[[73.470471000147,15.995315200336247],[73.46973740029881,15.995015300341988],[73.4696907001638,15.995695100422935],[73.470471000147,15.995315200336247]]],[[[73.47001079989369,15.996988199979938],[73.46963070002975,15.996794900122252],[73.46971740031495,15.997068199755137],[73.47001079989369,15.996988199979938]]],[[[73.47170787478349,15.997607899048626],[73.4711034894119,15.99794522296912],[73.47128055472476,15.998214992103485],[73.47170787478349,15.997607899048626]]],[[[73.46029589983472,16.02360649997093],[73.4600593001731,16.023601599682078],[73.46007519971491,16.02386069997209],[73.46029589983472,16.02360649997093]]],[[[73.45700029972328,16.041111199731343],[73.461847500182,16.04363440045649],[73.46043650008014,16.03896979983911],[73.45700029972328,16.041111199731343]]],[[[73.46460669956784,16.047065000374275],[73.46486209966785,16.046086199889864],[73.4642002999492,16.04641710034041],[73.46460669956784,16.047065000374275]]],[[[73.46149779975129,16.052010199860103],[73.46116890038729,16.051424699898856],[73.46128199982293,16.052061600269585],[73.46149779975129,16.052010199860103]]],[[[73.46383465787794,16.073874738971654],[73.46341915085226,16.073817530396937],[73.46361400625494,16.07400420009819],[73.46383465787794,16.073874738971654]]],[[[73.46406412372232,16.074423160241984],[73.46370618796327,16.07417205688607],[73.46362542306775,16.074343191147815],[73.46406412372232,16.074423160241984]]],[[[73.45797970007352,16.08788169968681],[73.45656040002353,16.087076599690654],[73.45823699960904,16.08923460012739],[73.45797970007352,16.08788169968681]]],[[[73.4447329004291,16.098655099947756],[73.44403570042006,16.0989538998841],[73.44410209977744,16.09924440003479],[73.4447329004291,16.098655099947756]]],[[[73.4441103997494,16.10100399990305],[73.44271599994944,16.100746700255655],[73.44289030014707,16.102730400116453],[73.4441103997494,16.10100399990305]]],[[[73.44197730024385,16.103286500400728],[73.4415623003999,16.10359359966377],[73.44163700019188,16.104191200292867],[73.44197730024385,16.103286500400728]]],[[[73.28348619961945,16.95752529983174],[73.28310389988494,16.957730299664238],[73.28345489985352,16.957845000436006],[73.28348619961945,16.95752529983174]]],[[[73.28548236009208,16.989505733547432],[73.28554276389868,16.98932460501296],[73.2854262109864,16.989353237043836],[73.28548236009208,16.989505733547432]]],[[[73.11922153261153,17.765985366652803],[73.11968777557642,17.766160903651237],[73.11947519048408,17.765520371074004],[73.11922153261153,17.765985366652803]]],[[[73.10127211947888,17.804713143604946],[73.10136224748116,17.804056476355637],[73.10111675322693,17.80463874640775],[73.10127211947888,17.804713143604946]]],[[[73.08785530040645,17.80764220022375],[73.08735089975843,17.807601899946068],[73.08767500012078,17.807838700149833],[73.08785530040645,17.80764220022375]]],[[[73.08365759979317,17.814538400197492],[73.08535930002246,17.816960899827656],[73.08490930005357,17.815249199752476],[73.08365759979317,17.814538400197492]]],[[[72.97850763622417,18.10360029229005],[72.97683222042639,18.10343545897952],[72.97788713573138,18.104713995075677],[72.97850763622417,18.10360029229005]]],[[[72.96309829993635,18.299663399688054],[72.96637619993199,18.299609900099647],[72.96583549977389,18.298834000243666],[72.96309829993635,18.299663399688054]]],[[[72.93240709989928,18.322424300232065],[72.93270589957046,18.321552799918944],[72.93201700015068,18.321577699714815],[72.93240709989928,18.322424300232065]]],[[[72.84270459953858,18.707118500403062],[72.84210989992924,18.70747759989521],[72.84276770021087,18.707807200211654],[72.84270459953858,18.707118500403062]]],[[[72.81236750031621,18.70422370044278],[72.81478400025036,18.704839999825065],[72.81429639989571,18.70249270034981],[72.81236750031621,18.70422370044278]]],[[[72.89832850090202,18.83140926460542],[72.90041177076176,18.830438757727173],[72.8995546493476,18.829905635000646],[72.89832850090202,18.83140926460542]]],[[[72.89644040016418,18.834397399858847],[72.89697870031301,18.83376300018432],[72.8965398004746,18.833523099590874],[72.89644040016418,18.834397399858847]]],[[[72.82718290036287,18.902698299997613],[72.82721280025115,18.901591100334286],[72.82671669959387,18.901851600357393],[72.82718290036287,18.902698299997613]]],[[[72.84726759962888,18.918422700392398],[72.84836319955036,18.918646799905545],[72.84829680031432,18.91835629961306],[72.84726759962888,18.918422700392398]]],[[[72.85110859972026,18.94794550028819],[72.85222080044244,18.948194499675832],[72.85192200001418,18.947414300010507],[72.85110859972026,18.94794550028819]]],[[[72.9001092003864,18.96067900024875],[72.90612170005213,18.95964369986063],[72.90502389976682,18.957645899664783],[72.9001092003864,18.96067900024875]]],[[[72.92498349976677,18.962557399540017],[72.94248940008491,18.96664189992469],[72.93403539992475,18.95272060015109],[72.92498349976677,18.962557399540017]]],[[[72.8082002324354,19.07860065726358],[72.8114468320746,19.074376586715463],[72.80791615265838,19.07401786351334],[72.8082002324354,19.07860065726358]]],[[[72.7730411845446,19.133702656045497],[72.77483883849374,19.133338028628955],[72.77346965995893,19.132874990003792],[72.7730411845446,19.133702656045497]]],[[[72.78314990036918,19.13348630024961],[72.78046859955624,19.13396080036214],[72.78230749974114,19.135062799711008],[72.78314990036918,19.13348630024961]]],[[[72.76804345064767,19.24132891097472],[72.76594294656347,19.240029202737198],[72.76764024465767,19.242245208456897],[72.76804345064767,19.24132891097472]]],[[[72.75867510008347,19.267224000250845],[72.75795959988213,19.26710240027354],[72.75852420040556,19.26768120027828],[72.75867510008347,19.267224000250845]]],[[[72.76436800032096,19.284564699559393],[72.76343389981261,19.284310100207005],[72.76413870016128,19.285005899651438],[72.76436800032096,19.284564699559393]]],[[[72.76999196368983,19.30986867308423],[72.76970878977302,19.30914364408652],[72.76952341804898,19.309736676344357],[72.76999196368983,19.30986867308423]]],[[[72.77293906329105,19.30951928233743],[72.77179832643782,19.30900678431326],[72.77267221477462,19.310748261504056],[72.77293906329105,19.30951928233743]]],[[[72.7940736981623,19.321612670927962],[72.79350024060243,19.32046100298254],[72.79234093769885,19.32135478528002],[72.7940736981623,19.321612670927962]]],[[[72.76332189988567,19.336192199884433],[72.76267820045888,19.33517360038342],[72.76252490045255,19.335726599774826],[72.76332189988567,19.336192199884433]]],[[[72.75714453295029,19.349696634880644],[72.75583270889278,19.342663951123637],[72.75467470747611,19.34632963560592],[72.75714453295029,19.349696634880644]]],[[[72.72827690003761,19.467160300417092],[72.73646900045577,19.465674600171628],[72.73366359963363,19.45910099976029],[72.72827690003761,19.467160300417092]]],[[[74.44368581229547,22.02240769693514],[74.45219043579539,22.004228491293556],[74.432330609713,21.999403509393805],[74.43938963379759,21.976723952300954],[74.48873036684341,21.956169395061472],[74.52421040201196,21.91058199978332],[74.49821065100043,21.790088695114996],[74.51395220105759,21.765687822374655],[74.50558819531302,21.726306144675515],[74.54736731226963,21.719602685869237],[74.55420471177806,21.681362357895576],[74.57986850535346,21.68332680134833],[74.58208162120549,21.664989049822026],[74.66412999260615,21.65252673186949],[74.6874614344748,21.631589078168634],[74.78287391796654,21.61069032180221],[74.82885826494956,21.60979332390169],[74.86276380374802,21.63445504982531],[74.90168331540825,21.629238013708658],[75.01502122633242,21.56967738410331],[75.05331544558949,21.564824491838113],[75.1258300965832,21.449261230476278],[75.2189154419732,21.408339531447705],[75.29532572610205,21.41357319402119],[75.29874023803802,21.38556727092433],[75.35716192214369,21.400865320256337],[75.38243838150922,21.379542432245103],[75.52005437330926,21.387016428522795],[75.54372432653153,21.36852798188552],[75.60693955685265,21.39184408645136],[75.62302546771764,21.375023480454505],[75.67009030901208,21.374579340037748],[75.72847084957107,21.388683647896272],[75.83336373232822,21.376636529380555],[75.89003032013956,21.394708846733685],[75.9106581478306,21.382574498080885],[75.96305971805768,21.38970987741119],[76.04897616899807,21.349720440012334],[76.09659931255872,21.371769485570855],[76.12974038088058,21.286704633088306],[76.15936112497539,21.255974996374817],[76.1420361546725,21.228163477418114],[76.16565907548114,21.221615891767055],[76.17639598828298,21.183995212412775],[76.17168618728809,21.166560396299246],[76.12926069367127,21.175821784339345],[76.1134803422826,21.15539395475708],[76.1424684235254,21.135152847971824],[76.13792808829118,21.119853127772462],[76.17088709958188,21.103933060754237],[76.16740076567744,21.079484396087825],[76.2603849958135,21.09058301044466],[76.28013163027842,21.070688525419904],[76.37476648882453,21.072553106727657],[76.41319441681935,21.088422422296606],[76.41069574245824,21.102436298236405],[76.45555999019275,21.108070317296878],[76.49337310603094,21.193944357220293],[76.53025674557334,21.181932408927988],[76.56726240900726,21.199394353349554],[76.62348868382388,21.185038857650756],[76.64183032638357,21.23713380179096],[76.66164256773405,21.24070726753516],[76.6628990719363,21.275964911643765],[76.62174730307333,21.332291360435203],[76.73950877201099,21.41055720161311],[76.74442806584518,21.439865272434297],[76.78401994889042,21.462373530874164],[76.79560916288371,21.489582823216768],[76.76344368277816,21.520767421929943],[76.78932647424968,21.53637853260257],[76.78141248624917,21.564720931706596],[76.79526213207896,21.593910790404003],[76.83290586501771,21.588954268934216],[76.85448658214479,21.61331502617045],[76.90161701470328,21.596843937379088],[77.07321867802484,21.719454034845725],[77.16512276620468,21.710737823922013],[77.17603374629813,21.725754714447856],[77.21042437891381,21.68964514266547],[77.22774917595981,21.699528286768906],[77.2269108646583,21.716792617980868],[77.28721698383191,21.72192179974707],[77.28854891384802,21.760152338972752],[77.40417411254116,21.752423398387315],[77.47909410317317,21.769986863302233],[77.47946723963457,21.754146721989706],[77.54322566737795,21.704277488165154],[77.5755170087098,21.620639181068704],[77.57711479358517,21.555170632218864],[77.59529227720249,21.559431451661823],[77.6114816374213,21.53882062610738],[77.57522762762656,21.526458460704678],[77.45488619448444,21.55384258107673],[77.42555741802224,21.537740366489146],[77.44218726072761,21.469910790674618],[77.47359805809356,21.454446539388414],[77.48805752134594,21.374358709617727],[77.51452376936535,21.375939625875468],[77.53171921221956,21.41914605108369],[77.56146127466941,21.39645658800322],[77.563873191711,21.369145793446126],[77.60558306278844,21.362592014395393],[77.61191803626727,21.392403131513962],[77.65398213475665,21.391168244733375],[77.66990847545402,21.368923474460864],[77.69199149026845,21.39756499684429],[77.70998854623016,21.35744715110385],[77.737107645379,21.362202347741583],[77.75073757617169,21.38311186808054],[77.79676753445705,21.38901064599182],[77.8011548550632,21.40959506363523],[77.8832740181041,21.376038326921044],[77.94118880936517,21.38577162120948],[78.1762141744975,21.499754949796863],[78.18188671267126,21.557343078615954],[78.22327897245667,21.55315725427377],[78.27385586067653,21.569254835387767],[78.26647537874814,21.59173257654499],[78.30297156932433,21.58374189126742],[78.30705045765114,21.569573430126958],[78.34274980502116,21.589055500209998],[78.36306166814778,21.57520380971452],[78.38161544695944,21.592037515477823],[78.3726373268853,21.61344506596157],[78.42711509990902,21.599337833275165],[78.42423804673567,21.544436262256035],[78.43650068567763,21.499504184621074],[78.44965456194086,21.49551822615861],[78.51164494226559,21.528690113300346],[78.57014515736651,21.514255442937813],[78.58533516755216,21.486721664369124],[78.68891015474522,21.48197081864098],[78.72846587025045,21.46229299619317],[78.75084851897138,21.492983918238163],[78.77612971784303,21.464583302927647],[78.80025692068766,21.490155181748847],[78.89083658830862,21.485262478162372],[78.89925857148661,21.500461606235152],[78.93669236387038,21.485766655013737],[78.94439272199337,21.515875187434816],[78.90679754336192,21.553259066449098],[78.93186327615625,21.561760103335402],[78.91375072106906,21.5709853689978],[78.91435210717809,21.58898616365849],[78.94393177212565,21.592146634478922],[78.97552187763756,21.617637858219975],[78.99801229496629,21.618573534072954],[79.01236897104663,21.59944618015689],[79.09395815803678,21.598112150768536],[79.1072063779197,21.605026730145863],[79.10052730954263,21.61760342462032],[79.14330039601796,21.636964054329013],[79.14831286667892,21.661174909421938],[79.22402043682604,21.64880378942845],[79.23064420273634,21.722229991020658],[79.35236806670152,21.678057370203508],[79.39248710601451,21.674119688794782],[79.42219784010301,21.691822329098166],[79.49620610025833,21.674224969900386],[79.51723102764636,21.62574716365267],[79.50371304882663,21.614593196874566],[79.51202842494189,21.583973369374643],[79.542507653744,21.568226777288228],[79.54061071279465,21.542680125238306],[79.65205337797828,21.55598472901412],[79.66093595704903,21.576895447013904],[79.73762859454911,21.603856261148312],[79.79207068555964,21.586589748044602],[79.83124911933055,21.546924809126896],[79.89124462580557,21.51818663087068],[79.91846485461772,21.524544508402702],[79.93590047791403,21.556244436811628],[79.97148278603102,21.557717651428284],[79.99680581245936,21.53361865268857],[80.03286540282346,21.556213991890193],[80.06668629853752,21.554202369060757],[80.1197089485316,21.609879014554664],[80.1546169874931,21.606471028028757],[80.19277827671372,21.63545050844827],[80.22147856110527,21.620969918597297],[80.25344717121675,21.62475449412648],[80.29806167453806,21.5758101478065],[80.3277544329934,21.5714017891683],[80.33131199734301,21.54754218397401],[80.37719491734934,21.522246583070334],[80.42215511691363,21.440539503681258],[80.39603515283257,21.40810715607519],[80.4122359804587,21.376717499504828],[80.44863171108689,21.372053862315866],[80.45755687642392,21.40268427088092],[80.52762243832456,21.39487045656084],[80.59919610840501,21.327122594206344],[80.62133788358267,21.320368728199565],[80.66242703797026,21.33462563642062],[80.68156367753265,21.313567158451924],[80.61378246066872,21.226566247900106],[80.46426127153444,21.17502764760595],[80.44471246150141,21.12196057430581],[80.45819406086056,21.1138708091166],[80.43914724698179,21.096560304105385],[80.45264425358053,21.038830777778657],[80.42418586169015,21.008863979290794],[80.44377248216182,20.994040696914137],[80.46363338462606,20.92924833412582],[80.54613009618164,20.93484604708258],[80.56181318949841,20.8243655129784],[80.55166346252648,20.76403451614164],[80.56515274600979,20.710788215101594],[80.58765153692248,20.68469974346156],[80.49845436688572,20.639422973206056],[80.49674972501725,20.60239608618624],[80.52154198696863,20.580446907833938],[80.58076740500539,20.60836446189299],[80.63186627163114,20.5983888826019],[80.61734825864086,20.58575241044848],[80.62658501194194,20.563812391995093],[80.60217419130727,20.449960607198268],[80.61364196352739,20.43498095119315],[80.59148151013295,20.393070755680757],[80.6263521064593,20.33262641578114],[80.54957593028541,20.308957888233994],[80.51881702577215,20.266166897659133],[80.47913201765279,20.27829662831471],[80.39525946613657,20.245009003661693],[80.42205125630716,20.20679901962791],[80.38853832404634,20.165198980219195],[80.40181765192884,20.147244315818355],[80.43337848083753,20.13533031539239],[80.46014674568589,20.150938195403008],[80.50559450426901,20.14443918517915],[80.5520724749412,20.117961538914848],[80.54400295547912,20.095637392992142],[80.55681165986876,20.071876717113227],[80.54960050252117,19.985971461817243],[80.52989443581009,19.93946732425481],[80.48874716895779,19.930607351122454],[80.45215558922338,19.957604015842787],[80.41125275860638,19.938493863090585],[80.41388306566395,19.907451130849967],[80.49142656835075,19.902013327907603],[80.5058245093918,19.870649757059176],[80.44072110154723,19.810333799891836],[80.40162425721275,19.81703798054587],[80.40169821632963,19.79620072389034],[80.4642583274534,19.795775050975628],[80.48902896917731,19.770410388031983],[80.48496794074221,19.802477227406523],[80.46887768027254,19.81044672062401],[80.4805812827771,19.82750578829981],[80.52020639164176,19.831718094255024],[80.54620372637936,19.818321544485762],[80.55260700537377,19.765560511032252],[80.67221626208278,19.700715940620732],[80.66533209762612,19.611879169265933],[80.71944747459399,19.61537561689307],[80.76836199772026,19.58794853529547],[80.77510887803207,19.562511916797977],[80.83477750521334,19.566743607057493],[80.85620742875925,19.523002786241843],[80.89496487541075,19.519624789724904],[80.89487902397701,19.469644303728977],[80.87536943086732,19.44598476132074],[80.79584983392697,19.432264823966765],[80.81733060236148,19.383906793601103],[80.8528526517039,19.363899946695728],[80.75913748106143,19.291027494387492],[80.71075961843476,19.281756399822257],[80.68969921079497,19.28697519023797],[80.69315362564797,19.315546377479567],[80.679896851893,19.33033204983032],[80.61254345357516,19.309518026669128],[80.57592511916266,19.40235696656963],[80.5203309408016,19.347769551474716],[80.48416919365805,19.33970670583325],[80.4484096805699,19.266631716220243],[80.38902860561906,19.237968117418234],[80.39384487509528,19.187797578444638],[80.33307893589742,19.1455238271373],[80.32966769499215,19.070106706981672],[80.29733916399307,19.049005896082306],[80.30312681174104,19.022163321197155],[80.27340850211016,18.993179392511973],[80.27025056189,18.939875894153015],[80.34926007314075,18.84779912094054],[80.35141362907943,18.81629220686842],[80.29993654083692,18.79444716562737],[80.27592046225578,18.766108764442105],[80.24769667984545,18.76419675040063],[80.27241795900106,18.723505227837407],[80.2522324985061,18.706806675528867],[80.21277170585809,18.705717739854563],[80.1965690185287,18.680795451828722],[80.15770799598768,18.700979757842955],[80.11812187011265,18.68051679265935],[80.0527969519027,18.725058817533753],[80.01854428419645,18.770382977034803],[79.96415410068816,18.773825003259034],[79.91403057006339,18.82380669569682],[79.96160503121484,18.86662660296444],[79.94037874397257,19.032013089165748],[79.92891706481718,19.0491943238933],[79.87110277654975,19.041016936907724],[79.8584295721302,19.10241622734811],[79.94566854872718,19.16893659439813],[79.92474234415678,19.22729925462077],[79.96587244023422,19.30303874174285],[79.95908049470825,19.33594022579938],[79.97961495448483,19.390325506525958],[79.94481948357821,19.469814403439635],[79.91450339921406,19.49603827146187],[79.86458394968639,19.510513651078874],[79.81446382741706,19.57569846918625],[79.74308000888271,19.608626251421637],[79.70899970440138,19.584478292085645],[79.62791950263261,19.57317082239206],[79.59615396936678,19.50727732242485],[79.55293237396707,19.524168599132214],[79.53992721349299,19.554661262453198],[79.51861081963321,19.543109248970353],[79.51858859767984,19.520182827188407],[79.471424890333,19.500191724764733],[79.43333414714262,19.537256597209726],[79.40531870324685,19.535667473761265],[79.36573002849127,19.576331394783814],[79.31844411531206,19.576723379183047],[79.31393055191386,19.566420805980865],[79.30684049358665,19.596556016634594],[79.24355707047559,19.616688943740748],[79.25312426274441,19.59328715879703],[79.24002308982766,19.535240211256276],[79.20385114222663,19.494083474039527],[79.22358933629334,19.469074903776846],[79.19031193258444,19.45898473628043],[79.09803451388636,19.532026770563665],[79.04601146037496,19.548325712828902],[78.99803139159448,19.54008433923624],[78.98125194182883,19.560839381248858],[78.97422311491563,19.549383227920547],[78.94044360064088,19.551868301413013],[78.97283491656712,19.582387659125235],[78.95562022051573,19.600171196595035],[78.95555844309365,19.655791000857008],[78.90353571532505,19.67000907672625],[78.88672681448001,19.655071367772862],[78.85192030391192,19.65836082066273],[78.85992308609563,19.68949128111417],[78.84096345363591,19.76189008500267],[78.80216094023291,19.756533796915516],[78.78236598459874,19.77840969923134],[78.74005701694222,19.78313315217339],[78.71916067553227,19.76664824531213],[78.69256254342301,19.791026671887046],[78.55200650745974,19.824084590915472],[78.51501832446353,19.81893338497035],[78.49023814945386,19.792684456333323],[78.47245903863504,19.817338268708273],[78.422951936927,19.817626700970784],[78.38645831182139,19.845359360758927],[78.38067127785762,19.88043619704352],[78.33208817113957,19.884900375288268],[78.33177892679342,19.91337383623956],[78.30702790900732,19.91429755898284],[78.28607513413802,19.84793714252418],[78.33641446993397,19.8379232418834],[78.33402456070729,19.8145917208565],[78.35744171828566,19.80543413041168],[78.36467465027448,19.781231544851977],[78.34313414577775,19.71325002014647],[78.31182129492713,19.691050463532378],[78.27618587502464,19.692415346199965],[78.262649047738,19.66506424239773],[78.29046249488108,19.646001012025458],[78.3055669121005,19.60706653748166],[78.3036889129454,19.569320561416816],[78.27431076480092,19.553974587329638],[78.29322965891416,19.54223359026061],[78.30434095742429,19.45613704887655],[78.27043943460363,19.456155143858393],[78.19506524461526,19.40675371697493],[78.17619001952588,19.412262465767167],[78.18767298801099,19.39459295034051],[78.17214822758821,19.34929886510245],[78.19373885314411,19.31488612571829],[78.17532099617266,19.237578550117956],[78.14454691125309,19.229400732031834],[78.11703804364804,19.248637272514692],[78.0891496252096,19.23936818921789],[78.07909687597353,19.25483432845505],[78.05567524907696,19.23712171172232],[78.04161357724128,19.243428142210476],[78.04250627410606,19.270603767116118],[78.01481972723178,19.279037389832016],[78.01349690590827,19.294717657288444],[77.9451218980345,19.34245296943762],[77.91154588637106,19.316257022975517],[77.86345878365593,19.304196348209818],[77.86557552014644,19.283821549787614],[77.90756357478179,19.268228379074994],[77.90284701255987,19.256462768000222],[77.87140505514245,19.25502036914571],[77.84772102291915,19.18959495367921],[77.86049421300599,19.180354254607654],[77.83406293140412,19.134308249717343],[77.85039502620205,19.088556895098197],[77.83127001458027,19.086080578313698],[77.81094969216771,19.10516665893745],[77.80034943311612,19.051121571717864],[77.76481199057818,19.062655286412557],[77.77149715594321,18.97915906637062],[77.82175777593501,18.97850776703637],[77.81924931764321,18.94585994068967],[77.858591644031,18.94911097679295],[77.84325423222454,18.908693375431536],[77.8853844487807,18.904200157939208],[77.90323203949458,18.866625519477925],[77.93006076600457,18.85872633502463],[77.94853606345063,18.829836471664972],[77.83995480264771,18.804821511934616],[77.78728825198249,18.682639975552995],[77.76815202528995,18.705859357750327],[77.75350376565859,18.70099198210321],[77.72997424724697,18.666936908438934],[77.75034273783642,18.589215471542],[77.73849960730972,18.556788709354507],[77.70156143248514,18.555171130569207],[77.6558604002904,18.530898951329995],[77.64791314787225,18.554931356048968],[77.63400010917785,18.543917766864688],[77.5963694221154,18.548941380658047],[77.60028147355781,18.522296548033342],[77.58590690075313,18.503996131884882],[77.60470685344573,18.496366809279216],[77.6031260550623,18.47684752440811],[77.57636930143421,18.486784646738187],[77.57286101931965,18.469814926196527],[77.548563405339,18.46858131114255],[77.58529734099561,18.44679230495409],[77.52751602175817,18.442111241059926],[77.52816662079788,18.428913050364166],[77.5567560639847,18.41714334005582],[77.5223411842831,18.346467110141926],[77.55802364735845,18.331416413564373],[77.57139614369704,18.308829145420358],[77.55126227286877,18.29169318000756],[77.51253648050464,18.309558280452425],[77.51155752423212,18.28204933922022],[77.46503748299047,18.26253602791791],[77.44757803889297,18.269995222066907],[77.43766476208843,18.310313822144423],[77.36578968361962,18.307124762755553],[77.35672435923047,18.320202073807756],[77.40014855979064,18.34744644313003],[77.39486983063091,18.36845465803098],[77.41409431002194,18.393107539601175],[77.37283283513611,18.401102708659458],[77.36563593089423,18.451564090412756],[77.33411444219826,18.422076196906747],[77.31616409866355,18.42213575040703],[77.31496517012614,18.44275161132464],[77.24176795733487,18.41260713126933],[77.23368514549382,18.388200596137587],[77.24639102861374,18.370765612726004],[77.22583090869831,18.36521996582763],[77.2190671884373,18.325730498048333],[77.19871246634943,18.315452184072925],[77.2130133264022,18.28032030383044],[77.17481189253554,18.284861788746312],[77.14863254444758,18.239045631087713],[77.15152194723417,18.217044882642856],[77.09759872993148,18.196723570260954],[77.11154309459542,18.155833479968813],[77.06395800255261,18.150652083527696],[77.03317774404091,18.181992785130674],[77.02330396366986,18.158509523074965],[77.00111405570085,18.160899453728987],[76.99060911452784,18.18998779363818],[76.95193446854316,18.188099338804715],[76.92049956199077,18.11818282374469],[76.96634972639994,18.09820117601597],[76.94521382755839,18.083200776895346],[76.95230517436434,18.040219260800427],[76.91431527847463,18.035361158029485],[76.90564382134653,18.00970960028447],[76.91898117335784,17.91595377656524],[76.90126471671692,17.917242290709847],[76.88426795423932,17.894292897130214],[76.83972490898584,17.899374231122476],[76.83120164714775,17.88561569172178],[76.8102157120517,17.887041353564154],[76.80666940428074,17.870575240486147],[76.77504962289564,17.877712932536323],[76.76816082558383,17.90115213435694],[76.73997194119018,17.89970115909676],[76.73848209813484,17.856681603876176],[76.76749953162874,17.852127361942674],[76.79039367437097,17.826334109854898],[76.76203848097681,17.787017029033162],[76.714091360082,17.78094002430609],[76.72827082433025,17.73756074332356],[76.69964593420387,17.72724909881987],[76.69083990552251,17.681004800040395],[76.66418880486349,17.687560216834026],[76.61533111890355,17.770396479827014],[76.58219995036362,17.705270301112517],[76.57029543869787,17.70540567912835],[76.57270774264545,17.760539543749804],[76.52327570557321,17.75979729460508],[76.52390216299928,17.715152067354907],[76.48722764489011,17.714763621386183],[76.48974872422627,17.660499210271155],[76.4291913507653,17.644953396063343],[76.41968493161421,17.603710071625727],[76.33128653621506,17.597418570088163],[76.34069251565009,17.542474571834937],[76.36274038135039,17.537372596252645],[76.36721912621356,17.51945291228454],[76.34657184981877,17.51257942023916],[76.3457645765577,17.4925298396984],[76.37551612686414,17.490219880131825],[76.33068729928183,17.470193578765056],[76.33326247131217,17.433901018518153],[76.37151040095765,17.43642362392162],[76.3634265446506,17.37766806477277],[76.4091205415936,17.371387755746994],[76.41218865804058,17.351067743812305],[76.39660776803673,17.347103938078234],[76.38315992367305,17.31452571753404],[76.35401167796326,17.314316458583008],[76.34529924235329,17.354448123110647],[76.31434413241065,17.34838984758995],[76.31766342717262,17.33237566365658],[76.27636043556949,17.33457417625489],[76.27200913616971,17.360591867658684],[76.25072752541041,17.360432779796504],[76.24279291745493,17.378824519407516],[76.17031474878421,17.352624210748687],[76.17631499092651,17.300787458550744],[76.16507938744442,17.30333496415207],[76.16261784682771,17.34522010011129],[76.11895334555386,17.370504290681602],[76.07913002648559,17.331602428491006],[76.06053521607383,17.355307741753613],[76.01433236419842,17.353533284059942],[75.93081941756228,17.322572751569016],[75.89058185686459,17.356522299066526],[75.88418844284888,17.417959582228168],[75.8608781353184,17.38559497529853],[75.85108406334663,17.410525269486293],[75.82144066005165,17.421222633438166],[75.81366013568535,17.372759995523005],[75.79294053266608,17.36969740531548],[75.76586758225294,17.405304180129427],[75.73359475575027,17.420093012299514],[75.6907294189067,17.409473579495938],[75.67587588916683,17.45594314893272],[75.63297968032826,17.4772144248216],[75.60660106888822,17.420372382159776],[75.6135163078392,17.39191513848545],[75.57414260690426,17.383299150969513],[75.58084537066247,17.351223008418827],[75.61002516829052,17.345040313338878],[75.60373432591538,17.30550335537936],[75.62784893563398,17.274339592483397],[75.65771605219102,17.263207729583755],[75.66191164739169,17.214577575107455],[75.62537655371713,17.17400031904868],[75.6503469434203,17.11569233525124],[75.67228865061014,17.115995838830553],[75.67671537207127,17.06541586599799],[75.65030724980335,17.05725501192639],[75.64099845053468,17.03758144737538],[75.66969398973228,17.0381602788134],[75.67032095799708,16.962051968960022],[75.64475709330517,16.95407880124647],[75.63393196771591,16.97025916245381],[75.60786302980082,16.970997075937415],[75.60688752270026,17.004565815339745],[75.57309716202593,17.009606460159528],[75.56765208586155,16.96574587286566],[75.52931415993646,16.96939982867423],[75.48907765897383,16.94442272265224],[75.48323647609578,16.975994583780135],[75.46555223206789,16.988365009899145],[75.42787797625371,16.96649455259113],[75.39213506510168,16.980090668294075],[75.35005086461487,16.95781647280973],[75.27960265609993,16.95655635850172],[75.28202992495272,16.880290476488586],[75.26471971792044,16.8627998148645],[75.23766094201224,16.86794085127427],[75.21420223843339,16.84169921605015],[75.1818474893659,16.843402317326827],[75.18898739984249,16.8752802572403],[75.13648321186113,16.874487897526414],[75.11748241444224,16.913444669113133],[75.09630858521491,16.913743264813043],[75.08933369997567,16.95158216015709],[75.02523483967842,16.928002337213897],[75.02658570255244,16.944136297799865],[74.99290892777563,16.95207042980981],[74.96435506351163,16.947633234110235],[74.9645443823122,16.926776346975142],[74.93170715757086,16.944755208924303],[74.92177566053029,16.929861659846974],[74.9635785539934,16.90971132708326],[74.96036076715126,16.88094723355615],[74.90151566246004,16.862550215846515],[74.92014360852947,16.772499202137926],[74.86935895820827,16.77406589949593],[74.86568192598044,16.76336026965903],[74.849820434773,16.772755603123642],[74.79574934227173,16.747746935450483],[74.7719695844538,16.75068225527429],[74.73209174467391,16.718324017032614],[74.69101948805587,16.71554155029834],[74.68955034601989,16.67702566116829],[74.66516393386703,16.665671518708937],[74.65347815143228,16.638829451110514],[74.68698181900493,16.606788010145564],[74.64001367508473,16.6104538037867],[74.62863325300572,16.577731931475668],[74.61879852383734,16.584071984661428],[74.56853673854863,16.553868713548283],[74.55484612547035,16.564511924919486],[74.56689424753424,16.585388588968442],[74.54349270234276,16.595318582946458],[74.54448899559362,16.635468675328347],[74.48903382785032,16.63014483538907],[74.46874253100685,16.66380297978508],[74.45478238469134,16.64729547929441],[74.46671146006058,16.606822362718358],[74.39662592659639,16.5832675181963],[74.37983255979674,16.528592265020173],[74.35792549078357,16.538342024108648],[74.35624656084485,16.559747326683677],[74.33969050338584,16.54775741388442],[74.3157134070923,16.554454677652792],[74.30614265031743,16.503692898630675],[74.30137135169836,16.529269534050204],[74.28313833078738,16.52458927946429],[74.27712575855851,16.54524893735995],[74.26444253759642,16.54044410437937],[74.27821623293002,16.504914507669156],[74.24737277532068,16.49691320076149],[74.26077014758341,16.480096595599317],[74.2908950072999,16.50490207551121],[74.28927516797073,16.462970503776905],[74.33259155862481,16.45475876028238],[74.3350543440837,16.40140737901087],[74.3636943097465,16.405091321274163],[74.35340990742404,16.3664187430389],[74.33586937991612,16.393741568135717],[74.31719263492727,16.381003744521188],[74.32703463266898,16.342509469014512],[74.31660662995539,16.32656154663605],[74.34254818772196,16.29802733814872],[74.32082574272003,16.28447545276132],[74.32493375931116,16.27175626083296],[74.35046026515984,16.27536673536262],[74.34559691558019,16.29376251286125],[74.37354158211875,16.296489514384106],[74.3860640514801,16.277297657067056],[74.41439483521533,16.282651091262036],[74.4176107229779,16.258000652659312],[74.46862055008148,16.24018543093198],[74.480479513464,16.250125657448855],[74.50799522405352,16.202258306865122],[74.47983240336742,16.147125071397383],[74.48430490080344,16.091468248661556],[74.42761928501935,16.11196505135327],[74.37221852401208,16.078210304215965],[74.36132818925478,16.053835894535492],[74.37733522557487,16.05512048681791],[74.37340109820155,16.03644348376959],[74.42969441247607,16.059151456102136],[74.4632229563745,16.039191737704233],[74.4308304243295,15.956582434031231],[74.38686531560687,15.904981268307475],[74.40617067997027,15.855376466346558],[74.38814029486285,15.854252569996547],[74.36861485484376,15.894359620910596],[74.3382090127758,15.854918742469447],[74.38308536430995,15.849104937044222],[74.36062489508063,15.817779502834641],[74.37197385422101,15.798242070006879],[74.35842878328415,15.774833814895567],[74.34568444799396,15.764555064009196],[74.32306971934428,15.772676594395056],[74.28728523350492,15.741977392050014],[74.26831881883555,15.754736722542413],[74.24230946179719,15.74319958639532],[74.227630533864,15.756580784401343],[74.23350130669498,15.786994514440348],[74.20896721590368,15.781269107499854],[74.2014333710755,15.758620707337462],[74.16155659535116,15.75129445990235],[74.12216561793005,15.720731146230806],[74.12577089556714,15.680967173867034],[74.08809647005297,15.672472900874315],[74.11388550584547,15.646127430377081],[74.03115607815306,15.622611329130711],[74.02079718889013,15.606085184480476],[73.96785779931074,15.630577227323784],[73.96376046616317,15.692321784714242],[73.94369516825448,15.696936473276622],[73.95233054886582,15.714401946582196],[73.93872529327608,15.743332259806515],[73.87569505273379,15.75128305155303],[73.8800888365834,15.774320947726364],[73.8633959025038,15.798789814880012],[73.82095490540912,15.739855167711045],[73.78497403973562,15.726125249592661],[73.74283615900367,15.736574932107622],[73.67687902957394,15.725892327920313],[73.64986204595287,15.74489996311817],[73.65761437496197,15.747065318353535],[73.66435422291049,15.7531018545564],[73.65625801808358,15.795760403333658],[73.58872356977436,15.908031067675687],[73.51010881932145,15.940459787440618],[73.48436094422638,16.033712545697377],[73.46721627014037,16.053727765839454],[73.45642784982932,16.052679264808646],[73.4649036310074,16.066976800412128],[73.46474999127965,16.076162078834457],[73.45816691340478,16.08603496044719],[73.46492054987692,16.086936990157263],[73.43964352884817,16.191333496402645],[73.38668038271028,16.358423621570882],[73.36892009237548,16.362925641869644],[73.35866967020661,16.44166044876649],[73.31694639788503,16.51418431284971],[73.31087063590198,16.54143945757569],[73.34525135626056,16.572583951362272],[73.31742066184128,16.601666994334153],[73.35345357460179,16.607757378727833],[73.35519457553598,16.618950630522832],[73.33045054967066,16.619858851870656],[73.3391063170518,16.637805438346717],[73.32301832281524,16.638616683028282],[73.32971591035307,16.6873948912812],[73.30538960092478,16.73027712945606],[73.30444198882238,16.765871818607057],[73.3191381124357,16.79533838908852],[73.28913856723291,16.844292136123396],[73.28743007909401,16.880895917836035],[73.30300254990068,16.89141053276748],[73.27857608472885,16.8930367166919],[73.29971793557071,16.98188401449685],[73.27928005690099,16.993400051272285],[73.27123598944306,16.985092183739017],[73.28405330033584,17.011096228193598],[73.25536795360067,17.027712700900143],[73.25821254838993,17.04877497806443],[73.27914133901747,17.03755982658723],[73.28905186477024,17.074409693645645],[73.25344647300595,17.18830807422879],[73.23162620474139,17.1991438019718],[73.24663998538526,17.204306932641117],[73.2446905268116,17.22238972938077],[73.19063850518101,17.299308883164127],[73.22265123036745,17.306325116725855],[73.22924747933396,17.28247770391596],[73.25877070709026,17.286030133730726],[73.23555637841618,17.288107997426707],[73.23876281028758,17.317041471435733],[73.21890237105447,17.328550153094632],[73.21989955984574,17.333104935363018],[73.22925690977303,17.333981999598862],[73.22944738200155,17.33516118274077],[73.2055811315619,17.387330290486656],[73.18333128689221,17.384076696210354],[73.167294935041,17.40438302845847],[73.1986512903594,17.43908560312878],[73.18452756789692,17.443138181227813],[73.19218043706515,17.46995737362185],[73.17392559260318,17.516907269266838],[73.13710165945221,17.55589098155306],[73.1526472450597,17.59937446127941],[73.11362784584259,17.689813450328103],[73.13483487587852,17.70745266555723],[73.13309584113077,17.72441721869885],[73.12122005875085,17.76669883871307],[73.11081033122277,17.790186905972057],[73.10659325052427,17.793018650587292],[73.10314949717959,17.80298206006035],[73.0985845159039,17.80821928301095],[73.08935798019385,17.812340519317527],[73.07500240440204,17.882525679766736],[73.03080605150369,17.942814537427576],[73.04026450721025,17.978437789701903],[73.00512928575071,18.019665514236497],[73.02129499460831,18.02745331667767],[72.99037561694252,18.05576622907854],[72.99683319829992,18.08421386162629],[72.97102844421221,18.13288962211017],[72.98865887015437,18.157899983381114],[72.98093260752985,18.196286015341794],[72.95639543553692,18.219636398507564],[72.93177840615748,18.220420315997725],[72.93804808099465,18.283722080418855],[72.97302078567964,18.266164202453602],[72.98648136649905,18.282278812441746],[72.9538670857371,18.334963673121575],[72.91522363803651,18.355137670460856],[72.92594592995572,18.38343851533041],[72.90703551862693,18.402989270147227],[72.8937324531413,18.471791210955264],[72.91109224507717,18.502559148187295],[72.90531621009403,18.538555978558136],[72.92115796570937,18.550552897138353],[72.87813915040368,18.63081433418234],[72.8600555770204,18.633512825636256],[72.85105234872151,18.698832381571762],[72.86580722033204,18.807621140612955],[72.91448933548304,18.800324646299387],[72.9451516278966,18.826382469902896],[72.95713253487406,18.79923021823563],[72.99594317606906,18.77301780962052],[72.97827223920957,18.80759590914986],[72.99929189499866,18.809200509826862],[72.97508759728966,18.839501449561105],[72.9953865856626,18.87151067145339],[72.9609940855838,18.841038618424026],[72.91834791053792,18.855407596427508],[72.90407301254946,18.90443519439745],[72.93706077814345,18.9093319637613],[72.9408106000988,18.94448968247512],[72.95917130454015,18.957162262763273],[72.94710896584735,18.986850246921357],[72.88530043125049,18.981478205341574],[72.87824291965957,19.021936442878424],[72.85432057803304,18.997203427255265],[72.84337231332805,18.930294657743236],[72.81195123052392,18.895127663811923],[72.80356021647849,18.898814623173063],[72.82559494579486,18.919446160830514],[72.82360580795805,18.94124944406838],[72.81217937798534,18.955271001735895],[72.79331517999559,18.939408251297102],[72.79249653705706,18.949906451397396],[72.81376049511333,18.982955721053315],[72.817461126299,19.025563783158216],[72.83260246186023,19.023681010108564],[72.83863137739894,19.046523181207114],[72.81701339796933,19.04147410080414],[72.83322334260298,19.084831055981983],[72.81163060822348,19.14523104883756],[72.7860730224757,19.133520795628133],[72.79548422100291,19.194667729892274],[72.7814100533208,19.19543057505257],[72.77865496899992,19.278924847752222],[72.78692804746306,19.307684235931305],[72.81571948815028,19.314477255228258],[72.82995145097347,19.334621363734225],[72.800190670347,19.32384711666505],[72.74469336591457,19.37803633278272],[72.75992691706469,19.392709666807363],[72.74954767814275,19.489269328780008],[72.71973195273338,19.500766466290443],[72.71109041686508,19.540783503494897],[72.70890928815635,19.59876418572019],[72.72534332214332,19.609571404797787],[72.69913400971237,19.661478808710754],[72.70814365730068,19.703810729679756],[72.69707436667491,19.719244716742292],[72.6755236200381,19.71571327142298],[72.68284783872113,19.793488519629754],[72.67131674623032,19.813643073544462],[72.66768322881622,19.80132425730228],[72.65398062751346,19.810937677585603],[72.64199056980553,19.84398236432703],[72.64805583425918,19.870054681945483],[72.6802716776335,19.864896242227612],[72.67880257181433,19.920742148138093],[72.66421602373936,19.93348883916184],[72.72197582684618,19.970623773489375],[72.70788379712803,20.070025490456946],[72.74658519423882,20.116141611977685],[72.73767114197962,20.13433578991207],[72.79411363328744,20.123340564396425],[72.78862388746388,20.149323770945976],[72.82446987721094,20.14202171454488],[72.81603607031721,20.184444407951208],[72.83695244839873,20.188456902559356],[72.83903163350288,20.20912654263538],[72.86118475058248,20.20761056365299],[72.85873660058643,20.224742458572475],[72.96198416094703,20.210046446542794],[72.96193714711863,20.18346001780491],[72.97687886395775,20.178649989353975],[72.96358397303402,20.126037208087986],[72.9773554719916,20.11278003069388],[72.99750427307872,20.142762568946488],[73.01093644516637,20.134601757572153],[73.0007380205226,20.112303459228315],[73.04020389126485,20.066433151236545],[73.05062324136628,20.063743640171673],[73.06369288800677,20.099586652864698],[73.10226259021304,20.091236962168356],[73.10606108972146,20.074165107317256],[73.11198308521166,20.071174838128563],[73.13638508566457,20.08636710080325],[73.17822188300524,20.047018149362522],[73.19092213539386,20.049592527130134],[73.18852901253595,20.07810315484988],[73.20970279175006,20.085329423218646],[73.21792669707382,20.136645682442193],[73.22704208612154,20.12296441858539],[73.25335667774209,20.12566153622272],[73.27922546657803,20.150144173092784],[73.28305019555343,20.19805228547443],[73.29802749068081,20.208590580338036],[73.34383558490187,20.19938286029562],[73.35649961142798,20.21300288282868],[73.36475366805148,20.195584808063813],[73.3824971494902,20.21172992928338],[73.38867233614351,20.19277328517385],[73.41651483588069,20.198286005431807],[73.41284560687872,20.270946210126127],[73.42770046481428,20.28011963942327],[73.41846744471947,20.330516441017398],[73.4060489641318,20.38470239233011],[73.38419249589278,20.372036668715225],[73.3797679802838,20.39350323547636],[73.41957410564846,20.41306659524629],[73.46986591270606,20.520307169358738],[73.4936242443206,20.538068466618352],[73.47529831374365,20.543328186663192],[73.4731530962597,20.5846352871504],[73.42957612725218,20.59520486092471],[73.42112018772436,20.6258682814971],[73.39255972305003,20.645104041249205],[73.44429722839577,20.681102957699174],[73.44918133873774,20.71718092936942],[73.47464810384226,20.72038787380408],[73.48923489356962,20.655733594998356],[73.52048953037583,20.678847937188323],[73.55079944895392,20.648559477393526],[73.59951497861061,20.63690312695416],[73.65268255862885,20.564872467460773],[73.69537703201217,20.578372712410527],[73.74456137904562,20.56491838082022],[73.77539284381311,20.60022410697926],[73.83839439358911,20.62046312320324],[73.83909090244181,20.65877452289572],[73.81185203884922,20.692033435693165],[73.83543826900976,20.70210240351088],[73.85517076160812,20.69225128205777],[73.87442112294735,20.729533515709374],[73.91732663049004,20.724849177487926],[73.94266122069703,20.742083694145567],[73.93186149207033,20.760622976077002],[73.9403324629121,20.83945400099919],[73.92372418784117,20.851377786976553],[73.91753820300737,20.907781242237938],[73.88819919241959,20.933591288307593],[73.89231190124023,20.95571067280732],[73.90797625087417,20.959736546809015],[73.90129759322264,20.982304573540315],[73.869022561717,20.985264769666983],[73.83422183671134,21.024720736716045],[73.80012721797112,21.0387633218739],[73.80774103758782,21.08489308922785],[73.76021185520841,21.069400648798236],[73.7299321311178,21.082434000441925],[73.74375858227046,21.11517920278778],[73.72967501682521,21.099870383869202],[73.70314521992236,21.11864886956309],[73.68894883440211,21.100794232256252],[73.65189993165713,21.107596514774478],[73.64638204216887,21.121249178610928],[73.61846190664004,21.11845530286255],[73.61763322181132,21.142697032496784],[73.59879012023082,21.15663163072249],[73.5785195787363,21.150481251042105],[73.57742059352134,21.170753093982412],[73.60645164216496,21.178756293478013],[73.60779225600135,21.158981028131976],[73.6346398144035,21.14088135628707],[73.6674920724188,21.15463164884147],[73.71897392350708,21.139757477249066],[73.7332096928487,21.14235449833524],[73.740086881983,21.1711165859985],[73.77230552407606,21.164636920265934],[73.78470072244893,21.183985727524743],[73.81576154634563,21.173960261782526],[73.8228734657824,21.27085832083192],[73.8796131191102,21.265957020996233],[73.94217173560298,21.299270528201347],[73.93893230393387,21.40501978937562],[73.95947419315237,21.395427938203568],[74.00261829267328,21.421413456615888],[74.04462436071434,21.419193911486673],[74.06293158039512,21.474549422392197],[74.10071375354534,21.44763123246996],[74.12517870359528,21.46665288033792],[74.13584419803668,21.456119925164447],[74.16122114978063,21.46889539102466],[74.19782423307092,21.458748542787244],[74.21415740272433,21.48168204004338],[74.25356113576159,21.467741786122712],[74.32078812886307,21.498496916183274],[74.33116030251358,21.552424613594397],[74.3032389245715,21.55223269653103],[74.29552639041675,21.569073834897686],[74.26333080824126,21.539898866737584],[74.23621739729592,21.539703098766555],[74.22900773528005,21.554462593588205],[74.19584492691183,21.53206256000322],[74.1758645504776,21.56899839303803],[74.13696351785167,21.54686344109458],[74.00583847896705,21.552755804011383],[73.99741860936157,21.53901129941756],[73.97418615520503,21.543276273707775],[73.98227009437409,21.522598038263776],[73.95507552824611,21.54083020169747],[73.95175415886646,21.512694012805678],[73.90422763033607,21.524509230974218],[73.85355659015525,21.49746588956799],[73.81413059989286,21.60109319637212],[73.7805149338587,21.628592071775756],[73.8880148603441,21.653246096192017],[73.89181647046085,21.69214843745489],[73.82486471487603,21.759555345090025],[73.83816065448708,21.788747840868986],[73.82743001696697,21.80990986255913],[73.79595148799592,21.82472740957107],[73.81944419209829,21.84137225838886],[73.87310762821542,21.842071940920395],[74.12822356086986,21.949778304525005],[74.15743292678519,21.950822096798284],[74.19308029175022,21.925971128404584],[74.28117565885282,21.933112149423156],[74.30089492446503,21.967128767412415],[74.35070190437386,21.978120899886704],[74.38832695166248,22.02075095813739],[74.44368581229547,22.02240769693514]],[[77.26758533909899,18.4581105060841],[77.28898087566863,18.455332407238174],[77.29994739572017,18.47417744508329],[77.27503035432736,18.47772646632401],[77.26758533909899,18.4581105060841]],[[74.2847861437602,15.830774958673969],[74.2616613379067,15.829591049307325],[74.26647480081083,15.797795486795534],[74.30233999671152,15.787459800065465],[74.31290609052684,15.798200934453874],[74.2847861437602,15.830774958673969]]]]}},{"type":"Feature","properties":{"OBJECTID":35,"STATE":"PUDUCHERRY","Shape_Leng":571766.004712,"Shape_Area":497502442.259},"geometry":{"type":"MultiPolygon","coordinates":[[[[79.80619393407879,10.879725266581225],[79.8107300367231,10.88015773413425],[79.80950716633804,10.877397387199938],[79.80619393407879,10.879725266581225]]],[[[79.73944130620941,10.920484459448412],[79.73851655098414,10.919975392578724],[79.73889698759304,10.921460366379105],[79.73944130620941,10.920484459448412]]],[[[79.72235943295254,10.937789667041336],[79.72260848324204,10.934773151554506],[79.72073168634272,10.935678615047891],[79.72235943295254,10.937789667041336]]],[[[79.74685587991682,10.992007994406428],[79.74795185344307,10.990423746391746],[79.74678737208637,10.990369214403811],[79.74685587991682,10.992007994406428]]],[[[79.83669664372364,11.00313747871238],[79.8538164468593,10.983221369667339],[79.84904356542276,10.827989682683242],[79.830949678265,10.82782586094341],[79.8278766048988,10.850130814225139],[79.8083414109266,10.855242671926877],[79.8250231572014,10.865046569370021],[79.81115805236138,10.881225256180658],[79.8290485192614,10.883223424394037],[79.78409306130182,10.888795264945198],[79.79014773101414,10.908646079152811],[79.75612166758901,10.89043357082574],[79.75603059021398,10.894960326221419],[79.76406703429642,10.899965846939438],[79.75730596143788,10.896396669820696],[79.75739016809504,10.908205218425659],[79.7633255774051,10.913920152638621],[79.72436673537695,10.92913208065785],[79.7368714937367,10.95702676210898],[79.72981839666328,10.950522031765502],[79.71994401806003,10.95163414124007],[79.71948316830387,10.95544826869859],[79.72023556876597,10.967978848945123],[79.72408672232604,10.969812418694978],[79.76432321005896,10.959701788980054],[79.7473084543951,11.002607152157152],[79.78717086283145,10.997281241684817],[79.79746004925309,10.982053307686183],[79.81418612008106,11.00284821493541],[79.83669664372364,11.00313747871238]],[[79.72163421279143,10.955643645925688],[79.7202703897517,10.954279383264435],[79.72158923688,10.954010184004355],[79.72163421279143,10.955643645925688]],[[79.76450396533066,10.9118452149267],[79.7626240839488,10.901685603616814],[79.76601929792973,10.901015487936982],[79.76450396533066,10.9118452149267]],[[79.76920110988337,10.903743458192006],[79.76958454680974,10.90387677098934],[79.7692743644367,10.903917863895058],[79.76920110988337,10.903743458192006]],[[79.77061283034902,10.902798316240288],[79.77013934298164,10.902285021656828],[79.77071461912753,10.902228343825012],[79.77061283034902,10.902798316240288]],[[79.77027896501423,10.900657345673643],[79.76635680127818,10.900579478266966],[79.7670616932958,10.89858622401299],[79.77027896501423,10.900657345673643]],[[79.77179799525958,10.900067425315436],[79.7712211365501,10.900840631234075],[79.77165020113404,10.900061144306937],[79.77179799525958,10.900067425315436]],[[79.77162831838254,10.89922176988655],[79.7712925921929,10.898935566357581],[79.77180304798658,10.898938335932982],[79.77162831838254,10.89922176988655]],[[79.76139621043768,10.904779803011827],[79.7618054919107,10.905020296163807],[79.76153445415777,10.90504956283915],[79.76139621043768,10.904779803011827]],[[79.7585749000065,10.90011061703804],[79.75865865540513,10.900983987024143],[79.75838860514953,10.900081314798218],[79.7585749000065,10.90011061703804]],[[79.75876556175888,10.900565609294327],[79.75906706127306,10.900403495054018],[79.75906527400797,10.900594338740277],[79.75876556175888,10.900565609294327]],[[79.75730019524836,10.89573128667183],[79.75741379428776,10.89541700941259],[79.75744530044358,10.895750496975166],[79.75730019524836,10.89573128667183]]],[[[75.53826154612571,11.70960829851608],[75.5361801642799,11.693606205116389],[75.52886264674527,11.702275025707618],[75.53826154612571,11.70960829851608]]],[[[79.6748343494832,11.804060506828904],[79.69043157357909,11.806132584789848],[79.6796234055768,11.796933688219207],[79.6748343494832,11.804060506828904]]],[[[79.69338499970263,11.813716000216022],[79.70142403397494,11.823358442877112],[79.70422250430158,11.813135487045177],[79.69338499970263,11.813716000216022]]],[[[75.53830947727855,11.762717125578613],[75.55534065860174,11.721468829673126],[75.53100342533598,11.70826301200524],[75.5265559001177,11.726059404942651],[75.54145967444909,11.73888891236074],[75.53830947727855,11.762717125578613]]],[[[79.7288709997494,11.83666499982661],[79.77305329408529,11.822366183721863],[79.79787800040961,11.824886000180554],[79.79863052179378,11.839376109679996],[79.80709833522326,11.83392921491599],[79.79584100013801,11.785522000251314],[79.76638610458514,11.79236409920263],[79.75092100035091,11.775610000187479],[79.71305436002662,11.790679713629451],[79.73565800021464,11.808848000369231],[79.7288709997494,11.83666499982661]]],[[[79.64849065963772,11.84457567363084],[79.66132999956109,11.839541999983842],[79.67046699973231,11.814910999794568],[79.64061533413319,11.823642391284755],[79.64849065963772,11.84457567363084]]],[[[79.69722499977503,11.874058999709671],[79.69893199967255,11.861364999961971],[79.69605300013467,11.860395999945103],[79.69722499977503,11.874058999709671]]],[[[79.79417499989566,11.88458899977279],[79.79328399956965,11.884134999576972],[79.79325699991449,11.884625000319232],[79.79417499989566,11.88458899977279]]],[[[79.62256550639671,11.891480233393207],[79.66222762833908,11.867065863600343],[79.6576284699021,11.85286887500868],[79.62650576316678,11.85492785951822],[79.62861030099654,11.870503252817612],[79.6018149778219,11.858406392914146],[79.59968193406192,11.88353477214258],[79.60853528293732,11.876626412647092],[79.62256550639671,11.891480233393207]]],[[[79.68638100008685,11.972581999826566],[79.677080357456,11.94793009497719],[79.65430517192561,11.953287888191856],[79.66261288746661,11.969198441441375],[79.68638100008685,11.972581999826566]]],[[[79.74913392344493,12.006570663151022],[79.75989893441233,11.989437853706658],[79.7230751171901,11.975092712435409],[79.74425700007814,11.964489000418643],[79.75002531668159,11.919807713473357],[79.78611699965612,11.960454000365639],[79.80548899958706,11.95340800034113],[79.81503900032763,11.97948500024491],[79.84077712809645,11.956328146409955],[79.80804947986024,11.837512804503625],[79.80126199994933,11.85503700031114],[79.76674399992136,11.840439999806827],[79.76861832563735,11.87604188144857],[79.74286691772056,11.848585618106883],[79.74009599974076,11.864944999650971],[79.71883329457381,11.852738445034035],[79.70944600001171,11.889413000224327],[79.67477517283295,11.88130424269552],[79.67453827191855,11.891955518801453],[79.69603599973017,11.894792000091764],[79.69631999980648,11.91898900030944],[79.71874099976374,11.919081000441798],[79.7076669999934,11.913674999591082],[79.71129217930965,11.890818397058283],[79.74067629225914,11.905609756713238],[79.71745576678468,11.928578936097233],[79.72139074109754,11.945382976060502],[79.70706869171471,11.94710510870972],[79.7117869997983,11.931723999865511],[79.69117923583849,11.951658469717898],[79.71514400000363,11.967238999872057],[79.71283400019402,11.986282000083893],[79.74913392344493,12.006570663151022]],[[79.77553007658572,11.904763838261243],[79.77232299964523,11.875478000443662],[79.78524299957255,11.862853999552625],[79.7930190000317,11.877108999770076],[79.79711499975299,11.894063999661263],[79.79636299995582,11.899781000390345],[79.77553007658572,11.904763838261243]]],[[[79.78871499987406,12.019063000111325],[79.80580009040385,12.023984418917285],[79.8043299745489,12.019217739983997],[79.78871499987406,12.019063000111325]]],[[[79.62529534325668,12.031657461268678],[79.65025498359884,12.021157870461678],[79.63539560090905,11.995304823320838],[79.64253839642492,11.942641897970537],[79.65690713545614,11.94817129195669],[79.67147499922568,11.931537419029736],[79.64044644024031,11.902114018418608],[79.62559863709254,11.903782352953165],[79.61795074290109,11.924876656372028],[79.62529534325668,12.031657461268678]]],[[[79.6929415916991,12.035204658378918],[79.71989751648462,11.992119366432949],[79.65697860511382,11.991228856417726],[79.66045475372043,12.011136815753419],[79.6929415916991,12.035204658378918]]],[[[79.87342800721936,12.041437612261221],[79.8568919863831,12.00625819958932],[79.84054599992876,12.012760000127052],[79.85005255123535,12.050914426530207],[79.87342800721936,12.041437612261221]]],[[[82.23174737572783,16.75593410823614],[82.21749457529033,16.73272036586331],[82.26981613225155,16.721726379069207],[82.30549341888141,16.748175981627508],[82.31040253511821,16.718697931418994],[82.26674301303359,16.694585581399586],[82.18635807635239,16.730000999032928],[82.23174737572783,16.75593410823614]]]]}},{"type":"Feature","properties":{"OBJECTID":36,"STATE":"RAJASTHAN","Shape_Leng":5416288.1411,"Shape_Area":329897068959.0},"geometry":{"type":"MultiPolygon","coordinates":[[[[75.21604826620472,24.888959695017093],[75.22162554751593,24.873780700903637],[75.25067064820986,24.88050841578325],[75.22263662825513,24.844093587164],[75.20073248798276,24.86784060124028],[75.21604826620472,24.888959695017093]]],[[[73.89512141612248,29.974077895406108],[74.52715909385786,29.94293944016153],[74.50979156717166,29.90842424457672],[74.54382772179635,29.901683601151017],[74.56111818298419,29.870042245739736],[74.54418936053247,29.84439472289483],[74.4835200511276,29.813599187492105],[74.47786680244437,29.746807313266178],[74.57750476544429,29.747842242686993],[74.59634443955379,29.76739693849762],[74.61594028033947,29.75226630832735],[74.57497238594102,29.56432073183036],[74.62189393484488,29.52224752714206],[74.58466472020412,29.45849083630374],[74.5437688128378,29.46796879198112],[74.53465639074844,29.447716291438834],[74.53662283884971,29.424546368210073],[74.56641304648254,29.420481501408602],[74.60291079502234,29.364909024257493],[74.59928636717126,29.327456369981064],[74.65450904984502,29.332940238581216],[74.65822588203876,29.371966652967252],[74.76220304421842,29.35437636971396],[74.85058115587229,29.403593998547457],[74.93828471003332,29.36203358192483],[74.96089525473495,29.320254025779963],[74.94841219458633,29.301472134010798],[74.96116774044674,29.280582243626263],[74.99922855586338,29.270306240022435],[75.05000077000003,29.286076002685338],[75.07554239415241,29.229689107586136],[75.11961069537142,29.22286515771936],[75.12438994762219,29.23986962915311],[75.16283257125401,29.244016238332165],[75.18800640050092,29.26819080283908],[75.21014258397149,29.234649366440788],[75.23839448858978,29.23023811103201],[75.24468682831882,29.250000681969567],[75.28376811657364,29.24978839018245],[75.2874144841867,29.273324515748385],[75.32204769000589,29.28949192288787],[75.34061148621717,29.28113448054524],[75.32812230698688,29.235313717981967],[75.34984180224473,29.22377363225298],[75.37802291690416,29.256833344401876],[75.41069842695549,29.255475102225464],[75.3968233854048,29.217536737154123],[75.41438070986105,29.184314529929473],[75.40677398750695,29.169747956842627],[75.38125212984431,29.168952063347277],[75.37150023281696,29.138102676829654],[75.40216329275023,29.12790091142126],[75.39125699046909,29.062731320788732],[75.44181916095846,29.057538070709178],[75.44571890981396,29.00832058787959],[75.52199592066835,29.00374538904139],[75.52742040497718,28.971004243179294],[75.5115641623365,28.942061502069947],[75.47339618340872,28.923379821280676],[75.496599343304,28.896161568669147],[75.49846806959374,28.84895622765635],[75.52024687472235,28.833987607758228],[75.50326125414078,28.782530959773368],[75.5360961812029,28.745168019925636],[75.54121035063027,28.660488057443192],[75.56151879320986,28.61321459237034],[75.6217086849566,28.6020677856265],[75.6334766218031,28.544437930663037],[75.66579911196449,28.53599087421439],[75.70197990878061,28.491774586523235],[75.73947313156339,28.484761001880383],[75.73566964709708,28.468841262317103],[75.78829449947496,28.453549385712083],[75.7667165225546,28.414227847773713],[75.77679440061273,28.40037279385709],[75.81866950383596,28.409913274340123],[75.91824278594021,28.37199947834813],[75.95783866619061,28.313829192705807],[75.972456365329,28.318576905245028],[75.98620615542193,28.293120468747713],[76.02632987239761,28.275032220598096],[76.01610914485096,28.23695181333342],[76.05600282285435,28.22028400366769],[76.04733637503628,28.198142412013514],[76.07191932045748,28.194340366449076],[76.09545334466988,28.15086201952741],[76.07469964163263,28.137137972778667],[76.07068556061427,28.165145191679827],[76.03178535413028,28.167859841198112],[76.007489918849,28.153148560208148],[75.99899437281758,28.122771372942577],[75.94556423559919,28.107164588646576],[75.93860331786355,28.08794209872561],[75.98343352707718,28.08135046092374],[75.98441039965536,28.047085182272614],[76.02324251323682,28.085985192356354],[76.04079718702339,28.074057619810972],[76.0253595304529,28.05424113635996],[76.00827666607495,28.058393937224473],[76.01639215810765,28.03050920201585],[75.99462202230688,28.038517701399353],[75.97273427808327,28.023637573997185],[75.99554193027076,28.006893844061867],[75.98993151307477,27.994693620417674],[75.96671818821726,28.000028786008137],[75.96579939487539,27.98361184705702],[75.9999352211049,27.977578491981937],[75.97271509647761,27.932666440008486],[75.95167894775095,27.947726816107355],[75.93235593911939,27.930138395030337],[75.9382765518481,27.91407886115994],[75.98748690164399,27.904163035152823],[75.97137309025517,27.851966256687785],[76.00464219833322,27.834445662872085],[76.04807723309514,27.834983556171313],[76.06063896649688,27.848275804203638],[76.08567086829655,27.84470766488415],[76.08888343108222,27.8605423910128],[76.12333438091979,27.851025002464834],[76.13226702380905,27.824475891619],[76.17496056889179,27.798073536263836],[76.19959822444724,27.82155792470866],[76.21732662704328,27.81681047144181],[76.22517893023483,27.83325651311138],[76.19380583574672,27.859511696421226],[76.201464655182,27.892541588187516],[76.16820689815408,27.903380117232757],[76.18664073209393,27.96547847567761],[76.15778327334364,27.98898217891465],[76.17688975356037,28.021549428901814],[76.21480262674412,28.026582663643662],[76.18953627534246,28.034453568434667],[76.18040480857202,28.054518994739865],[76.23804263995264,28.049715573789758],[76.26096208499229,28.06752875650599],[76.2935559644042,28.049201820787108],[76.29897753517376,28.022706753284986],[76.3189542674212,28.015530768830025],[76.34236339651964,28.030575723572497],[76.35566968504607,28.070732447816198],[76.301441763657,28.09786932882528],[76.33659444120507,28.102607805340366],[76.35986118800656,28.12491869222097],[76.29758292383107,28.1491152913997],[76.30456317392296,28.15932223373873],[76.28070614319039,28.165532551974735],[76.29226591635249,28.179216353991052],[76.34525083280214,28.16939869750221],[76.35656783542139,28.14373327942335],[76.38172722822374,28.133235411429343],[76.47573559317296,28.148583185019643],[76.47204815171672,28.135077650197946],[76.50267623965851,28.118711156853575],[76.4990472234439,28.100198408239912],[76.4636948970689,28.109158736654415],[76.44784091073254,28.088959812795522],[76.50124374659578,28.059687276279657],[76.4625396088931,28.05910559497649],[76.45467434829065,28.042326459764556],[76.54381992860155,28.03420612402009],[76.53595254098033,27.97951511280175],[76.54813569007021,27.96384368198977],[76.58988532138311,27.997857361130688],[76.66815758105172,28.01382922595955],[76.6543909708958,28.034682109844365],[76.65715852226316,28.089170708874395],[76.68735686326607,28.08765323831904],[76.71575823665708,28.12773786752143],[76.74355877232654,28.121030118831122],[76.76244775178121,28.14263914538207],[76.7948108453456,28.148382624598614],[76.80839923561993,28.210863811584577],[76.87490155937337,28.217769125384923],[76.87099520446506,28.206589039481603],[76.90676665195592,28.200309465983924],[76.89162434480917,28.190291622839244],[76.90653915718156,28.171885568095],[76.97054875155258,28.138428026219284],[76.93060975737143,27.993347866875997],[76.93153807284567,27.922348528543104],[76.95161985175999,27.918025309662546],[76.95057305511148,27.895642333701275],[76.93765904391012,27.89622180594225],[76.94231799593689,27.84261783450464],[76.93570138770718,27.828809806991543],[76.91358440523443,27.831701025557656],[76.91900375218665,27.80414027000617],[76.89268167210064,27.733457411796973],[76.92472621004902,27.699921431962476],[76.88987601458305,27.700749061126007],[76.91082817764675,27.654673874908056],[76.93335727683517,27.656030988413086],[76.94377016046913,27.67372275762559],[76.9793729331385,27.653598978164503],[77.00009797687399,27.736969280739654],[77.03647323135127,27.748611162547512],[77.05963340423975,27.726483824538203],[77.08566100728169,27.738088984915578],[77.07635331907761,27.76631591345436],[77.05955172393134,27.760912706288337],[77.0265766421924,27.779239155420118],[77.04479883160528,27.820982162776428],[77.10847900493485,27.78547680863429],[77.12285150415016,27.792624726575095],[77.13521920078105,27.775086133062327],[77.1585527396662,27.787345983880066],[77.1595107952543,27.816335208768827],[77.18943596947746,27.809019695943633],[77.16909672912871,27.790898379324318],[77.177023956698,27.78546762124349],[77.19856906907543,27.7988222332359],[77.2020725733404,27.82375805542404],[77.2366998776332,27.78451610089914],[77.2687570831422,27.814937697660156],[77.30286281145133,27.79405263044274],[77.31945152897683,27.736669227952948],[77.30393243665776,27.710789100413617],[77.34115064645277,27.703367288308286],[77.35258300940902,27.651237427333875],[77.31705933660382,27.606751580119543],[77.3582180561239,27.588960773785615],[77.33727283794109,27.56976106762646],[77.33999299602696,27.526619628603367],[77.38739095297746,27.512892754841676],[77.40154866794528,27.476504528356106],[77.43781399441689,27.456318362770393],[77.42110203327803,27.42201797403551],[77.43997671861177,27.390330437473356],[77.5071883521859,27.377090044977646],[77.57878339371754,27.322663907823205],[77.62270954920552,27.336185602008495],[77.62189835679021,27.313048310787604],[77.59866735181424,27.297204238996017],[77.6168288150218,27.28644997577747],[77.61642945925404,27.257802411095668],[77.65282116876492,27.234842651619466],[77.64671430772798,27.21021833762652],[77.68113044882598,27.194403789393018],[77.65840253277734,27.170105942510748],[77.61995681251707,27.173550356855547],[77.59784505401593,27.117999836460474],[77.51774112710801,27.102459551902125],[77.50544316681301,27.09229787006393],[77.52635890314505,27.084619201495343],[77.51934591895699,27.06661953404067],[77.57168983362477,27.071868277778535],[77.5632078246596,27.02937067947006],[77.57919158016877,27.03820693529504],[77.63002813178085,27.010207476612145],[77.6422149279246,27.02566599481958],[77.6655834743007,27.01725204962152],[77.67976650861141,27.047083460615056],[77.71194098011594,26.99710471588004],[77.73005912223849,26.993888297553184],[77.73768667625062,27.029751049455484],[77.75951813263045,27.017984485169688],[77.743474326695,26.983166146888586],[77.67624690068004,26.973220007315344],[77.67216729058282,26.9599699094211],[77.66088302355597,26.97121836398091],[77.58319683077055,26.92416095106935],[77.49025638473707,26.900491434211226],[77.42728377250843,26.864086717943835],[77.42211860754028,26.840968172291287],[77.44585932956893,26.814667111760777],[77.43268565470613,26.767837956861996],[77.4543777490791,26.778009072572345],[77.47036962725677,26.76465673606183],[77.45456349437927,26.74187324756023],[77.48522603587477,26.748014274836066],[77.5025627553395,26.76873401231441],[77.48746605911293,26.788154072673706],[77.50117235411162,26.844454230878235],[77.52071283763425,26.841520791477855],[77.52568621207278,26.81887162584444],[77.57448023240572,26.820863118938735],[77.60837048383536,26.839120756020556],[77.61033876872067,26.8285771838762],[77.68665126419515,26.87524947194381],[77.72261000536129,26.874318263226964],[77.72491825165152,26.910381777680243],[77.7605990264682,26.93262140250333],[77.8502424588319,26.912828972645038],[77.89648912935533,26.883997607614884],[77.90636012905247,26.917778842645035],[77.94840529452729,26.893577663053012],[77.97133952284594,26.90587055615724],[77.98721132024258,26.889347687701868],[78.01458636708665,26.90291119715911],[78.03547614642615,26.870795083278242],[78.02647410925893,26.84953415550739],[78.05597390381702,26.86839159519832],[78.04880661976682,26.910132686015068],[78.11119752165727,26.895877079500288],[78.10175988055312,26.917828521878384],[78.12181705062427,26.922578761979533],[78.11177454190472,26.939758571024388],[78.12451038850428,26.949284904715952],[78.21013598991988,26.93122564249156],[78.22420301742123,26.94646150063994],[78.23862040394432,26.926644602263675],[78.25495888535117,26.935310006464388],[78.27225734296242,26.919185411246772],[78.23264465875623,26.874275865707965],[78.2086212686235,26.86886238957177],[78.19698024475139,26.882175975797058],[78.22227999747746,26.831322410732987],[78.1687225211363,26.820394936687777],[78.18400156457,26.783821202325196],[78.10596133524716,26.78888285826433],[78.10345406178706,26.763321943700944],[78.12352702663071,26.74688223667614],[78.09593010859268,26.727801713851964],[78.09267365050945,26.676255430359344],[78.0004319209461,26.694856776884414],[77.95317634739482,26.658938751110725],[77.90425941521714,26.65906351350215],[77.89427913679857,26.614711521219295],[77.85066251713688,26.612538737747478],[77.82732613297031,26.596046983728034],[77.83567937129293,26.576031305197922],[77.82201133043613,26.549578237566042],[77.74590956792073,26.538754162354955],[77.7270112586124,26.502316803346194],[77.67371648295793,26.502834284593032],[77.53838080884142,26.411296540608568],[77.43734918029352,26.403276922812395],[77.44467691057629,26.361761537824677],[77.36836846033775,26.364151192578646],[77.32897014914556,26.34255133743575],[77.27105472893089,26.26758047094628],[77.21283792701824,26.233771787366344],[77.13604283872436,26.2334536456543],[77.09675126698968,26.183237852152786],[77.02913608257307,26.17119366574436],[76.99761369829328,26.12906669127858],[76.89977543767795,26.092504907461038],[76.88484731684066,26.048039207197093],[76.8067797520381,25.9898081102287],[76.78902757707104,25.941092521263098],[76.74885573896714,25.940469479539036],[76.75661520031858,25.921010901631927],[76.7163319756411,25.9011592719049],[76.64026441235663,25.907609917972028],[76.62322237252597,25.870553304846034],[76.58277452777139,25.871045334106995],[76.52101139746614,25.793599490815573],[76.52376724130617,25.72983179200501],[76.47342575156668,25.709918508608677],[76.47945107752618,25.684203412581784],[76.50383834342855,25.67320138838758],[76.50375872829208,25.57977214373499],[76.51661387243932,25.526674191726176],[76.55546400421525,25.48256511749317],[76.55597622282404,25.452030124085226],[76.58627281287745,25.43355891279785],[76.59846553363899,25.392329669438283],[76.62278748848769,25.376782857558695],[76.63976299775561,25.38353285853402],[76.66949719002552,25.349103369802602],[76.70028246155726,25.35162652990605],[76.72932380122401,25.32856908366926],[76.77880602811936,25.31556205608095],[76.85728476790725,25.33278463133213],[76.901538950786,25.32363473981096],[76.92940825568978,25.30318635985154],[76.92327420520841,25.285455297896725],[76.9422462599338,25.28215991848122],[76.97373847571917,25.30040586818182],[77.03169039637777,25.29438736905537],[77.04589734287026,25.321439036004207],[77.07005094042977,25.318492856259507],[77.08367338942543,25.336557703473485],[77.20941757106019,25.306305135975062],[77.20554795282709,25.32647850396729],[77.22336866115108,25.318790919345695],[77.2339469288144,25.333772557162355],[77.23394351360935,25.37870090909423],[77.29380340554107,25.424295005034576],[77.3154588405794,25.431469269364698],[77.37096896592035,25.408493188589574],[77.3505010910412,25.38406884160029],[77.36668503868698,25.36031076178131],[77.34212153825047,25.32177073535404],[77.3676070081975,25.328597478855965],[77.37785241714953,25.315719670086093],[77.37395138611251,25.274521233828256],[77.36265755519986,25.279012408160202],[77.3550910040599,25.263477993847733],[77.41169646304195,25.224010531455985],[77.42661597277672,25.18807427519665],[77.40014331155167,25.18388063387369],[77.39300110830816,25.15922951884104],[77.390581970043,25.123386294787228],[77.40661691537704,25.111686448306518],[77.39437600867835,25.11992227107219],[77.3107799312539,25.079832772455067],[77.27001084742439,25.116093995684828],[77.17442477961883,25.111808969710655],[77.16712426430836,25.084609798868183],[77.14772128281209,25.095110457115233],[77.12257161087112,25.066653914136644],[77.084828898961,25.054239462464274],[76.99906906007982,25.074846055520666],[76.9682050477678,25.051100898363647],[76.87615870008374,25.041400297476212],[76.87603780561051,25.007064041094406],[76.85677892504008,25.002475882764255],[76.8626886308062,24.959801820699703],[76.8904878865681,24.919689153472216],[76.92041550546632,24.916774204551533],[76.91305455273009,24.88784408009208],[76.94856325345415,24.86907153522906],[76.8978861666356,24.83822562301534],[76.82508008770485,24.835548342730203],[76.79987775928814,24.82401330356196],[76.801996779053,24.81013373027207],[76.84751990852536,24.769271455307717],[76.856129839865,24.742486390423746],[76.88947784178967,24.747256293048203],[76.90749360549547,24.731594409997975],[76.95396500280826,24.760360338890795],[77.00166339001957,24.71603928282667],[77.03166632950241,24.71131602351325],[77.06498584789561,24.643844295978358],[77.0713312170821,24.572763261510687],[77.05470958693232,24.526276575050726],[77.0368941073346,24.527899521623393],[77.02897280257517,24.496079630583974],[76.97760954861329,24.461383798550443],[76.91842040387559,24.480691129709662],[76.91789651244348,24.543475084254066],[76.90186605276024,24.545850773167164],[76.88430756627035,24.52145076651817],[76.86192147553066,24.5492985701276],[76.81638907217193,24.53358330375858],[76.85308321246349,24.465891995246714],[76.83737851189632,24.40970862183058],[76.8513851842951,24.370524921923174],[76.83188493253917,24.35796811555603],[76.84105415905567,24.322414536589562],[76.8626149777339,24.27331940271081],[76.94739735702879,24.20131054900982],[76.93576765486395,24.18372659324388],[76.91629281900691,24.18785504948741],[76.90060015101828,24.12743238935067],[76.85458873514715,24.13582546071412],[76.80128691470969,24.116672853936517],[76.75792049908684,24.1682567191403],[76.7191149821622,24.158690125551548],[76.69831261383517,24.168467276493274],[76.67588520727952,24.19084669274541],[76.70273036261112,24.24319933218401],[76.6927736471946,24.286481916442188],[76.66513163697834,24.261934338874667],[76.61764581029033,24.258829526829633],[76.61119853450099,24.238652050694974],[76.58354484708673,24.242865759991503],[76.59523182114344,24.223320837989277],[76.56427346844504,24.190945212557118],[76.57772749487292,24.17917435010852],[76.52742392502492,24.156734339989963],[76.50453498489495,24.20308699823867],[76.47050989587407,24.226150428929028],[76.45226628314177,24.209363533161845],[76.41621642809147,24.22063441743575],[76.41168258173768,24.20050619923636],[76.357209673518,24.23974483340079],[76.32291445946531,24.245544861006117],[76.28736038929046,24.229860479344005],[76.28232090869184,24.20730766587075],[76.23994523984305,24.21888546638034],[76.2125548480663,24.209939898664807],[76.19458985082352,24.273192850138958],[76.20472719924686,24.300904578706152],[76.1855157479076,24.329276456971225],[76.162545128386,24.28472516949337],[76.13671672050558,24.270805459815634],[76.14842625165991,24.232025081342687],[76.11738274723295,24.193987743751663],[76.12679233850731,24.08873045790008],[76.03680892506749,24.062896684625144],[75.99701945528254,24.01768841503828],[75.96345518052225,24.018706919020616],[75.98485420333178,23.97402804470429],[75.98136306620376,23.928969925030444],[75.93751493096924,23.89668939724501],[75.88710079536816,23.879114693683256],[75.85302471068745,23.887481061702243],[75.79384657840284,23.86700645027284],[75.7812494524789,23.84872712300422],[75.76454188344022,23.85173981377697],[75.75270084479608,23.88734521004414],[75.70608716373415,23.899095456088038],[75.7015740178459,23.872833091897753],[75.73640589979142,23.85624582287393],[75.71895265782467,23.840666820227167],[75.72159141680946,23.811792710084163],[75.69011585178517,23.813246400643262],[75.70183557297504,23.786386352686023],[75.68671870976685,23.755939339446144],[75.65450321171843,23.79840380869884],[75.58344774109447,23.794823048179413],[75.58901210741506,23.809781808710405],[75.55930239173625,23.818179449719214],[75.57932713826169,23.83511311589309],[75.56322289363167,23.857577110978138],[75.46205640471027,23.914762644965656],[75.47468014814551,23.98284006685707],[75.52105110709238,24.02502082832964],[75.59552478104632,23.98999991596637],[75.67433848960192,24.017675999231237],[75.70173168094219,23.96659278480336],[75.71751808669909,23.966858494246956],[75.7411302632822,23.976938695026643],[75.74224794761606,23.99272990223198],[75.76533980986672,23.99267510973467],[75.7816945435476,24.042528898394597],[75.83672339344925,24.05706342731428],[75.83569651621714,24.092115986302286],[75.79285969040065,24.09184740226944],[75.75095921258317,24.143326995812366],[75.77744450805878,24.20998251314622],[75.83023174947165,24.23375906828354],[75.81352444778904,24.24537003032414],[75.81072719949877,24.296090354748998],[75.76646553295856,24.298018008779636],[75.73983814132109,24.332147874708046],[75.72775101947548,24.39051564919624],[75.75530707476456,24.406527760884362],[75.74760011475996,24.424183430909327],[75.7894035903124,24.471531102873858],[75.8134732876806,24.462024616899004],[75.80986084213451,24.434042903749464],[75.8387902086798,24.414179315615197],[75.90905969965014,24.455009272899098],[75.91163902403909,24.49191234820026],[75.88785509230046,24.508070491362496],[75.92055011851843,24.52166031773151],[75.9036682645253,24.548927352853777],[75.91446110737851,24.572252211196012],[75.87836611303224,24.583385347077275],[75.87115475189549,24.60666372378801],[75.8492394329285,24.610875474117226],[75.83546216116729,24.594949771002913],[75.82484714059537,24.613454027834337],[75.84875663104161,24.647400767779665],[75.84776378643542,24.663019071619107],[75.8249399591382,24.6674538550675],[75.83360564947616,24.731845497260807],[75.8021670251743,24.756463424720256],[75.75683310700536,24.761553389209453],[75.68342069448833,24.725118608412057],[75.64596206656243,24.68491568165735],[75.61078618243192,24.680407402224084],[75.58297213898331,24.713264919572413],[75.54821955723251,24.702937780932714],[75.53343449948053,24.712049385827942],[75.45645518999294,24.68044997203062],[75.26490160352569,24.71750978026555],[75.22838307501488,24.717619569088928],[75.21944324364587,24.702554937164802],[75.18440043296798,24.748553837049595],[75.21520041231271,24.802118147316857],[75.25232027396953,24.813105402771956],[75.2240912360558,24.843924303428526],[75.27293702294314,24.842836170477533],[75.31159531565916,24.801176325077886],[75.42575513268356,24.86906655253948],[75.4161257575221,24.88608115575364],[75.37363166141408,24.867743061712623],[75.3266393870513,24.874874873898168],[75.3080504262818,24.856043784026017],[75.26343429295144,24.874855322351426],[75.26730846977313,24.899435757911796],[75.2940673409001,24.907545053261142],[75.26708448354165,24.947147555915993],[75.2738923493702,24.96404139004382],[75.30487313759299,24.92865613532939],[75.31273625270222,24.88513700943596],[75.31844725724022,24.894155995910833],[75.33691279168663,24.955395834077056],[75.31176607604357,24.995372352344056],[75.35035153604527,25.01753424716666],[75.33215975463939,25.041494518428443],[75.22511948002989,25.034095718843208],[75.16708103107923,25.048414192010902],[75.15136029617055,25.026183079432187],[75.1685694729385,25.00593052018564],[75.11356115315944,24.966810289907105],[75.11693027909644,24.878261553311035],[75.08719494698038,24.870790442238373],[75.0765343602825,24.880681019647263],[75.03304755620172,24.84440939292338],[74.95866224809816,24.858186741319948],[74.95260596629348,24.880682428354454],[74.92389567284037,24.878302264836265],[74.90294221276048,24.929507965490348],[74.88069658388252,24.93735996380926],[74.86947949214483,24.92497408516081],[74.85903526203018,24.96223475581752],[74.84263438254953,24.968849333826864],[74.825286201492,24.900149177118916],[74.85876038319454,24.838507406503133],[74.86151878937468,24.8041365071471],[74.83869548753948,24.798036756989006],[74.84937285295422,24.77613446170387],[74.86043496017643,24.79848678002143],[74.91453343793388,24.769200583824993],[74.93089186046305,24.77909882224542],[74.97561908528428,24.763687509758665],[75.00148875371183,24.774524097556082],[75.01603296847328,24.732120346630577],[74.99238703062301,24.731745785212283],[75.00172000140553,24.686418351612847],[74.96018634156894,24.677765221299854],[74.9622783148112,24.656424318547025],[74.94308994139789,24.637804261346922],[74.90182062500881,24.632806672110362],[74.89497885472079,24.643937869494682],[74.88907852421198,24.63383188140585],[74.79977777165338,24.779068127937],[74.80396734279351,24.733966961521755],[74.77960457752948,24.732451955802116],[74.78761281385687,24.70417719957266],[74.771936754821,24.661480748735944],[74.81458497449833,24.66575253526419],[74.81413857538267,24.6501817757493],[74.7794000904905,24.61544032422245],[74.78642991188157,24.585930842847443],[74.74351284972775,24.571458815960206],[74.75553492491584,24.5348825785154],[74.70872701133196,24.48647346361358],[74.77713848011584,24.460501141950964],[74.78694430588965,24.472239277525624],[74.8153452026689,24.46847482806409],[74.81375258427317,24.436740214748852],[74.85387255993247,24.44452884691103],[74.85509859257012,24.424138704280093],[74.78117957356287,24.338337924014432],[74.78132298363039,24.289174611274472],[74.74711030852389,24.253468549993077],[74.77482711145288,24.238710847215945],[74.86757730349674,24.243086095706968],[74.89710402987068,24.227289323431997],[74.91034114799595,24.210105696484913],[74.87975457134844,24.173607736563024],[74.9035212049223,24.1093037188657],[74.94067698545845,24.06991851475208],[74.93934139387027,24.053920292096716],[74.98229816813837,24.025410746811126],[74.95914300834465,23.972161249036446],[74.91650835152672,23.9317468261603],[74.9026182512921,23.872951330768654],[74.91383614474896,23.84168312392482],[74.90370765598402,23.794306209341556],[74.92433999442363,23.796621011765268],[74.94040447533754,23.764743144569636],[74.92452104621805,23.75638566027038],[74.93637530743852,23.72958043518488],[74.92022851538259,23.719179995911773],[74.92159275911764,23.694652150691645],[74.89946070324359,23.682201764395284],[74.93653873124276,23.628770654354682],[74.90294364290595,23.625101047443774],[74.84683135121868,23.551860919444188],[74.80329609429391,23.53308419524542],[74.79410939030588,23.550880899783508],[74.77368370532754,23.544372478902442],[74.76151042889144,23.52114087181408],[74.73528812191438,23.520565224100764],[74.72923917997393,23.496617884496043],[74.70349169214536,23.505007676962357],[74.65188366574354,23.462279707454524],[74.60388661617925,23.457264961831527],[74.599067383025,23.428749694235503],[74.57235018043549,23.420666732175373],[74.5689406798047,23.376301729589958],[74.53981656263211,23.361865607002635],[74.53526751299403,23.33081982563308],[74.51403680830799,23.32804555350233],[74.54666907389155,23.277121008121323],[74.57436578885262,23.295169616855116],[74.58499347656313,23.27693797780539],[74.61689129615729,23.27938121233275],[74.63855545868736,23.25540929900669],[74.67676057188724,23.27380707621103],[74.69995542111069,23.268365551785728],[74.71511387631357,23.236683171241825],[74.69206576894841,23.219151615548082],[74.7475218707461,23.22665309082931],[74.74213614463162,23.208912306004223],[74.71509893527583,23.19071356049606],[74.67154413723298,23.199959906880657],[74.606614557182,23.142559156462564],[74.53937328430412,23.129301620785586],[74.54551386552693,23.10984404599337],[74.5058633447599,23.085141287240315],[74.46384382851132,23.081792975698647],[74.43225481311894,23.104897485997494],[74.38620200932348,23.111517900663344],[74.31890113405484,23.058661226962368],[74.27889032857692,23.092185379027857],[74.2871215546303,23.11712178025609],[74.24079861701709,23.18469164896699],[74.20121409123166,23.189303280068806],[74.17887766025135,23.147279369070713],[74.12147561851371,23.176193231968494],[74.13264018757619,23.266191221519207],[74.08592958441112,23.298038829502293],[74.03816386000615,23.29344657218355],[74.04485577887347,23.308809388063093],[74.03306736996672,23.305990334871655],[74.02865472737906,23.33167217650868],[73.981395448563,23.33813909879218],[73.97421472438712,23.37274482599899],[73.93800771928692,23.3679377422227],[73.93370071149035,23.338589072692105],[73.89192593316558,23.334111787923437],[73.82870546414877,23.44769257606534],[73.78627736104028,23.430225282702164],[73.7557306878993,23.45432266867355],[73.7208055721983,23.41013459257765],[73.69739915180945,23.456671344558842],[73.64745595429105,23.436452167685346],[73.62720945755339,23.44857133821049],[73.65636475642847,23.507457514189444],[73.63306774522172,23.528685903443098],[73.65565542756967,23.621288519277908],[73.61548049831018,23.652116178237357],[73.57265586293191,23.65376627188684],[73.52308171679726,23.606900250003235],[73.4937654768134,23.632338333941817],[73.50877367284495,23.644387253316786],[73.49660525033899,23.649156995173072],[73.50739416834092,23.703042673980693],[73.47351839935806,23.705232622147914],[73.41801571134273,23.776807140155988],[73.40024792363958,23.785056583823224],[73.37077148256775,23.76525827869203],[73.35184395379211,23.791396262300772],[73.36791208468819,23.81423441805813],[73.36112328396118,23.872699809794078],[73.38746024481222,23.915906224434273],[73.42082620817351,23.930824829338484],[73.4149572100418,23.985780507316786],[73.39787929846989,23.98951030197441],[73.40469533983301,24.041034528581907],[73.36086949523977,24.081282494918703],[73.36199341446681,24.104662321125407],[73.32700553580447,24.109224126264333],[73.31738547069847,24.053207152258693],[73.24279151250724,24.002281941053923],[73.19314122111827,24.040996060635734],[73.21322567589318,24.078040509617523],[73.12521954225355,24.124860890634917],[73.06744331420005,24.194691029318825],[73.09871264520167,24.2261591453153],[73.08787063458544,24.23491908021758],[73.12433012849809,24.271664698917256],[73.13543796613224,24.308432401571583],[73.169220863017,24.300304947138645],[73.17634880740901,24.33787874626333],[73.19856569156453,24.33193331413959],[73.21926204421315,24.36389544851513],[73.19918824652703,24.376510358741704],[73.15257023745204,24.35384277154168],[73.07650293825789,24.39660070367858],[73.11214510726629,24.459918226275153],[73.10892658887897,24.485788171309334],[73.0878805724318,24.49765222385856],[73.03522840691471,24.463847149584495],[72.99100714964649,24.47760113046408],[72.96796309793525,24.45090730988829],[72.98121427108539,24.43438135088486],[72.94930053306648,24.398184337410203],[72.97755127600382,24.374639387853467],[72.91072688335734,24.337211930101272],[72.84976014048516,24.372041379773403],[72.73086080373666,24.364301029187292],[72.68914572836027,24.41173228184266],[72.68335799608167,24.46387720493977],[72.57594281443033,24.478854709538442],[72.53824382351151,24.51968209471492],[72.49319275086494,24.45908386167329],[72.50042389235071,24.41705461129533],[72.45724301288816,24.414798729492272],[72.43021761970566,24.48017440061297],[72.44108063385582,24.51532606852471],[72.4163297675659,24.521171707575096],[72.3885790676574,24.5076799274471],[72.35372978792559,24.563761948973227],[72.33093497156945,24.569305006840207],[72.32899109295963,24.552408371709678],[72.29543500520852,24.546625793813938],[72.24639573599018,24.585607133149058],[72.2763436901565,24.607526910967657],[72.33558553734635,24.59858430123141],[72.34733443819422,24.628455974265744],[72.3049851279058,24.61754576235124],[72.23036762902159,24.64060954228184],[72.1965718047117,24.614719426945115],[72.16480966135518,24.621276722776127],[72.15025728466271,24.64366945126843],[72.1245705107371,24.63860258440048],[72.08981676634431,24.658695079553272],[72.08519862058826,24.70641108804683],[72.06132921601603,24.712108768888985],[71.99383487748358,24.695061768224267],[71.98829642817363,24.657532524796412],[71.93987304023726,24.633804578687446],[71.91544280584228,24.64951303958329],[71.9186119236912,24.672113622290365],[71.87175129847469,24.681766680407314],[71.85216726110689,24.609362613451765],[71.80589954976372,24.626750871448806],[71.81038561312668,24.656064279920052],[71.7915287807319,24.677338599557135],[71.65536604646064,24.639188869521355],[71.6075995128294,24.67655363216608],[71.58975333799533,24.667157032383017],[71.5729960070418,24.683416165272117],[71.47917032805957,24.67964701830656],[71.37780447619686,24.6259676067976],[71.35863893366876,24.630751729289013],[71.34816852381533,24.660935404849724],[71.31350446317414,24.647649864402037],[71.28782335918694,24.616229048098894],[71.10717723475759,24.679707287191796],[71.06529909544292,24.717460937300025],[71.02648014318743,24.80884939307762],[70.93762775979013,24.93855841881087],[70.88867057709743,25.148173493262604],[70.75158096643474,25.27781544952651],[70.73679534074579,25.332557286309818],[70.66481386113475,25.396882653078826],[70.67845329463414,25.525196238230336],[70.66713607277404,25.531338643034353],[70.67393366966175,25.675841858877057],[70.66007425167258,25.702152567242887],[70.6088517550358,25.71497322116903],[70.53015486258417,25.683480350612683],[70.38700215750762,25.673831536881917],[70.26865201398138,25.71360020120755],[70.24724135070815,25.761605257256385],[70.1744548146342,25.82836583221034],[70.09976322789849,25.93826304739475],[70.08338721965677,26.08328898504366],[70.14142471602736,26.156215101738105],[70.17504729751164,26.251528463014466],[70.16350941157431,26.294930853185484],[70.18536272777014,26.374334459871086],[70.17417637884058,26.551443370252663],[70.1171964186136,26.586880575302416],[70.05623329344274,26.60056852266057],[69.88676690254117,26.57887009837092],[69.79189593090194,26.59831131343278],[69.72249271370653,26.653310647647164],[69.51030972695143,26.743503765400998],[69.48442566921284,26.804835289189878],[69.51331289007925,27.00998351466062],[69.58684103926976,27.183322778649938],[69.86248468008117,27.40180749867994],[69.93389090904341,27.497830759763044],[70.02589969963184,27.56291993466198],[70.13239619594734,27.80595556294311],[70.22701157338452,27.901370580348654],[70.29618493608345,27.936015539673473],[70.37219234913721,28.01183214485653],[70.50582063866622,28.03703800156606],[70.58946000765594,28.010439695980565],[70.6773991829831,27.921846194077332],[70.68437192759325,27.828185800286146],[70.73976792447606,27.741921845971024],[70.75931607291224,27.72126581964305],[70.8718394310662,27.705597885464897],[70.9631992688137,27.729377536019246],[71.20553536628532,27.8354174787109],[71.38306322643356,27.872630067673004],[71.66643338345203,27.877756409422553],[71.89834425460967,27.961210443086124],[71.9273612585468,28.121740076444198],[72.00429031802994,28.218656613437286],[72.13224352223673,28.31309839432764],[72.20613068311621,28.39426882054276],[72.29923759914585,28.669754062980292],[72.39070263664227,28.770357249902446],[72.73308526951477,28.948087888790415],[72.94584049957601,29.02794756681277],[73.00435759044241,29.152954133848244],[73.0844285258285,29.23626562506862],[73.28209722938989,29.572031894776092],[73.39692523430344,29.94599769769999],[73.59700188022335,30.018977276930308],[73.80656041516231,30.068029040353956],[73.97256071280688,30.198148088682423],[73.97564844940214,30.1209908752383],[73.90405320154343,30.050122319905316],[73.8865346869135,30.01249408913316],[73.89512141612248,29.974077895406108]],[[76.42285252754866,28.114322641599298],[76.44104282581952,28.119878050622876],[76.42927651843974,28.13851237758029],[76.42285252754866,28.114322641599298]]]]}},{"type":"Feature","properties":{"OBJECTID":37,"STATE":"TAMIL NADU","Shape_Leng":3671225.05568,"Shape_Area":131454076430.0},"geometry":{"type":"MultiPolygon","coordinates":[[[[78.2052502424041,8.841780615172556],[78.21578727670638,8.842005242782419],[78.21921643163802,8.83389990798025],[78.2052502424041,8.841780615172556]]],[[[78.22180957648118,8.872036799890113],[78.2273990919456,8.870817288010235],[78.2266566173115,8.866255877686527],[78.22180957648118,8.872036799890113]]],[[[78.27022859058367,8.943166863169699],[78.27130612592312,8.939611003239728],[78.26955110155215,8.939142239383576],[78.27022859058367,8.943166863169699]]],[[[78.25521815060641,8.954573931663734],[78.25057096688492,8.952854864066996],[78.2518864624293,8.956394270236428],[78.25521815060641,8.954573931663734]]],[[[78.49554642267574,9.09065970283117],[78.48722232722052,9.088709408683664],[78.48993924401464,9.093432753131905],[78.49554642267574,9.09065970283117]]],[[[78.5390883015004,9.103765338517814],[78.53508319902723,9.102767870395507],[78.53913486905977,9.106045398236883],[78.5390883015004,9.103765338517814]]],[[[78.57934269811695,9.112824415931158],[78.58797440682875,9.10699852161433],[78.57095495429867,9.101131516403235],[78.57934269811695,9.112824415931158]]],[[[79.49658544861194,9.123166455983203],[79.49187781216929,9.124026926470206],[79.49651322006531,9.124825536346396],[79.49658544861194,9.123166455983203]]],[[[79.48829916394646,9.128227788332143],[79.48831229628577,9.126523491733858],[79.48712076184877,9.127333075343325],[79.48829916394646,9.128227788332143]]],[[[79.4806260010416,9.130558331076976],[79.48163077603539,9.128686455757098],[79.47973416047974,9.129699582225618],[79.4806260010416,9.130558331076976]]],[[[79.48286972271303,9.134296236192691],[79.48228218860656,9.131837213122523],[79.48151377059006,9.132886170522795],[79.48286972271303,9.134296236192691]]],[[[79.47288167540256,9.13918602985725],[79.47346777359724,9.136609079631857],[79.46980662562042,9.139403791410425],[79.47288167540256,9.13918602985725]]],[[[79.46741488327976,9.143378191782922],[79.46750965400967,9.140511971440628],[79.46511760631202,9.143320019760617],[79.46741488327976,9.143378191782922]]],[[[79.45470533893368,9.145320587426339],[79.45378154306077,9.143896763298821],[79.45412760263521,9.145628094194072],[79.45470533893368,9.145320587426339]]],[[[79.4557520727047,9.147634976829965],[79.45618405166375,9.146558918215698],[79.45505599695471,9.147074526786454],[79.4557520727047,9.147634976829965]]],[[[79.45235438205643,9.149778515397777],[79.45266298328485,9.146424088403677],[79.45009312800262,9.147952628338274],[79.45235438205643,9.149778515397777]]],[[[79.44578596861403,9.15205836202801],[79.44453496996037,9.1523433930456],[79.4455179213252,9.15376720353571],[79.44578596861403,9.15205836202801]]],[[[79.44357594684284,9.156642772672253],[79.44766969138962,9.153934028370559],[79.44728723682366,9.15265476433835],[79.44357594684284,9.156642772672253]]],[[[78.75372169583845,9.154137884779118],[78.75421377966742,9.15323313380124],[78.75289292611875,9.153271147780174],[78.75372169583845,9.154137884779118]]],[[[78.73110146318685,9.155879682967944],[78.73097272459174,9.152118491534017],[78.72803413132216,9.1528005988864],[78.73110146318685,9.155879682967944]]],[[[78.69700368529273,9.152589692300625],[78.69384185110755,9.15285701538994],[78.696522130294,9.155810522888299],[78.69700368529273,9.152589692300625]]],[[[78.75255025835298,9.156196493437779],[78.75088002506739,9.156355747226623],[78.7518644562408,9.157030856981226],[78.75255025835298,9.156196493437779]]],[[[78.69888299815636,9.158301196810188],[78.69806858927963,9.158523356682341],[78.69883606234188,9.158686109760087],[78.69888299815636,9.158301196810188]]],[[[78.8195601717278,9.165229311368975],[78.81864625328275,9.160701107082504],[78.81692339905125,9.160365272695323],[78.8195601717278,9.165229311368975]]],[[[78.82904061765939,9.17050671122018],[78.82396199036906,9.166451631775118],[78.82852139657537,9.173688040045173],[78.82904061765939,9.17050671122018]]],[[[78.97004609905235,9.182915524149053],[78.96903943803105,9.182832541970365],[78.9693830142938,9.18393394723421],[78.97004609905235,9.182915524149053]]],[[[78.91040728716351,9.186462253271293],[78.91013209898472,9.185988392633432],[78.9101204164966,9.186565770123465],[78.91040728716351,9.186462253271293]]],[[[78.96684516903169,9.187356201037183],[78.97111533162582,9.184971637015531],[78.96741311330103,9.182918995107695],[78.96684516903169,9.187356201037183]]],[[[78.9433541992472,9.187732787132298],[78.93078296582804,9.18151777406729],[78.92353872020928,9.183318054688604],[78.8972644928959,9.179674299557197],[78.9433541992472,9.187732787132298]]],[[[78.70308129139767,9.185484525152358],[78.70189781897211,9.185822480230494],[78.70191123383034,9.185993714800075],[78.70308129139767,9.185484525152358]]],[[[79.06889865177054,9.210539148596826],[79.09102609976371,9.195932581170894],[79.05676835857405,9.198019958982895],[79.06889865177054,9.210539148596826]]],[[[79.14153391739579,9.21425382885696],[79.13953377485369,9.212638811078774],[79.13887494484132,9.21334734754955],[79.14153391739579,9.21425382885696]]],[[[79.12382425605801,9.214683677559279],[79.12286002166009,9.21453442965741],[79.12270030504328,9.214674458796928],[79.12382425605801,9.214683677559279]]],[[[79.13411272476091,9.215982818242935],[79.12912475777249,9.214585045084565],[79.13298577413022,9.216164565880254],[79.13411272476091,9.215982818242935]]],[[[79.12362675555761,9.217317200707699],[79.122144971163,9.217157310197736],[79.12340120900346,9.218016299833595],[79.12362675555761,9.217317200707699]]],[[[79.23274572901207,9.243084051068983],[79.23846056461292,9.241888937435485],[79.23863326237951,9.241206243661985],[79.23274572901207,9.243084051068983]]],[[[79.18042250219,9.249627231204112],[79.22364618274703,9.24715065500563],[79.19933005066116,9.230202836848573],[79.17931051633103,9.238198739134248],[79.18042250219,9.249627231204112]]],[[[79.75741379428776,10.89541700941259],[79.75694855189504,10.89547199584173],[79.75744530044358,10.895750496975166],[79.75741379428776,10.89541700941259]]],[[[79.77162831838254,10.89922176988655],[79.7712925921929,10.898935566357581],[79.7712585806428,10.899205265343763],[79.77162831838254,10.89922176988655]]],[[[79.75906527400797,10.900594338740277],[79.7587766954057,10.900355538216354],[79.75876556175888,10.900565609294327],[79.75906527400797,10.900594338740277]]],[[[79.7712211365501,10.900840631234075],[79.77179799525958,10.900067425315436],[79.77165020113404,10.900061144306937],[79.7712211365501,10.900840631234075]]],[[[79.75852622488839,10.900388057878189],[79.7583134284275,10.900361553908578],[79.75865865540513,10.900983987024143],[79.75852622488839,10.900388057878189]]],[[[79.76635680127818,10.900579478266966],[79.77027896501423,10.900657345673643],[79.7670616932958,10.89858622401299],[79.76635680127818,10.900579478266966]]],[[[79.77061283034902,10.902798316240288],[79.77013934298164,10.902285021656828],[79.77010829043009,10.902849120996828],[79.77061283034902,10.902798316240288]]],[[[79.7692743644367,10.903917863895058],[79.76951829126122,10.903717521123479],[79.76920110988337,10.903743458192006],[79.7692743644367,10.903917863895058]]],[[[79.76153445415777,10.90504956283915],[79.76182657464841,10.90452623320217],[79.76139621043768,10.904779803011827],[79.76153445415777,10.90504956283915]]],[[[79.7626240839488,10.901685603616814],[79.76802486839696,10.902205842977565],[79.76601929792973,10.901015487936982],[79.7626240839488,10.901685603616814]]],[[[79.72003052356936,10.954877373048946],[79.72163421279143,10.955643645925688],[79.72158923688,10.954010184004355],[79.72003052356936,10.954877373048946]]],[[[79.76797999994953,11.900403999813225],[79.79711499975299,11.894063999661263],[79.7930190000317,11.877108999770076],[79.78143700000273,11.862757999737333],[79.76797999994953,11.900403999813225]],[[79.79325699991449,11.884625000319232],[79.79413800039833,11.884102999847224],[79.79417499989566,11.88458899977279],[79.79325699991449,11.884625000319232]]],[[[78.53654925169434,12.696587913145766],[78.54058204186757,12.693574016436855],[78.53673622887165,12.693084405976288],[78.53654925169434,12.696587913145766]]],[[[79.8456676611203,13.327576678871987],[79.85001426150386,13.32352349829238],[79.84282762376174,13.32217036982798],[79.8456676611203,13.327576678871987]]],[[[80.26874886071906,13.564628197834447],[80.32601849756374,13.441682192027491],[80.34526866638939,13.279892706372278],[80.29843770115667,13.137487910895493],[80.29494841401822,13.092914810176888],[80.31078654801921,13.108155086406429],[80.2867937131893,13.064361771271836],[80.25939514685368,12.93455016666122],[80.25515313480518,12.782702012685844],[80.16633080566436,12.529688446400087],[80.15580172158437,12.464935786554122],[80.03424937181587,12.301754643348694],[79.87342800721936,12.041437612261221],[79.85005255123535,12.050914426530207],[79.84054599992876,12.012760000127052],[79.8568919863831,12.00625819958932],[79.84077712809645,11.956328146409955],[79.81503900032763,11.97948500024491],[79.80548899958706,11.95340800034113],[79.78611699965612,11.960454000365639],[79.76042162442825,11.943562066438508],[79.76307433127366,11.928026004780476],[79.75002531668159,11.919807713473357],[79.74425700007814,11.964489000418643],[79.7230751171901,11.975092712435409],[79.76077227224555,11.990518092240418],[79.7468467515119,12.007550730516988],[79.69117923583849,11.951658469717898],[79.7117869997983,11.931723999865511],[79.70706869171471,11.94710510870972],[79.72139074109754,11.945382976060502],[79.71745576678468,11.928578936097233],[79.74067629225914,11.905609756713238],[79.71129217930965,11.890818397058283],[79.7076669999934,11.913674999591082],[79.71874099976374,11.919081000441798],[79.69631999980648,11.91898900030944],[79.69603599973017,11.894792000091764],[79.67453827191855,11.891955518801453],[79.67598824019888,11.881210076647378],[79.70944600001171,11.889413000224327],[79.71907751879465,11.852576938172232],[79.73250345390522,11.865841315566476],[79.7526459998754,11.84969199973636],[79.76452799958804,11.876678000139501],[79.76960599958666,11.838301000327267],[79.78375751732047,11.855983742988737],[79.80789899997768,11.844688000035747],[79.79787800040961,11.824886000180554],[79.77305329408529,11.822366183721863],[79.73737999981314,11.844288000301802],[79.73565800021464,11.808848000369231],[79.71264675795437,11.791599336036601],[79.75080600034363,11.775617999871855],[79.76638610458514,11.79236409920263],[79.79583963417278,11.785522192194183],[79.75703537612648,11.556148514415696],[79.84259907827719,11.350742487210704],[79.83429467247895,11.321735405778826],[79.85662285085465,11.171354515679361],[79.8538164468593,10.983221369667339],[79.84044826569314,11.004005498306451],[79.81418612008106,11.00284821493541],[79.79746004925309,10.982053307686183],[79.78717086283145,10.997281241684817],[79.74828067787242,11.002886837337584],[79.76432321005896,10.959701788980054],[79.72408672232604,10.969812418694978],[79.71948316830387,10.95544826869859],[79.71994401806003,10.95163414124007],[79.72981839666328,10.950522031765502],[79.7368714937367,10.95702676210898],[79.72436673537695,10.92913208065785],[79.7633255774051,10.913920152638621],[79.75739016809504,10.908205218425659],[79.75730596143788,10.896396669820696],[79.76131812343847,10.901926350042373],[79.76406703429642,10.899965846939438],[79.75603059021398,10.894960326221419],[79.75612166758901,10.89043357082574],[79.79014773101414,10.908646079152811],[79.78409306130182,10.888795264945198],[79.8290485192614,10.883223424394037],[79.81115805236138,10.881225256180658],[79.8250231572014,10.865046569370021],[79.80774462255401,10.865242226198433],[79.80840034382956,10.855084692890962],[79.8278766048988,10.850130814225139],[79.830949678265,10.82782586094341],[79.85249660644037,10.827209231382263],[79.85329734360253,10.679417214579553],[79.84101759917215,10.67629743766929],[79.85333622963132,10.676480180099963],[79.85850132131597,10.472288555392362],[79.8804435268232,10.304685315125637],[79.86031895286604,10.282407741988576],[79.81675702319852,10.275838023856519],[79.81331728109498,10.288743294243062],[79.81392718831471,10.27561593511437],[79.78009251514912,10.272469795636148],[79.78338512674652,10.296058594204995],[79.74872250180803,10.314376505556261],[79.74873278512898,10.300720204645772],[79.77753702545014,10.284615471600219],[79.76766409967144,10.27180566712653],[79.53074251885344,10.309166178984047],[79.54413041528,10.32488531890908],[79.51292433853325,10.313138093210824],[79.3959000399758,10.3186351553355],[79.29846141121436,10.263298499446073],[79.26827221943235,10.232808731564093],[79.27735043978137,10.213294500504789],[79.24153667313811,10.184870408366844],[79.22567257671676,10.145827424597554],[79.2293523309828,10.107465003998136],[79.22312471139834,10.106006681315463],[79.21988739182942,10.112630193277079],[79.21948147272049,10.113055236130206],[79.21910269626541,10.112598762932999],[79.2271485501803,10.073584128193682],[79.24806710022958,10.070874266271522],[79.23928665778881,10.057799262173363],[79.2661117561183,10.039233637244802],[79.13887080059658,9.920861248838122],[79.14701344528423,9.911435636692524],[79.1255031267786,9.90370565993736],[79.12403564756715,9.88356195768423],[79.11844617173574,9.890654537097564],[79.11126567380336,9.892837579737149],[79.12083183219444,9.855308246864121],[79.08495513403133,9.83465047199647],[79.09390347676444,9.829362544614053],[79.0586181926486,9.77245137162926],[79.02987391460377,9.761463311216241],[79.01591177881855,9.732318979194716],[79.01597275381894,9.740392802002548],[79.01315044146936,9.744840091640112],[78.9598148300682,9.630934333935713],[78.9336402721339,9.606175053378438],[78.91522635191917,9.499031152942013],[78.89834092755845,9.4898959799119],[78.93633699462963,9.408284934136656],[79.06925777797454,9.295749504994735],[79.21118673742298,9.283265804660026],[79.2659284458555,9.292744172973807],[79.3099153887425,9.327646844315632],[79.32934201332056,9.320096212735457],[79.33504634070441,9.309328747890486],[79.31471714960772,9.281188349600376],[79.32400378246618,9.26357729919756],[79.41643758414664,9.187098900701235],[79.43584297058621,9.164171887641611],[79.43601045924332,9.158480211192595],[79.29939364833463,9.246764196107772],[79.21983108437335,9.257336983771475],[79.20919806128455,9.282403164942389],[79.08072139703589,9.261205992926708],[78.97892567179137,9.274851832236848],[78.89569633524962,9.251537233929778],[78.86109901014095,9.25540191484183],[78.7326027953361,9.211889350887903],[78.7172551989158,9.189542662793261],[78.66380176429757,9.193615235776118],[78.64220843488513,9.174678864713508],[78.65707490148353,9.157693786595294],[78.57824975891859,9.130999665908346],[78.53215821356216,9.13821384539028],[78.41383124785294,9.113947311321148],[78.21504443336201,8.966037926402562],[78.18664195238256,8.923590914271971],[78.15808082668278,8.79696493471746],[78.16180913133846,8.777736505239806],[78.18705554508355,8.764139952190567],[78.19913448943878,8.787475300096373],[78.19825272049523,8.76108014621039],[78.1629937513682,8.741345521424721],[78.12563863501747,8.665088376868308],[78.13797262104404,8.585963799695714],[78.1219000690971,8.515695110155],[78.1305894301146,8.496909021579418],[78.06388973760396,8.417985279146002],[78.05689638979639,8.379411279677367],[78.06703029204068,8.372853295383013],[77.97174857177,8.333260975622485],[77.88028754731778,8.268973027196811],[77.8029245358212,8.240165762804011],[77.78131024645886,8.201040720741364],[77.74471211407881,8.176915939085283],[77.57711293059923,8.136721398424138],[77.55876400463474,8.119289893866355],[77.56433086044181,8.092336644684304],[77.55133215806445,8.0780342212668],[77.31579675487696,8.121837131568961],[77.29822760868412,8.147366374014043],[77.23999092604689,8.176796021142684],[77.09607082284764,8.293168044413797],[77.13979333170253,8.329867880077847],[77.18061379348778,8.323517887314924],[77.16694343814166,8.342746849349505],[77.17429424707996,8.358632820563425],[77.15301721080064,8.355144173433663],[77.16129401834695,8.373978040847428],[77.15110730216692,8.384471721058413],[77.18167096371596,8.395794284746055],[77.20659986842112,8.44470257253388],[77.2280999866615,8.447252374793429],[77.20238409007592,8.501190418575671],[77.21430904701522,8.5128132580823],[77.24012424788874,8.4970536893549],[77.26170763281202,8.506152368543065],[77.28384684447087,8.546728597207933],[77.24408420270157,8.621820759626367],[77.20069269281457,8.66907637007791],[77.20671673817378,8.684195526389981],[77.17001187049463,8.741794720663757],[77.19246385173535,8.744440972723016],[77.1973285616667,8.768898273993626],[77.21795359572661,8.768236273295582],[77.2130654332201,8.77861591775673],[77.2297088773029,8.784587518339732],[77.2319843795723,8.807726253577675],[77.26275777008678,8.841992211130087],[77.25657091157032,8.87756684306389],[77.21823964921029,8.918687879789797],[77.19279559048032,8.926195977051407],[77.1962881472613,8.9545831351165],[77.14655534579188,9.02181524291926],[77.16746703957021,9.045299483948742],[77.19745574796009,9.046972727280899],[77.21240695730471,9.100482392391164],[77.26681439088225,9.152460789615544],[77.26515944198162,9.181260479469193],[77.25142608128255,9.188635883562092],[77.28171242812782,9.21657005588485],[77.28298734442669,9.301332728796949],[77.29953742591475,9.310911975024162],[77.2999727455002,9.336653035051267],[77.3252883197036,9.3371147051215],[77.34940585542313,9.441175442947776],[77.36600016317061,9.46008217615659],[77.39261336426901,9.45935017437676],[77.4123964159938,9.508977437036696],[77.4005073190377,9.527363840582339],[77.38517837437624,9.519231526134803],[77.3655637357638,9.535089525796177],[77.35026320108511,9.567081123250416],[77.36112810173644,9.60226174757239],[77.3394908228815,9.573313942378482],[77.31781874300329,9.602504872702136],[77.26971372245994,9.572769119017948],[77.2343017960153,9.58154528973238],[77.20895729121247,9.613443529097779],[77.16586297776273,9.612862729394958],[77.20671616193056,9.694656359593427],[77.20355571489125,9.722106368440398],[77.22390836476747,9.730373356996909],[77.23239972638129,9.768573654838162],[77.22266345555444,9.787791771583313],[77.24666602740314,9.797886555582046],[77.22177782043006,9.822451409317003],[77.22293527999294,9.84487972308318],[77.23718402887434,9.85138075382754],[77.21245005623973,9.876884814608614],[77.21825256413639,9.90429442041269],[77.24654236116686,9.951396481919673],[77.27285475897803,9.964194674976733],[77.25319359880604,10.012812329391885],[77.26189970815035,10.029725211940633],[77.20397634056,10.087728811248505],[77.20132563426719,10.106209955306978],[77.23824087820448,10.130077315044476],[77.26777640889796,10.1216136129819],[77.27530480218023,10.184418497812457],[77.29495562937306,10.217898372946557],[77.28193702121729,10.236555908095632],[77.2597230541654,10.230274146836187],[77.26292596104257,10.26333191713845],[77.22774714078142,10.315416050312189],[77.23564592482263,10.35225130715888],[77.17662319723682,10.358441163352676],[77.0428767353973,10.283767207449001],[77.0510811496227,10.2621093506837],[76.98244620596101,10.220120441492153],[76.9393602383116,10.238904306974051],[76.91159803781579,10.235286967393185],[76.87342194428875,10.276335870492131],[76.87313532955186,10.298484464812693],[76.84871568729562,10.285278130780977],[76.83031344193104,10.303626844759192],[76.84878538443992,10.368228671524651],[76.81637855633517,10.423519040575812],[76.84309609456224,10.537285305489469],[76.83826712335573,10.59666730409516],[76.81731226675413,10.603203458339427],[76.81009734326422,10.624180958039863],[76.81418242951246,10.63585618476848],[76.88247547619416,10.639707105055425],[76.86758909334955,10.694775139603752],[76.89294007194637,10.721460458499456],[76.90721024873707,10.782688013818877],[76.90068203525841,10.807304936233123],[76.84817226464531,10.818804550395912],[76.85378353108626,10.838958580918431],[76.82831543962097,10.871909633566437],[76.74078741926505,10.890970033098434],[76.65909484294237,10.930496453370468],[76.66678531477335,10.968334874034726],[76.71088737635284,11.038721692695924],[76.76659984996546,11.029093007969907],[76.80085956679508,11.053965554178774],[76.77815990419296,11.0420909826082],[76.74612893072907,11.054823560623515],[76.74829611524082,11.135837326352538],[76.72875405326928,11.130451640561153],[76.68955640619328,11.159574427216372],[76.70023854042357,11.181819436856314],[76.72903856726418,11.19103966107141],[76.73141614173447,11.215585792982312],[76.69826981685144,11.239601638830672],[76.629722639955,11.194173749762504],[76.60090082352471,11.206594471642594],[76.53385100178963,11.196753563591322],[76.51048204439199,11.211637590300922],[76.4723663942115,11.20875070649119],[76.45844286579643,11.187681468766323],[76.43862275167656,11.198961220438967],[76.45308789700815,11.239367345760394],[76.52217783414264,11.271338081847489],[76.54575558734895,11.300310348954296],[76.54785726256084,11.358885575932543],[76.50818455364379,11.354123437719963],[76.51775232671352,11.371563304050076],[76.4620823123655,11.387469769628323],[76.41507825807643,11.422627319589557],[76.41870494775067,11.441783227288695],[76.39767727586229,11.43502298174427],[76.34222596010174,11.467592623964725],[76.32547051637785,11.453328887673178],[76.28443504315662,11.482920295792903],[76.24757339939063,11.468540696837694],[76.25228649465465,11.50000033865313],[76.23848168569907,11.526266905570031],[76.25150541683172,11.537776621207493],[76.23308452548332,11.57077357895285],[76.27890633384835,11.600942130148022],[76.30238378639058,11.5712255785978],[76.33587650597171,11.59573619777842],[76.35457774459263,11.589311032771537],[76.37798143491737,11.601909715168544],[76.38809582025328,11.629667432978037],[76.43248048074872,11.63129031228257],[76.44405702430983,11.647194178024677],[76.43136225032923,11.666363368934514],[76.45821172018081,11.664329351118925],[76.51111127285007,11.704978424075925],[76.55055826136453,11.674193534361876],[76.55995453017499,11.622469488478087],[76.5767463446765,11.614495549633002],[76.75691864287305,11.61843693493995],[76.84693557228019,11.594470660586095],[76.858124540077,11.614029850504327],[76.83500509953953,11.655416385404957],[76.88834944183617,11.733643169438418],[76.90800360805723,11.795245400430051],[76.95393963042035,11.792052136285731],[76.96992269874781,11.776859735738826],[76.9821486230318,11.811503601779537],[77.01294023997144,11.814615034763857],[77.03874926843135,11.7938466917762],[77.02886476375666,11.774674732742586],[77.06294256564887,11.790396713427743],[77.05642675163196,11.76977576260851],[77.08021797981691,11.735981982772495],[77.11770643426861,11.7210720829059],[77.11074656172818,11.773472452799309],[77.23860169449803,11.79465274819406],[77.24987603454552,11.81301267787759],[77.28797552761327,11.800435621620897],[77.29385437869021,11.808998278288191],[77.33514883211551,11.77123077967867],[77.36484641478549,11.790403376889481],[77.39445553117716,11.78763319113999],[77.4272411131138,11.760870368761699],[77.46661466082077,11.847081040029908],[77.46162796029314,11.899983508036438],[77.48620035215134,11.887410295434742],[77.49480070362652,11.943847009335652],[77.5379839102043,11.932385395097834],[77.67569007772764,11.951978848651295],[77.6963691871204,12.015767477476437],[77.77556287161426,12.11844127950869],[77.72769811657543,12.18153032337567],[77.61075476258058,12.20614420382601],[77.4927112292011,12.197332070739426],[77.47203879968245,12.207893619108626],[77.48263395634532,12.230204477429456],[77.47201659608675,12.249869601496474],[77.4875979473718,12.280495234471035],[77.51418710269283,12.275383106129953],[77.55133675340356,12.291206723264612],[77.61680736463268,12.368199513669534],[77.63462541075566,12.487599319381172],[77.62608818546097,12.496308980140745],[77.60742358288563,12.475123835312438],[77.58368012299631,12.478795449453049],[77.6163264909843,12.50918036618887],[77.58720216942686,12.514754731742004],[77.58035001318594,12.551589645536346],[77.5910191138893,12.615243012215823],[77.60623212292106,12.62891246464753],[77.59887312472311,12.667157640910462],[77.65991011182697,12.68383999053922],[77.67638432073298,12.679471564823547],[77.67865464361074,12.660388908599936],[77.7042282156877,12.66140443616221],[77.71159049149733,12.683137577800808],[77.73992821636669,12.672989632503628],[77.73518192450615,12.694021753934157],[77.76392390229748,12.699636411756126],[77.77445125766783,12.72421439880672],[77.7624159861204,12.735314227361465],[77.79274397739968,12.747863545768787],[77.77884454103213,12.768006849128701],[77.80853720820845,12.796725512100721],[77.80988158260773,12.831531832627686],[77.79246277821767,12.842703748525143],[77.83601344204543,12.870329681660044],[77.89034388495725,12.869655142597399],[77.92932457922363,12.890915582916188],[77.94132498474173,12.868739653716194],[77.91856715622477,12.830575519260373],[77.94067831668767,12.823344374356875],[77.93999455872714,12.853142646269125],[77.95233599661238,12.857116812135676],[77.99520259248389,12.805857587399407],[78.01511005509538,12.81336617243314],[78.00371017881129,12.8247821088844],[78.02898787055418,12.845185703850122],[78.02386568890869,12.856500915989882],[78.05355914207378,12.853790336659662],[78.13423755103206,12.78196572303502],[78.230951227994,12.760659714739548],[78.24100785966259,12.729943121923707],[78.20574759438935,12.706403229132391],[78.21058901626591,12.686076694320993],[78.23770675149734,12.685759953775344],[78.2445609878268,12.706326288667773],[78.27108606373365,12.705057993837798],[78.30099437102918,12.665869266514294],[78.37142516932082,12.627106440444697],[78.42706756418043,12.635242762009545],[78.46491842568003,12.624011122473336],[78.46789965383199,12.675892085932043],[78.49933412061046,12.675085473030597],[78.50306925791052,12.716769517159149],[78.52001350754479,12.712013424525948],[78.48908796292969,12.74198039697921],[78.505270773035,12.74296222482012],[78.51669320884554,12.724373347257606],[78.52092381464624,12.736130916797281],[78.52507155656619,12.715418843076822],[78.54428019733949,12.710937799798026],[78.52960839121826,12.71021841755296],[78.5349053066088,12.69112464041706],[78.55587556411638,12.70015727226955],[78.55562811598206,12.755785069349955],[78.5925210231232,12.782675628430585],[78.6077576646066,12.821902619826641],[78.60155930891932,12.850803829303418],[78.63343561473904,12.931746021244978],[78.65701386271893,12.932106396028221],[78.63805852067047,12.96475931851548],[78.64716929927586,12.966237127247702],[78.62089681364854,12.991240368808116],[78.65552037665611,13.015248065261346],[78.65621469696197,13.031169391758038],[78.70527143115692,13.015238622203755],[78.71451634266917,13.068678315253528],[78.75177602798402,13.054941810272966],[78.79430397202174,13.066583927169091],[78.81313985492193,13.08914229746549],[78.84203642531884,13.07861309081963],[78.89158114230113,13.097087331182683],[78.89164302045273,13.033058363927946],[78.93710704943923,13.030426710982915],[78.92916311773524,13.045758780558904],[78.90367541322529,13.047705617313593],[78.92394154765493,13.08080906760055],[78.97027952962283,13.074713863766135],[78.99500118186604,13.086608660112248],[79.0633976343588,13.053107344489332],[79.08090729458986,13.025727124776578],[79.11448180769194,13.039272142376769],[79.16312114183421,13.020270373670332],[79.1929964597769,13.046695498527724],[79.18043969740707,13.048849546383364],[79.19209993293842,13.056146237741293],[79.17829799290445,13.059186230124267],[79.19212109037504,13.067431588614523],[79.18065877855527,13.084242357422198],[79.19829339309862,13.081341318741131],[79.23442666616435,13.105228877630752],[79.2328729697486,13.139370222898648],[79.21003004253869,13.148458091150138],[79.2349291525047,13.170843516592413],[79.24527305714642,13.13827581727682],[79.25745613868833,13.160736267934379],[79.26208754665399,13.149041846198658],[79.28033943235458,13.152868728130214],[79.28401760579978,13.122769889239743],[79.31246370612998,13.126141605585834],[79.29430542158079,13.109598980533836],[79.30718986094338,13.105521888941507],[79.34130595580432,13.136820444899524],[79.34510870522345,13.121266432489389],[79.36050482395814,13.123537546043242],[79.35611537046508,13.16457928782823],[79.38003813325672,13.162926321765944],[79.36952220369005,13.172914319503722],[79.38772672107467,13.177528977061337],[79.37403254511902,13.189257135023201],[79.43842768099005,13.188175122936848],[79.4373785608173,13.219554485705087],[79.45380044067974,13.216942611325319],[79.45328951308886,13.2384878577817],[79.43086644634793,13.229847966690748],[79.43767925171966,13.242888783055188],[79.41849621649439,13.242960107941894],[79.40841812333316,13.26526961581934],[79.43373232841861,13.274987036230737],[79.44542222931291,13.301251735428236],[79.42003527171218,13.289546840933676],[79.38188801281359,13.307487805689819],[79.40536137245022,13.33503746886167],[79.43166884591162,13.336714818649908],[79.4354289909173,13.351709701916711],[79.45625511681797,13.338570740149871],[79.49970838390333,13.347787400619785],[79.49738387323887,13.332038045042124],[79.53730509892186,13.33864706825479],[79.53460244299323,13.27539688856763],[79.57926643232273,13.257793137662658],[79.59605682534851,13.284853812174868],[79.63163779838595,13.26969805139909],[79.6424817359653,13.29014819714952],[79.66387413072619,13.289766701260298],[79.66538610201516,13.278716510911682],[79.68260530804628,13.295824134394024],[79.69574914253572,13.26727645565562],[79.67829334227886,13.261653601315373],[79.68427382348676,13.244428815497752],[79.70912457616927,13.251043491865826],[79.70224238826786,13.224149899077645],[79.71640674785569,13.216421674455072],[79.7373170823185,13.236534770933778],[79.75008213793389,13.207994284478524],[79.75499101449697,13.20647815805598],[79.79449303862803,13.226321734553359],[79.79473202035886,13.242103946286031],[79.73065083311292,13.282866243572629],[79.75674668441404,13.295288372731054],[79.76027052904567,13.318204941712514],[79.79173280609734,13.293524142350828],[79.80890213906964,13.31725357183152],[79.86280893845672,13.316920846069292],[79.91597242279576,13.359869173362043],[79.9331146960687,13.351917721262657],[79.96275461762832,13.39135767571092],[79.9345709523961,13.416453212302233],[79.9733387159497,13.429672476715],[79.97242033208127,13.469091660507132],[80.00749053647432,13.478640515286779],[80.0159045541351,13.497951506492594],[80.04661829767302,13.49368380513954],[80.04842321278778,13.512250756073453],[80.00051907078242,13.52567541289257],[79.99859971387332,13.54272382394185],[80.05693460264946,13.536636519806759],[80.08125942940346,13.54975122806282],[80.07819007003536,13.48881143484733],[80.13921277556409,13.504273795480929],[80.14514498957571,13.491415239561391],[80.21459856161927,13.49027183092718],[80.24181401229735,13.470646953578454],[80.26874886071906,13.564628197834447]],[[79.6929415916991,12.035204658378918],[79.66045475372043,12.011136815753419],[79.65697860511382,11.991228856417726],[79.71989751648462,11.992119366432949],[79.6929415916991,12.035204658378918]],[[79.78881400038479,12.027125000334703],[79.80133300004476,12.016813000431421],[79.80580009040385,12.023984418917285],[79.78881400038479,12.027125000334703]],[[79.64253839642492,11.942641897970537],[79.65025498359884,12.021157870461678],[79.62516409623672,12.031695138866171],[79.61795074290109,11.924876656372028],[79.632274608436,11.901944109930849],[79.67151218512733,11.930167189703372],[79.65690713545614,11.94817129195669],[79.64253839642492,11.942641897970537]],[[79.68638100008685,11.972581999826566],[79.66261288746661,11.969198441441375],[79.65430517192561,11.953287888191856],[79.677080357456,11.94793009497719],[79.68638100008685,11.972581999826566]],[[79.62115973074734,11.891750682921886],[79.60853528293732,11.876626412647092],[79.59968193406192,11.88353477214258],[79.6018149778219,11.858406392914146],[79.62861030099654,11.870503252817612],[79.62650576316678,11.85492785951822],[79.6576284699021,11.85286887500868],[79.66222762833908,11.867065863600343],[79.62115973074734,11.891750682921886]],[[79.69893199967255,11.861364999961971],[79.69722299980324,11.87404999964916],[79.69605300013467,11.860395999945103],[79.69893199967255,11.861364999961971]],[[79.64776745377918,11.844585099384522],[79.64061533413319,11.823642391284755],[79.67046699973231,11.814910999794568],[79.66132999956109,11.839541999983842],[79.64776745377918,11.844585099384522]],[[79.69454800037339,11.823372000102164],[79.70422250430158,11.813135487045177],[79.70142403397494,11.823358442877112],[79.69454800037339,11.823372000102164]],[[79.69043157357909,11.806132584789848],[79.6748343494832,11.804060506828904],[79.6796234055768,11.796933688219207],[79.69043157357909,11.806132584789848]],[[79.74795185344307,10.990423746391746],[79.74685587991682,10.992007994406428],[79.74678737208637,10.990369214403811],[79.74795185344307,10.990423746391746]],[[79.72296303434224,10.935669310905107],[79.72073168634272,10.935678615047891],[79.7223322487661,10.934705870063102],[79.72296303434224,10.935669310905107]],[[79.73888193658028,10.92038379730055],[79.73944706594898,10.91999504812845],[79.73889698759304,10.921460366379105],[79.73888193658028,10.92038379730055]],[[79.8107300367231,10.88015773413425],[79.8062035247185,10.879684622760193],[79.80950716633804,10.877397387199938],[79.8107300367231,10.88015773413425]]]]}},{"type":"Feature","properties":{"OBJECTID":38,"STATE":"TELANGANA","Shape_Leng":2493459.32943,"Shape_Area":109015981350.0},"geometry":{"type":"Polygon","coordinates":[[[78.33565185875004,19.883577857703568],[78.38067127785762,19.88043619704352],[78.4002821894224,19.834027651353704],[78.43167862561145,19.81487634936879],[78.47245903863504,19.817338268708273],[78.49023814945386,19.792684456333323],[78.51501832446353,19.81893338497035],[78.55200650745974,19.824084590915472],[78.69256254342301,19.791026671887046],[78.71916067553227,19.76664824531213],[78.74005701694222,19.78313315217339],[78.78236598459874,19.77840969923134],[78.80216094023291,19.756533796915516],[78.84096345363591,19.76189008500267],[78.85992308609563,19.68949128111417],[78.85192030391192,19.65836082066273],[78.88672681448001,19.655071367772862],[78.90353571532505,19.67000907672625],[78.95555844309365,19.655791000857008],[78.95562022051573,19.600171196595035],[78.97283491656712,19.582387659125235],[78.94044360064088,19.551868301413013],[78.97422311491563,19.549383227920547],[78.98125194182883,19.560839381248858],[78.99803139159448,19.54008433923624],[79.04601146037496,19.548325712828902],[79.09803451388636,19.532026770563665],[79.19031193258444,19.45898473628043],[79.22358933629334,19.469074903776846],[79.20385114222663,19.494083474039527],[79.24002308982766,19.535240211256276],[79.25312426274441,19.59328715879703],[79.24355707047559,19.616688943740748],[79.30684049358665,19.596556016634594],[79.31393055191386,19.566420805980865],[79.31844411531206,19.576723379183047],[79.36573002849127,19.576331394783814],[79.40531870324685,19.535667473761265],[79.43333414714262,19.537256597209726],[79.471424890333,19.500191724764733],[79.51858859767984,19.520182827188407],[79.51861081963321,19.543109248970353],[79.53992721349299,19.554661262453198],[79.55293237396707,19.524168599132214],[79.59615396936678,19.50727732242485],[79.62791950263261,19.57317082239206],[79.70899970440138,19.584478292085645],[79.75344827729593,19.607533911982095],[79.81482669097247,19.575419747750473],[79.86458394968639,19.510513651078874],[79.91486568999683,19.495840622180925],[79.94644345056857,19.467823277100145],[79.97971729401094,19.38940479814891],[79.95908049470825,19.33594022579938],[79.96587244023422,19.30303874174285],[79.92474234415678,19.22729925462077],[79.94566854872718,19.16893659439813],[79.8584295721302,19.10241622734811],[79.87110277654975,19.041016936907724],[79.92791936759284,19.049318054187587],[79.9402631514642,19.032563840936042],[79.96160503121484,18.86662660296444],[79.91578230544728,18.829912549649627],[79.92104789865571,18.810230709051456],[79.96415410068816,18.773825003259034],[80.01854428419645,18.770382977034803],[80.0527969519027,18.725058817533753],[80.11812187011265,18.68051679265935],[80.15770799598768,18.700979757842955],[80.1965690185287,18.680795451828722],[80.21277170585809,18.705717739854563],[80.27994810245505,18.720740113617858],[80.34812289525695,18.594139219774004],[80.37515916018843,18.610656212139563],[80.38845240241348,18.59665664293464],[80.45612350077728,18.62935807744722],[80.51466073815516,18.619332499682116],[80.53450809609802,18.58835321402738],[80.63756920797555,18.522529296051637],[80.65530846550007,18.47586259932663],[80.70531358640167,18.43986202233951],[80.69895283355478,18.421430397014138],[80.73487357466934,18.412840512945156],[80.71967596781684,18.39079511808522],[80.7487237365308,18.30892473044404],[80.79428444990913,18.254562548315633],[80.73720230669439,18.222092916493423],[80.73690309318225,18.17716456757809],[80.7991133319852,18.168169757577555],[80.82406828294421,18.191036339338137],[80.82359192901353,18.23607533138575],[80.8367245819605,18.238919784843134],[80.86593731279108,18.23012786492849],[80.87260795213588,18.21057653617177],[80.8529119955465,18.202001142131092],[80.86666955439968,18.136923397134076],[80.9141701720334,18.141170465477643],[80.97902754653082,18.17541126121588],[80.94925722402765,18.082861606745087],[80.99834018405211,17.916786516629273],[81.00821903468517,17.799366257953643],[81.04661652947348,17.78230730583349],[81.08558749965351,17.798023476705406],[81.10426226012035,17.772006361560983],[81.05816501322533,17.73308576590567],[81.04056442893173,17.747608380418402],[80.9913179694752,17.749917129242355],[80.97342181740467,17.780122161431255],[80.88554632269218,17.7356779538086],[80.88576515722775,17.681218776651495],[80.90495630173515,17.6773195039224],[80.91105496686458,17.63801721383948],[80.86149487294928,17.634214634769656],[80.85513832983999,17.602412797809848],[80.96939520565824,17.598055470219936],[81.01989579664288,17.520034335555902],[81.0975631876751,17.504255902501427],[81.12727966430924,17.526422939046814],[81.14214537820648,17.488587538909865],[81.15968076807273,17.484370095760458],[81.14825367493277,17.46365328524514],[81.17554726125294,17.46363637679554],[81.17232707033966,17.44904329029575],[81.1932971511069,17.43562515874459],[81.2052636089203,17.449587930854392],[81.31238226306112,17.408723800536524],[81.32264131487403,17.37454770385533],[81.27398032779053,17.317459168348574],[81.19036515874753,17.325080250231004],[81.17393257881434,17.230606851204822],[81.07956514092663,17.21554752718153],[81.05460934514285,17.2248742019527],[81.0312318660328,17.190601302953635],[80.91884229086843,17.220007508759092],[80.92399459423426,17.157846257046995],[80.87943805423285,17.16083009448444],[80.86774061542732,17.123130611970144],[80.87722821308029,17.070557406423845],[80.8453094512176,17.039967155263955],[80.73888132595044,17.079588912517725],[80.6537858374383,17.06888764124284],[80.6705547724131,17.101187539905006],[80.5799971531509,17.153344721115396],[80.56316252069205,17.133378047851135],[80.51406032332152,17.122326934876064],[80.5053779614959,17.068739828420192],[80.47135796980112,17.050646193987305],[80.46484161221086,17.03030140490797],[80.43861172958142,17.037860614750684],[80.40903042744722,17.091496958928246],[80.38571852255676,17.06820302894466],[80.40703486361323,17.015796036019964],[80.36340456958197,16.97606555990546],[80.44965059138885,16.95504453409996],[80.49342734098036,16.927710269236684],[80.49922903187635,16.95633461917759],[80.5261034839943,16.947881380575147],[80.5346757614614,16.961694801165994],[80.60205074784173,16.91869593045768],[80.58712000509983,16.904177811162043],[80.59588976752346,16.88490546923972],[80.56821548568546,16.86958636262337],[80.56282630983087,16.833126197165388],[80.61296655586995,16.793540995456155],[80.57024080111637,16.76800901746716],[80.46445492734155,16.79544865651784],[80.46424021970435,16.819977759306067],[80.38315424262075,16.86531476721786],[80.37857415473333,16.851845339527703],[80.40778035511387,16.84851357975707],[80.38041686955025,16.81773588796103],[80.37406560588936,16.852394453305166],[80.32169886233392,16.879629864561885],[80.31662338584529,16.948613705085915],[80.29026386659231,16.981355567876726],[80.29357959108647,16.996611307314016],[80.28265015177949,17.007950441326464],[80.26486926520964,16.997517635955653],[80.21142152760127,17.01055185765417],[80.1964527662379,17.04403365179626],[80.1872870820284,17.01995502001556],[80.14023685018704,16.99059227321727],[80.09516057953054,16.990651501661986],[80.0914848862418,16.968378373166384],[80.05543804820685,16.971421830255792],[80.04040315754285,16.918364869031613],[80.01738295959252,16.915256923650205],[79.99876147147302,16.865498151441674],[80.04684198284679,16.85362689297594],[80.07059921144602,16.801978880384695],[80.05495314331084,16.74493514012498],[80.03003704883102,16.71469528909093],[79.99741126798709,16.70238329949872],[79.96161043255188,16.64287214842787],[79.9101094766761,16.634210766793135],[79.87753325849988,16.697588911696656],[79.85106831173684,16.706129277365697],[79.81726906280116,16.692157925368118],[79.7739993518527,16.731064642066638],[79.72290455429648,16.690567531836344],[79.68155372764546,16.6946632779327],[79.63310440593548,16.660716269379783],[79.59893857627092,16.673517113580345],[79.54210821337563,16.63253983558645],[79.44719430556091,16.620006575383055],[79.41866194891462,16.580540557975674],[79.25909587235438,16.567217470941337],[79.21485964217554,16.48820782943438],[79.23338583553557,16.45950130639832],[79.21159427452349,16.447688253167296],[79.21023133052402,16.358534434457912],[79.2343247458586,16.334144190899593],[79.21338633423993,16.22502116814604],[79.15697910636757,16.209596919002376],[79.11975785069039,16.23224729874027],[79.10166813548346,16.223164614883636],[79.00954607753044,16.240523712048358],[78.98575512126745,16.21102494854081],[78.90492898638955,16.183186749245703],[78.92432007700468,16.136091343397936],[78.92047672638711,16.102313616034266],[78.88926225890943,16.085104376423292],[78.87292326874845,16.14356794391772],[78.83471422109442,16.145473583500678],[78.83710221649415,16.070689508308188],[78.79075780757607,16.023889032940293],[78.74095398026063,16.008980777877362],[78.68124191307523,16.035106683397213],[78.65027220850193,16.079121726874998],[78.62102719808782,16.08836221822854],[78.55181541241969,16.043118511377806],[78.4101197283785,16.07538134529201],[78.32661978985035,16.03705463766639],[78.31232515094261,16.01182768726422],[78.26250427229837,16.027028660578214],[78.25168291025327,15.935545803700792],[78.18205383725692,15.907674658833637],[78.19000246548288,15.892591581208995],[78.17541242366687,15.858399418033327],[78.13560620960708,15.855028721638147],[78.13406942663526,15.836584934605979],[78.09904827890776,15.836328349020189],[78.04689207518877,15.875224898329515],[78.04501563529743,15.904464215735882],[78.03196359368899,15.90766840281506],[78.00893796304727,15.86207787274623],[77.88805825139963,15.906406399354958],[77.85859263622297,15.884031337963933],[77.80359918418334,15.874458573846104],[77.72418150202066,15.896137139885507],[77.65928862722001,15.885822213654786],[77.6114816525562,15.918256928315662],[77.51343815886004,15.926792457029965],[77.51405206542994,16.008076306735276],[77.49400140577488,16.036987862104116],[77.50687535063398,16.07963554792376],[77.49365800066059,16.086343574800793],[77.51327558201969,16.108023768205886],[77.48979304219483,16.11961931410077],[77.48615199117204,16.16298424496024],[77.50114912941362,16.221717789344947],[77.51565742448221,16.227789533259482],[77.49234301659794,16.22929729607822],[77.4900660498157,16.255180484852076],[77.5048148318349,16.275800925816505],[77.53689792568352,16.26680401911016],[77.56320584555702,16.301635528466026],[77.59771903933076,16.29280516537794],[77.5953829866655,16.34219940932611],[77.57272040208629,16.340934148404337],[77.48969095626272,16.38501479744656],[77.42094837332444,16.366230530280756],[77.34909706281843,16.383845435456895],[77.2882110210002,16.408701572800485],[77.23576101892733,16.472743948680684],[77.29399660797644,16.476670325515006],[77.29871290946188,16.496161538537304],[77.3690127889651,16.488671381056047],[77.37778880650062,16.513704827852024],[77.4191167881742,16.522378339903224],[77.41901714099235,16.548924430185597],[77.39287453023053,16.569974416713485],[77.42375767470797,16.56888095651892],[77.46739659923188,16.598836894675625],[77.45364779146064,16.61674717020651],[77.4761106733518,16.6501071099479],[77.43434356453855,16.641382053385914],[77.41886044332516,16.668572307202417],[77.46980168185524,16.687030048522708],[77.47404962743076,16.71655883148766],[77.43846202076945,16.711679224134105],[77.42606788189876,16.72287375451234],[77.43949882485894,16.789131621275214],[77.47650134938388,16.788368064395097],[77.45708296453653,16.830179831084944],[77.45401588611176,16.913897662569642],[77.46943530286775,16.91919738376656],[77.47951622971499,16.996017536714046],[77.50253161575162,17.01410452679642],[77.46362279293002,17.10999677650888],[77.40665836419682,17.124511231416736],[77.36372430799284,17.158781726899786],[77.37227170717345,17.19556283077004],[77.39389361274556,17.194396589161816],[77.4037478603618,17.2098921026845],[77.38018764838098,17.22253049009002],[77.42041860869807,17.23762484783984],[77.45853522374998,17.278997290395168],[77.43792590753687,17.291918842550885],[77.45601107372727,17.33123632822659],[77.45360624463851,17.373989925841407],[77.47909594752792,17.37072119311745],[77.48381852043093,17.354997425776524],[77.52980190689144,17.370711345138098],[77.53784414030655,17.406092762975508],[77.51417375863048,17.41418124081439],[77.51299842604674,17.430870327428146],[77.53730103208355,17.443746850513048],[77.57586181683065,17.430714422518186],[77.57618607401221,17.456167635162934],[77.614271363218,17.445946412005704],[77.6152311006759,17.47289068091676],[77.64478522890796,17.477566232770435],[77.65689230680273,17.50646110415411],[77.65736485693104,17.480918485469097],[77.68840212738473,17.475196078752113],[77.69239554919166,17.49687905437503],[77.66200957713995,17.52282274693381],[77.5968992899896,17.534303174289427],[77.59379986833899,17.564513139453858],[77.55055929877007,17.551733836366026],[77.52838340489238,17.57536553886469],[77.50689876192796,17.54227896822934],[77.49406572304692,17.56835788467523],[77.4431189974521,17.58396319035512],[77.45243015667117,17.694703385504628],[77.5459638817738,17.72684073276227],[77.56853424195195,17.748906356765243],[77.56914953350409,17.76649197170672],[77.50655738670517,17.785952675593737],[77.52822142647062,17.827897824506504],[77.55402610826707,17.820067892387556],[77.57639878422893,17.87541940481606],[77.59907651087772,17.87308729402622],[77.58606317422131,17.907835700759428],[77.61903861456432,17.904058633692436],[77.6245445387792,17.959602860277805],[77.63301285339426,17.967382101655016],[77.64948494777988,17.95001525189905],[77.65585519956058,17.968839263099436],[77.64890562613623,17.998877619153113],[77.62778743746898,17.996787186498107],[77.6059338410347,18.020232987500314],[77.58859021582126,18.01215627959004],[77.54763567265917,18.056131123988497],[77.59880370976005,18.09333132210934],[77.5968428812803,18.155947615199132],[77.56346054390222,18.196128998304427],[77.58531465804056,18.219820318247145],[77.57177963552489,18.244001909830242],[77.60542160745739,18.281281170138797],[77.55140128136115,18.291912915917603],[77.57047950614441,18.318112544269688],[77.52273411071974,18.345398188673645],[77.5567560639847,18.41714334005582],[77.52816662079788,18.428913050364166],[77.52751602175817,18.442111241059926],[77.58529734099561,18.44679230495409],[77.548563405339,18.46858131114255],[77.57286101931965,18.469814926196527],[77.57636930143421,18.486784646738187],[77.6031260550623,18.47684752440811],[77.60470685344573,18.496366809279216],[77.58590690075313,18.503996131884882],[77.60028147355781,18.522296548033342],[77.5963694221154,18.548941380658047],[77.63400010917785,18.543917766864688],[77.64791314787225,18.554931356048968],[77.6558604002904,18.530898951329995],[77.70156143248514,18.555171130569207],[77.73849960730972,18.556788709354507],[77.75034273783642,18.589215471542],[77.72997424724697,18.666936908438934],[77.75350376565859,18.70099198210321],[77.76815202528995,18.705859357750327],[77.78728825198249,18.682639975552995],[77.83995480264771,18.804821511934616],[77.9482753520025,18.829097124544848],[77.94890092557333,18.84328916582152],[77.90323203949458,18.866625519477925],[77.8853844487807,18.904200157939208],[77.84325423222454,18.908693375431536],[77.858591644031,18.94911097679295],[77.81924931764321,18.94585994068967],[77.82175777593501,18.97850776703637],[77.77149715594321,18.97915906637062],[77.76199629618495,19.031852645657573],[77.76481199057818,19.062655286412557],[77.80034943311612,19.051121571717864],[77.809934258313,19.104733974100583],[77.83127001458027,19.086080578313698],[77.85039502620205,19.088556895098197],[77.83406293140412,19.134308249717343],[77.86049421300599,19.180354254607654],[77.84772102291915,19.18959495367921],[77.87140505514245,19.25502036914571],[77.90284701255987,19.256462768000222],[77.90756357478179,19.268228379074994],[77.86557552014644,19.283821549787614],[77.86345878365593,19.304196348209818],[77.91154588637106,19.316257022975517],[77.9451218980345,19.34245296943762],[78.01349690590827,19.294717657288444],[78.01481972723178,19.279037389832016],[78.04250627410606,19.270603767116118],[78.04161357724128,19.243428142210476],[78.05567524907696,19.23712171172232],[78.07909687597353,19.25483432845505],[78.0891496252096,19.23936818921789],[78.11703804364804,19.248637272514692],[78.14454691125309,19.229400732031834],[78.17532099617266,19.237578550117956],[78.19373885314411,19.31488612571829],[78.17214822758821,19.34929886510245],[78.18767298801099,19.39459295034051],[78.17619001952588,19.412262465767167],[78.19506524461526,19.40675371697493],[78.27043943460363,19.456155143858393],[78.30434095742429,19.45613704887655],[78.29322965891416,19.54223359026061],[78.27431076480092,19.553974587329638],[78.3036889129454,19.569320561416816],[78.3055669121005,19.60706653748166],[78.29046249488108,19.646001012025458],[78.262649047738,19.66506424239773],[78.27618587502464,19.692415346199965],[78.31182129492713,19.691050463532378],[78.34313414577775,19.71325002014647],[78.35889082667059,19.802885237243522],[78.33402456070729,19.8145917208565],[78.33641446993397,19.8379232418834],[78.2997504571372,19.84099658440489],[78.28531328086174,19.8566169836112],[78.30702790900732,19.91429755898284],[78.33060489328896,19.91469314400195],[78.33565185875004,19.883577857703568]],[[77.52398859241747,17.785185037106526],[77.52128800845476,17.782959516644777],[77.5267893215441,17.78448237240285],[77.52398859241747,17.785185037106526]]]}},{"type":"Feature","properties":{"OBJECTID":39,"STATE":"TRIPURA","Shape_Leng":1019683.58831,"Shape_Area":10063479566.8},"geometry":{"type":"Polygon","coordinates":[[[92.17092864608547,24.53064339262544],[92.2305074873008,24.499980602477898],[92.23015825664825,24.461646389030772],[92.25939508817935,24.439213010573226],[92.2740899175266,24.388317410618512],[92.21287240350804,24.249926838434853],[92.29829566998461,24.252655608365032],[92.29552049586545,24.227665604567832],[92.31438664787179,24.22389666345791],[92.33178436078114,24.182730427667728],[92.31422174278812,24.047514292617254],[92.330711694249,23.990055618905355],[92.31128060302727,23.958099547630454],[92.3124342846806,23.93131589133582],[92.33117530018998,23.920601197664478],[92.31538172552122,23.88092222184647],[92.32528398878942,23.86972113735639],[92.29255494147964,23.870161928449907],[92.27434482827051,23.848869184671113],[92.28653378483736,23.81920777441739],[92.26030052574174,23.813379414246793],[92.26548059510336,23.724766648274482],[92.23916937559378,23.718427862475348],[92.2226239593811,23.6528258555254],[92.2066035825954,23.66100423741665],[92.20703015110684,23.700615207984313],[92.1777070096959,23.707560445756783],[92.16973393188314,23.739681588207826],[92.14448798232655,23.733395275741476],[92.09969410456216,23.676708598854148],[92.08302943732018,23.680053329443076],[92.07918096812305,23.64845241614958],[92.06333561294053,23.645015388671926],[92.00040811716282,23.67069681453421],[91.97826835320922,23.73308352949561],[91.95066804411928,23.72623383266499],[91.95789426132991,23.694406447985582],[91.93401838389461,23.684555154491143],[91.97038529684848,23.478282859628287],[91.93666222367935,23.46660237835684],[91.94260805422459,23.434976537896567],[91.8997113285233,23.440600248171222],[91.84498944982133,23.404685385264056],[91.82514208716607,23.35234325072124],[91.76240934633833,23.302936027813484],[91.8100907535338,23.165072894020067],[91.8134557191374,23.099200671248425],[91.83580037331188,23.09298550442162],[91.80602757060198,23.063028389266954],[91.77451740818496,23.06961598570285],[91.78060815930411,23.029092472261336],[91.76854227643723,23.040934728329265],[91.72062470202343,22.987423858792734],[91.64545948138887,22.985021559105],[91.61819301245951,22.938453588479923],[91.60016616091568,22.954695597922463],[91.61379638629828,22.958371455527463],[91.60610450696709,22.97190863091701],[91.576762542956,22.965218997316267],[91.54248651444668,22.999457074745962],[91.55035650921782,23.03840858228192],[91.5304896694939,23.03830841873691],[91.52983207430579,23.0916619790599],[91.50314575591206,23.13049096574865],[91.51531805121532,23.144988361184282],[91.49873299416635,23.142471195863553],[91.5072153629105,23.15423572759986],[91.49088179224536,23.157603634117393],[91.49174123007079,23.17755964137158],[91.507540481265,23.183684344405677],[91.4707566844043,23.1964197602432],[91.48443081535024,23.20918086065932],[91.45061332149548,23.21941337359116],[91.4702728573508,23.22763056911937],[91.44523565056852,23.24707435569403],[91.45421040097365,23.260370828443197],[91.41831298805175,23.25538784808396],[91.40893863513958,23.285193558194617],[91.41132441591186,23.25566447644604],[91.39756115323397,23.265124652071634],[91.40874482509813,23.24761622136375],[91.39255325314952,23.24589254430977],[91.40091122235572,23.229114399267456],[91.38647096920884,23.227555606873253],[91.37989631520549,23.184512912276535],[91.41723446774283,23.064516819887693],[91.39585504556128,23.05604060901931],[91.34695855978187,23.102302613628904],[91.32333456585646,23.15801380443976],[91.32660682325903,23.252286584606605],[91.3002237281788,23.29245208869728],[91.31316492131664,23.306303184978507],[91.28985282713955,23.318524493533197],[91.32008596811743,23.360088305248297],[91.29107061424608,23.35065705126764],[91.29432948461641,23.374678299200284],[91.2797511387498,23.376598231391696],[91.24934241641951,23.490170955008622],[91.20076362180811,23.52002354370241],[91.21294567347277,23.550414121976583],[91.19445076539357,23.547177647803306],[91.1771299627853,23.59319834887602],[91.16249868157195,23.595043785691374],[91.15630381404127,23.670717389300762],[91.19942169519427,23.646578890216496],[91.20852857077321,23.686401214073577],[91.15424271544892,23.688392931901895],[91.15707702662046,23.742018341709315],[91.19662855969837,23.751093172285756],[91.2190282536107,23.736426459350014],[91.22663674350098,23.79156386895969],[91.25408785174915,23.837185671005127],[91.22961558263285,23.88059442148847],[91.2461844629324,23.913080148577514],[91.23301899382076,23.92695719331143],[91.27621368738606,23.922524989809737],[91.26423052333851,23.944219373340253],[91.2846882030837,23.982099853030757],[91.28767960562284,23.96800652125667],[91.29979408487961,23.97211965237896],[91.30401107948903,23.998009924307564],[91.37952657892966,23.975326185702755],[91.37333590060041,24.002645284236827],[91.39659846557807,24.049620144615595],[91.37461056266247,24.10777038909498],[91.47316465995695,24.101752742566248],[91.58607295623912,24.07260098163727],[91.59454000953187,24.09653371000406],[91.63793269931564,24.10292246422252],[91.63444594670118,24.13805495737277],[91.66012813109678,24.189535140973263],[91.64774989707493,24.218488992980266],[91.6651592676771,24.23352930632911],[91.68828058840757,24.162085405769343],[91.75937265745422,24.141527418640635],[91.74502847804341,24.246974819147812],[91.81635591232838,24.209938092807516],[91.84470713016789,24.225770570911944],[91.85517932691434,24.2123862706792],[91.84543951625214,24.191381784283223],[91.87398836136633,24.17447005622696],[91.88462657083346,24.138601729405867],[91.9057525777796,24.13860024454904],[91.94081865665909,24.26809150346961],[91.91998876371832,24.33746094465175],[91.95680147255841,24.35663423695854],[91.99595060758675,24.322054485336867],[91.96691513006542,24.379773782556917],[91.9857870450302,24.376890716600652],[91.99643974006287,24.393667241112812],[92.04403239139823,24.37487220585836],[92.12190120960334,24.382242932653575],[92.13679962758953,24.424959848700187],[92.16912822947538,24.427766325565095],[92.15049633209932,24.49522333148054],[92.15496470097087,24.522969488594068],[92.17092864608547,24.53064339262544]]]}},{"type":"Feature","properties":{"OBJECTID":40,"STATE":"UTTARAKHAND","Shape_Leng":1660383.18551,"Shape_Area":51959881283.2},"geometry":{"type":"Polygon","coordinates":[[[79.25028460802363,31.255364481299573],[79.29262284951496,31.221218236697986],[79.31748135791959,31.136720734302443],[79.39880309729324,31.107786474103598],[79.40772734328773,31.076991473702087],[79.42456785439265,31.07107448432206],[79.4247603685409,31.030491986216923],[79.51903486928121,31.02670598615479],[79.5525472016253,30.96006766512677],[79.60345524426255,30.932654533948888],[79.66359506272762,30.966530853749273],[79.66498822141146,30.98292153510606],[79.7171110960765,30.975996618197374],[79.75300753192396,31.007865027773963],[79.81636702565314,30.97393458103727],[79.8627145480691,30.9753570824682],[79.89025578792419,30.91863661395521],[79.91038712944452,30.915067839374597],[79.92909648297447,30.882433359571074],[79.96215289739088,30.8900200331917],[80.04203392189568,30.8358161634896],[80.05601755137941,30.841506236786614],[80.11090848491597,30.779295111276774],[80.17777080733698,30.804054575658725],[80.21490913993526,30.749061571651836],[80.2396635191054,30.7620588586786],[80.25051071194943,30.737136921431926],[80.23642214144112,30.69038376567978],[80.1997118893098,30.683047101302144],[80.1971583383326,30.662092240251617],[80.22116854458638,30.641815642394093],[80.21167076278932,30.622419945918427],[80.22683022187984,30.578944968572255],[80.25776006998987,30.558835943861464],[80.28306715758188,30.57219338992645],[80.38559198207714,30.515049869168383],[80.41557934702699,30.525334522725554],[80.53907844162086,30.449196884864595],[80.58020357820246,30.48093166347876],[80.59800884154505,30.478766267700138],[80.75196889019603,30.393503887548125],[80.8215708237318,30.315557565202134],[81.00554528723224,30.263092169653135],[81.03320801831158,30.246389546460218],[81.02710021689168,30.228455013322076],[81.04660553683375,30.210873549852156],[80.9500073407634,30.17825899345243],[80.91828113879099,30.189834428689675],[80.91971866840908,30.21419564765301],[80.90273266705697,30.215380752427567],[80.86776400369097,30.1738658117404],[80.8747716636085,30.126485645212416],[80.76103175383791,30.049516989228344],[80.74455545502839,30.003852904207605],[80.71896496702355,30.00057859733477],[80.67454792638357,29.957214675876706],[80.6018482519247,29.958126873442552],[80.57410987448276,29.924037693312595],[80.55312165812698,29.85133584234508],[80.50667699496907,29.823020302882135],[80.49385650496939,29.795804935437655],[80.43502786140024,29.80597352541365],[80.40694746092619,29.794740769889582],[80.39737336515972,29.75890821857114],[80.36641599049989,29.749187855700303],[80.38416981782575,29.675090429281703],[80.42025791187869,29.63833330392953],[80.40793903305077,29.59597186276528],[80.37848556469446,29.561053285578705],[80.34247042132418,29.552773492123084],[80.35788160920677,29.53276741038047],[80.34966954308952,29.51920845963587],[80.2869353117981,29.476976731357457],[80.30178427653055,29.452776115408668],[80.2756726844122,29.45851698366609],[80.24224020799761,29.44287581230693],[80.24206065594346,29.41153854064883],[80.27571242456739,29.39222299894682],[80.2714494166588,29.364365276481465],[80.31851021157607,29.3035017744847],[80.29062397949555,29.231814368872822],[80.29373270671691,29.197759891882477],[80.25262791758155,29.221440330730736],[80.24058882694695,29.202906189935003],[80.27270236293992,29.142418470979376],[80.23304356631961,29.118487504154828],[80.18319036017822,29.13718471883438],[80.14479018728754,29.10219855467622],[80.12450460515387,29.0130694941399],[80.13541855309559,29.00739607183163],[80.11792428264242,28.981547500115056],[80.10054704906716,28.98690383562539],[80.05846925094441,28.91662610044723],[80.06173597884609,28.783195029767807],[80.03013183790034,28.748634161470132],[79.95424890316261,28.722831034720354],[79.92407852238023,28.773163146471894],[79.9398196792237,28.787716827998608],[79.90135952848624,28.781975746448197],[79.87305770459459,28.797283075587703],[79.87848904412955,28.814834288803976],[79.91552188372806,28.804273922538552],[79.88822178716858,28.83655786810898],[79.86318918907605,28.840216755641684],[79.8463039720242,28.823176165464734],[79.8493409876226,28.79963756929163],[79.80803286696012,28.800908115749365],[79.83717240106246,28.832349691439575],[79.82381700013073,28.83901018158894],[79.83677971479055,28.83991746775724],[79.83073915678918,28.855229725398782],[79.84063214023779,28.84767609050896],[79.84960064067062,28.859297248694975],[79.82929499094843,28.88445404050247],[79.74907083327984,28.871768329345265],[79.70666930110941,28.841009202792613],[79.65604910746416,28.86976969963711],[79.5843616263607,28.846272736930956],[79.57348979972168,28.854646516610302],[79.58426957397556,28.879180226764625],[79.55647897959064,28.8992599437353],[79.52178107145498,28.864744930792728],[79.45163792213098,28.87162817974077],[79.44045795813197,28.86173883833613],[79.42490345085699,28.86812072802614],[79.41900846345963,28.9400316068582],[79.38732630895205,28.949695019129294],[79.37235911463304,28.987471547968113],[79.36470161182942,28.968074908683622],[79.31190223188224,28.97705823731053],[79.30726594150694,28.966467617109963],[79.21173319451552,29.02756491331024],[79.17105591382759,29.01186936249833],[79.16235008539176,29.029209857984775],[79.17510755421429,29.046246638182506],[79.14250307517729,29.066947263206877],[79.15350075676416,29.115184654239236],[79.12686664958534,29.13268487137895],[79.11189924918608,29.127924205383184],[79.03583965538229,29.16939207643099],[79.03740072797343,29.14482315280562],[79.01782105656119,29.153840292268193],[79.01692063937423,29.13077211546995],[79.04063222376523,29.12766689973057],[79.02669875577658,29.112417071396013],[79.00816992253765,29.11191106410938],[78.9823433621691,29.14304600650981],[78.95644526110829,29.11988797232419],[78.90633439388462,29.12501402137215],[78.91875811692503,29.135534517251173],[78.90875010087235,29.178561821098736],[78.87521611353947,29.20516822301457],[78.87448010896293,29.23024848583496],[78.85833880417208,29.24184119654664],[78.80737036478453,29.23667882617607],[78.7650154758811,29.279305918062395],[78.7226905332909,29.299318687341827],[78.71858795410655,29.30664065049283],[78.73445342333613,29.302939730153387],[78.73366884399336,29.32190354530843],[78.75031816411739,29.317354633424777],[78.76655142223666,29.337401127708198],[78.79344746380856,29.328166786536332],[78.78955082333864,29.315296382690022],[78.79591068983737,29.311765210590877],[78.82473279090253,29.367130794406275],[78.84986804106063,29.344817125162628],[78.94233227321992,29.43857088927231],[78.7996728721579,29.464574881455402],[78.61773224512258,29.558026725488745],[78.53267397803111,29.638749852812868],[78.51654239515864,29.719401685192945],[78.50096428268536,29.732904815838364],[78.33565855313056,29.79660563721377],[78.25975163201088,29.738336740911535],[78.20392179961956,29.737265235589653],[78.19603035958703,29.69267623086194],[78.17162224664898,29.69157045352107],[78.13053796878528,29.65253757419728],[78.08146288420181,29.635142170159583],[78.0866882475392,29.625032654068622],[78.05747174786987,29.630686886647137],[78.01828370222073,29.598199084374276],[78.02159921027005,29.580852302854627],[77.99516496378348,29.59579577755605],[77.96749704519594,29.58006510634535],[77.93330234202466,29.60051485380287],[77.94842095190658,29.61691446883177],[77.97768975670301,29.61344546546191],[77.9837870229824,29.643637076345385],[77.9398945134284,29.696083132209584],[77.9530184000058,29.70734714112544],[77.88264662644278,29.70242757696858],[77.83004879949115,29.668299457799606],[77.79905361133349,29.68619142027723],[77.81048343659428,29.702371126022484],[77.76973103665324,29.717602345961776],[77.78267802444927,29.736237864424993],[77.76952930547442,29.74533812177916],[77.77467393909744,29.791021717586673],[77.75157931733534,29.810679553904574],[77.74188930481412,29.851845489288365],[77.71429788146612,29.86945451279737],[77.74777630422524,29.911165939866112],[77.73047164572218,29.931694976938523],[77.76038122366856,29.964454202371503],[77.74371430956239,29.98335588197635],[77.78198444326497,30.018627533848687],[77.77113865570232,30.048021868789473],[77.80119497673886,30.095477361070813],[77.82805373742636,30.08591740508573],[77.86041554550752,30.11319254704352],[77.91893521810381,30.211278737106372],[77.96169728192709,30.242369322205093],[77.8465256656354,30.271640993705745],[77.72184873314329,30.330206844946808],[77.65664750103615,30.40093945227963],[77.57603663253236,30.397385603006427],[77.57231569085921,30.410450704202326],[77.81852474834236,30.508069158281323],[77.81785387937698,30.56102426606872],[77.7740286113833,30.557841773764842],[77.74287260433059,30.593849475152556],[77.74609904969016,30.603893821575134],[77.77167350886931,30.59690199476092],[77.77111068822245,30.616376095153843],[77.79625782246377,30.613646993200238],[77.78123451258725,30.646668900940675],[77.79208861904057,30.660165787602764],[77.74740736215368,30.679850688137957],[77.75582050592375,30.706924791556347],[77.73319040305483,30.735335208294497],[77.70505038013455,30.74274756618942],[77.7037782361091,30.76516082243272],[77.76127873010758,30.826065717220892],[77.74402067579722,30.84659379831867],[77.7582245229595,30.876797794933342],[77.80568282955417,30.85321365757652],[77.81329921567009,30.921868362319124],[77.76279690307983,30.918180921539417],[77.74900679092009,30.953480023974656],[77.77238443502814,30.974348208286038],[77.81398061446502,30.95383182224931],[77.8375935320052,30.95317137387316],[77.81437538782147,30.961783924231618],[77.83181792522174,30.99399343154918],[77.80751090216617,31.01621317554583],[77.81145330253767,31.03163261766826],[77.82982264797947,31.02875936085117],[77.81135734768829,31.059100582203687],[77.85123568360153,31.073366526777757],[77.8987361811393,31.150230899409493],[77.9673234875194,31.173366563550356],[77.9847200477491,31.15695355156317],[78.03034198292453,31.150967707823472],[78.0426405643907,31.178503980014966],[78.10362150031372,31.18538023753054],[78.1602264424958,31.225477469498504],[78.21244284458918,31.21956922589021],[78.22032410265143,31.23394234336825],[78.24695287259091,31.230407145161365],[78.28286695882184,31.26621085359987],[78.30632745253506,31.259893178495457],[78.31115818725966,31.28314416043167],[78.37031584123902,31.286334400450443],[78.3961721896619,31.275309534828743],[78.40695177353793,31.24218790022729],[78.43425150305933,31.254582152173363],[78.45571144827748,31.241019556469364],[78.48375243473409,31.198937200756944],[78.55162324789177,31.199909561546878],[78.57824136051556,31.225259102639924],[78.60934293549568,31.229260102491622],[78.647039894862,31.214717651846378],[78.65800636833355,31.185039443929718],[78.6719021465091,31.196880280860647],[78.76517682643593,31.18575595560274],[78.80991373182859,31.19828461324356],[78.83120598296996,31.140595802636486],[78.88543474332123,31.098722500064397],[79.00891700775549,31.10992404057424],[78.98590870680253,31.17383201437237],[78.95753158285136,31.186594265727265],[78.94772517375806,31.216774784784548],[78.92604763354674,31.220069909035782],[78.91170307530169,31.252999889475873],[78.93706960980985,31.260616611730715],[78.94759144478884,31.319515146320065],[79.01083236182365,31.357082979934702],[79.06424459474759,31.462079481339412],[79.14356660318235,31.425466492688127],[79.19221186204831,31.362814225037148],[79.24647535399816,31.33003947173106],[79.23921284880204,31.314206729596968],[79.27185560312219,31.283185725972952],[79.25028460802363,31.255364481299573]]]}}]}